[  557.244327] KernelSU: tp_marker: unmark process: pid:10271, uid: 10249, comm:GoogleApiHandle
[  557.244330] KernelSU: tp_marker: unmark process: pid:10272, uid: 10249, comm:HwBinder:10250_
[  557.244333] KernelSU: tp_marker: unmark process: pid:10278, uid: 10249, comm:Scheduler Threa
[  557.244337] KernelSU: tp_marker: unmark process: pid:10313, uid: 10249, comm:BG Thread #0
[  557.244340] KernelSU: tp_marker: unmark process: pid:10314, uid: 10249, comm:pool-2-thread-1
[  557.244343] KernelSU: tp_marker: unmark process: pid:10334, uid: 10249, comm:DSEServiceExecu
[  557.244347] KernelSU: tp_marker: unmark process: pid:10335, uid: 10249, comm:binder:10250_3
[  557.244350] KernelSU: tp_marker: unmark process: pid:11570, uid: 10249, comm:Primes-2
[  557.244356] KernelSU: tp_marker: unmark process: pid:10268, uid: 10510, comm:m.ghostlock.app
[  557.244360] KernelSU: tp_marker: unmark process: pid:10275, uid: 10510, comm:Signal Catcher
[  557.244363] KernelSU: tp_marker: unmark process: pid:10280, uid: 10510, comm:perfetto_hprof_
[  557.244366] KernelSU: tp_marker: unmark process: pid:10281, uid: 10510, comm:ADB-JDWP Connec
[  557.244370] KernelSU: tp_marker: unmark process: pid:10282, uid: 10510, comm:Jit thread pool
[  557.244373] KernelSU: tp_marker: unmark process: pid:10283, uid: 10510, comm:HeapTaskDaemon
[  557.244377] KernelSU: tp_marker: unmark process: pid:10284, uid: 10510, comm:ReferenceQueueD
[  557.244380] KernelSU: tp_marker: unmark process: pid:10285, uid: 10510, comm:FinalizerDaemon
[  557.244384] KernelSU: tp_marker: unmark process: pid:10286, uid: 10510, comm:FinalizerWatchd
[  557.244387] KernelSU: tp_marker: unmark process: pid:10287, uid: 10510, comm:binder:10268_1
[  557.244392] KernelSU: tp_marker: unmark process: pid:10294, uid: 10510, comm:binder:10268_2
[  557.244395] KernelSU: tp_marker: unmark process: pid:10295, uid: 10510, comm:binder:10268_3
[  557.244400] KernelSU: tp_marker: unmark process: pid:10317, uid: 10510, comm:Profile Saver
[  557.244403] KernelSU: tp_marker: unmark process: pid:10319, uid: 10510, comm:binder:10268_4
[  557.244407] KernelSU: tp_marker: unmark process: pid:14540, uid: 10510, comm:binder:10268_5
[  557.244410] KernelSU: tp_marker: unmark process: pid:14542, uid: 10510, comm:RenderThread
[  557.244413] KernelSU: tp_marker: unmark process: pid:14548, uid: 10510, comm:DefaultDispatch
[  557.244417] KernelSU: tp_marker: unmark process: pid:14549, uid: 10510, comm:DefaultDispatch
[  557.244421] KernelSU: tp_marker: unmark process: pid:14550, uid: 10510, comm:DefaultDispatch
[  557.244424] KernelSU: tp_marker: unmark process: pid:14552, uid: 10510, comm:DefaultDispatch
[  557.244428] KernelSU: tp_marker: unmark process: pid:14553, uid: 10510, comm:VsyncReceiver
[  557.244432] KernelSU: tp_marker: unmark process: pid:14557, uid: 10510, comm:SurfaceSyncGrou
[  557.244436] KernelSU: tp_marker: unmark process: pid:14558, uid: 10510, comm:hwuiTask0
[  557.244441] KernelSU: tp_marker: unmark process: pid:14559, uid: 10510, comm:hwuiTask1
[  557.244445] KernelSU: tp_marker: unmark process: pid:14564, uid: 10510, comm:binder:10268_5
[  557.244448] KernelSU: tp_marker: unmark process: pid:14569, uid: 10510, comm:ksu-log-tailer
[  557.244451] KernelSU: tp_marker: unmark process: pid:14571, uid: 10510, comm:process reaper
[  557.244458] KernelSU: tp_marker: mark process: pid:10321, uid: 10450, comm:bin.mt.plus
[  557.244462] KernelSU: tp_marker: mark process: pid:10322, uid: 10450, comm:Signal Catcher
[  557.244465] KernelSU: tp_marker: mark process: pid:10323, uid: 10450, comm:perfetto_hprof_
[  557.244469] KernelSU: tp_marker: mark process: pid:10324, uid: 10450, comm:Jit thread pool
[  557.244472] KernelSU: tp_marker: mark process: pid:10325, uid: 10450, comm:HeapTaskDaemon
[  557.244476] KernelSU: tp_marker: mark process: pid:10326, uid: 10450, comm:ReferenceQueueD
[  557.244479] KernelSU: tp_marker: mark process: pid:10327, uid: 10450, comm:FinalizerDaemon
[  557.244482] KernelSU: tp_marker: mark process: pid:10328, uid: 10450, comm:FinalizerWatchd
[  557.244486] KernelSU: tp_marker: mark process: pid:10329, uid: 10450, comm:binder:10321_1
[  557.244490] KernelSU: tp_marker: mark process: pid:10330, uid: 10450, comm:binder:10321_2
[  557.244494] KernelSU: tp_marker: mark process: pid:10331, uid: 10450, comm:binder:10321_3
[  557.244498] KernelSU: tp_marker: mark process: pid:10336, uid: 10450, comm:Profile Saver
[  557.244501] KernelSU: tp_marker: mark process: pid:10355, uid: 10450, comm:MLog
[  557.244504] KernelSU: tp_marker: mark process: pid:10359, uid: 10450, comm:binder:10321_4
[  557.244508] KernelSU: tp_marker: mark process: pid:10365, uid: 10450, comm:process reaper
[  557.244511] KernelSU: tp_marker: mark process: pid:10369, uid: 10450, comm:mtio-idle-clean
[  557.244514] KernelSU: tp_marker: mark process: pid:10371, uid: 10450, comm:Custom-Looper
[  557.244518] KernelSU: tp_marker: mark process: pid:10372, uid: 10450, comm:pool-4-thread-1
[  557.244522] KernelSU: tp_marker: mark process: pid:10373, uid: 10450, comm:pool-4-thread-2
[  557.244526] KernelSU: tp_marker: mark process: pid:10379, uid: 10450, comm:|ANR-WatchDog|
[  557.244531] KernelSU: tp_marker: mark process: pid:10380, uid: 10450, comm:pool-4-thread-3
[  557.244534] KernelSU: tp_marker: mark process: pid:10396, uid: 10450, comm:work_thread
[  557.244538] KernelSU: tp_marker: mark process: pid:10419, uid: 10450, comm:NetWorkSender
[  557.244542] KernelSU: tp_marker: mark process: pid:10421, uid: 10450, comm:FileObserver
[  557.244546] KernelSU: tp_marker: mark process: pid:10440, uid: 10450, comm:ZIDThreadPoolEx
[  557.244550] KernelSU: tp_marker: mark process: pid:10591, uid: 10450, comm:OkHttp Connecti
[  557.244554] KernelSU: tp_marker: mark process: pid:10691, uid: 10450, comm:Okio Watchdog
[  557.244558] KernelSU: tp_marker: mark process: pid:11061, uid: 10450, comm:Regex-Timeout-T
[  557.244563] KernelSU: tp_marker: unmark process: pid:10337, uid: 10223, comm:roid.apps.turbo
[  557.244567] KernelSU: tp_marker: unmark process: pid:10338, uid: 10223, comm:Signal Catcher
[  557.244571] KernelSU: tp_marker: unmark process: pid:10339, uid: 10223, comm:perfetto_hprof_
[  557.244573] KernelSU: tp_marker: unmark process: pid:10340, uid: 10223, comm:Jit thread pool
[  557.244577] KernelSU: tp_marker: unmark process: pid:10341, uid: 10223, comm:HeapTaskDaemon
[  557.244581] KernelSU: tp_marker: unmark process: pid:10342, uid: 10223, comm:ReferenceQueueD
[  557.244585] KernelSU: tp_marker: unmark process: pid:10343, uid: 10223, comm:FinalizerDaemon
[  557.244589] KernelSU: tp_marker: unmark process: pid:10344, uid: 10223, comm:FinalizerWatchd
[  557.244593] KernelSU: tp_marker: unmark process: pid:10345, uid: 10223, comm:binder:10337_1
[  557.244597] KernelSU: tp_marker: unmark process: pid:10346, uid: 10223, comm:binder:10337_2
[  557.244601] KernelSU: tp_marker: unmark process: pid:10347, uid: 10223, comm:binder:10337_3
[  557.244605] KernelSU: tp_marker: unmark process: pid:10350, uid: 10223, comm:Profile Saver
[  557.244608] KernelSU: tp_marker: unmark process: pid:10356, uid: 10223, comm:Primes-1
[  557.244611] KernelSU: tp_marker: unmark process: pid:10357, uid: 10223, comm:Primes-2
[  557.244615] KernelSU: tp_marker: unmark process: pid:10368, uid: 10223, comm:HwBinder:10337_
[  557.244619] KernelSU: tp_marker: unmark process: pid:10374, uid: 10223, comm:AsyncQueryWorke
[  557.244624] KernelSU: tp_marker: unmark process: pid:10408, uid: 10223, comm:queued-work-loo
[  557.244627] KernelSU: tp_marker: unmark process: pid:10422, uid: 10223, comm:GoogleApiHandle
[  557.244630] KernelSU: tp_marker: unmark process: pid:11633, uid: 10223, comm:ProcessStablePh
[  557.244634] KernelSU: tp_marker: unmark process: pid:13593, uid: 10223, comm:binder:10337_4
[  557.244638] KernelSU: tp_marker: unmark process: pid:13927, uid: 10223, comm:binder:10337_5
[  557.244644] KernelSU: tp_marker: unmark process: pid:10370, uid: 10479, comm:flar2.devcheck
[  557.244649] KernelSU: tp_marker: unmark process: pid:10376, uid: 10479, comm:Signal Catcher
[  557.244653] KernelSU: tp_marker: unmark process: pid:10377, uid: 10479, comm:perfetto_hprof_
[  557.244657] KernelSU: tp_marker: unmark process: pid:10378, uid: 10479, comm:Jit thread pool
[  557.244661] KernelSU: tp_marker: unmark process: pid:10381, uid: 10479, comm:HeapTaskDaemon
[  557.244665] KernelSU: tp_marker: unmark process: pid:10382, uid: 10479, comm:ReferenceQueueD
[  557.244669] KernelSU: tp_marker: unmark process: pid:10383, uid: 10479, comm:FinalizerDaemon
[  557.244673] KernelSU: tp_marker: unmark process: pid:10384, uid: 10479, comm:FinalizerWatchd
[  557.244676] KernelSU: tp_marker: unmark process: pid:10385, uid: 10479, comm:binder:10370_1
[  557.244679] KernelSU: tp_marker: unmark process: pid:10386, uid: 10479, comm:binder:10370_2
[  557.244683] KernelSU: tp_marker: unmark process: pid:10387, uid: 10479, comm:binder:10370_3
[  557.244686] KernelSU: tp_marker: unmark process: pid:10410, uid: 10479, comm:Thread-2
[  557.244690] KernelSU: tp_marker: unmark process: pid:10413, uid: 10479, comm:Thread-3
[  557.244694] KernelSU: tp_marker: unmark process: pid:10414, uid: 10479, comm:Profile Saver
[  557.244698] KernelSU: tp_marker: unmark process: pid:10417, uid: 10479, comm:binder:10370_4
[  557.244702] KernelSU: tp_marker: unmark process: pid:10426, uid: 10479, comm:pool-2-thread-1
[  557.244705] KernelSU: tp_marker: unmark process: pid:10427, uid: 10479, comm:pool-2-thread-2
[  557.244708] KernelSU: tp_marker: unmark process: pid:10429, uid: 10479, comm:GoogleApiHandle
[  557.244713] KernelSU: tp_marker: unmark process: pid:10430, uid: 10479, comm:pool-5-thread-1
[  557.244717] KernelSU: tp_marker: unmark process: pid:10431, uid: 10479, comm:pool-4-thread-1
[  557.244721] KernelSU: tp_marker: unmark process: pid:10432, uid: 10479, comm:pool-2-thread-3
[  557.244724] KernelSU: tp_marker: unmark process: pid:10437, uid: 10479, comm:ExpressIntegrit
[  557.244727] KernelSU: tp_marker: unmark process: pid:10442, uid: 10479, comm:queued-work-loo
[  557.244730] KernelSU: tp_marker: unmark process: pid:10450, uid: 10479, comm:PlayBillingLibr
[  557.244733] KernelSU: tp_marker: unmark process: pid:10863, uid: 10479, comm:PlayBillingLibr
[  557.244736] KernelSU: tp_marker: unmark process: pid:10864, uid: 10479, comm:PlayBillingLibr
[  557.244740] KernelSU: tp_marker: unmark process: pid:10865, uid: 10479, comm:PlayBillingLibr
[  557.244744] KernelSU: tp_marker: unmark process: pid:10866, uid: 10479, comm:PlayBillingLibr
[  557.244747] KernelSU: tp_marker: unmark process: pid:10867, uid: 10479, comm:PlayBillingLibr
[  557.244750] KernelSU: tp_marker: unmark process: pid:11021, uid: 10479, comm:PlayBillingLibr
[  557.244755] KernelSU: tp_marker: unmark process: pid:10392, uid: 10223, comm:.apps.turbo:aab
[  557.244759] KernelSU: tp_marker: unmark process: pid:10394, uid: 10223, comm:Signal Catcher
[  557.244762] KernelSU: tp_marker: unmark process: pid:10395, uid: 10223, comm:perfetto_hprof_
[  557.244766] KernelSU: tp_marker: unmark process: pid:10397, uid: 10223, comm:Jit thread pool
[  557.244769] KernelSU: tp_marker: unmark process: pid:10398, uid: 10223, comm:HeapTaskDaemon
[  557.244774] KernelSU: tp_marker: unmark process: pid:10399, uid: 10223, comm:ReferenceQueueD
[  557.244777] KernelSU: tp_marker: unmark process: pid:10400, uid: 10223, comm:FinalizerDaemon
[  557.244781] KernelSU: tp_marker: unmark process: pid:10401, uid: 10223, comm:FinalizerWatchd
[  557.244784] KernelSU: tp_marker: unmark process: pid:10402, uid: 10223, comm:binder:10392_1
[  557.244787] KernelSU: tp_marker: unmark process: pid:10404, uid: 10223, comm:binder:10392_2
[  557.244790] KernelSU: tp_marker: unmark process: pid:10407, uid: 10223, comm:Profile Saver
[  557.244794] KernelSU: tp_marker: unmark process: pid:10411, uid: 10223, comm:Primes-1
[  557.244798] KernelSU: tp_marker: unmark process: pid:10412, uid: 10223, comm:Primes-2
[  557.244801] KernelSU: tp_marker: unmark process: pid:10415, uid: 10223, comm:HwBinder:10392_
[  557.244805] KernelSU: tp_marker: unmark process: pid:10416, uid: 10223, comm:AsyncTask #1
[  557.244809] KernelSU: tp_marker: unmark process: pid:10640, uid: 10223, comm:GoogleApiHandle
[  557.244812] KernelSU: tp_marker: unmark process: pid:10666, uid: 10223, comm:binder:10392_3
[  557.244816] KernelSU: tp_marker: unmark process: pid:10783, uid: 10223, comm:pool-3-thread-1
[  557.244820] KernelSU: tp_marker: unmark process: pid:11658, uid: 10223, comm:ProcessStablePh
[  557.244824] KernelSU: tp_marker: unmark process: pid:13673, uid: 10223, comm:binder:10392_4
[  557.244829] KernelSU: tp_marker: unmark process: pid:13688, uid: 10223, comm:arch_disk_io_0
[  557.244832] KernelSU: tp_marker: unmark process: pid:13695, uid: 10223, comm:queued-work-loo
[  557.244838] KernelSU: tp_marker: unmark process: pid:10428, uid: 10223, comm:.apps.turbo:ssb
[  557.244842] KernelSU: tp_marker: unmark process: pid:10439, uid: 10223, comm:Signal Catcher
[  557.244846] KernelSU: tp_marker: unmark process: pid:10441, uid: 10223, comm:perfetto_hprof_
[  557.244849] KernelSU: tp_marker: unmark process: pid:10443, uid: 10223, comm:Jit thread pool
[  557.244852] KernelSU: tp_marker: unmark process: pid:10444, uid: 10223, comm:HeapTaskDaemon
[  557.244855] KernelSU: tp_marker: unmark process: pid:10445, uid: 10223, comm:ReferenceQueueD
[  557.244859] KernelSU: tp_marker: unmark process: pid:10446, uid: 10223, comm:FinalizerDaemon
[  557.244863] KernelSU: tp_marker: unmark process: pid:10447, uid: 10223, comm:FinalizerWatchd
[  557.244866] KernelSU: tp_marker: unmark process: pid:10448, uid: 10223, comm:binder:10428_1
[  557.244869] KernelSU: tp_marker: unmark process: pid:10449, uid: 10223, comm:binder:10428_2
[  557.244874] KernelSU: tp_marker: unmark process: pid:10455, uid: 10223, comm:binder:10428_3
[  557.244877] KernelSU: tp_marker: unmark process: pid:10461, uid: 10223, comm:Profile Saver
[  557.244880] KernelSU: tp_marker: unmark process: pid:10463, uid: 10223, comm:Primes-1
[  557.244884] KernelSU: tp_marker: unmark process: pid:10464, uid: 10223, comm:Primes-2
[  557.244888] KernelSU: tp_marker: unmark process: pid:10468, uid: 10223, comm:HwBinder:10428_
[  557.244893] KernelSU: tp_marker: unmark process: pid:10469, uid: 10223, comm:AsyncTask #1
[  557.244896] KernelSU: tp_marker: unmark process: pid:11651, uid: 10223, comm:ProcessStablePh
[  557.244900] KernelSU: tp_marker: unmark process: pid:11684, uid: 10223, comm:GoogleApiHandle
[  557.244905] KernelSU: tp_marker: unmark process: pid:10438, uid: 10474, comm:top.nkbe.npatch
[  557.244908] KernelSU: tp_marker: unmark process: pid:10451, uid: 10474, comm:Signal Catcher
[  557.244911] KernelSU: tp_marker: unmark process: pid:10452, uid: 10474, comm:perfetto_hprof_
[  557.244915] KernelSU: tp_marker: unmark process: pid:10453, uid: 10474, comm:Jit thread pool
[  557.244918] KernelSU: tp_marker: unmark process: pid:10454, uid: 10474, comm:HeapTaskDaemon
[  557.244922] KernelSU: tp_marker: unmark process: pid:10456, uid: 10474, comm:ReferenceQueueD
[  557.244925] KernelSU: tp_marker: unmark process: pid:10457, uid: 10474, comm:FinalizerDaemon
[  557.244928] KernelSU: tp_marker: unmark process: pid:10458, uid: 10474, comm:FinalizerWatchd
[  557.244933] KernelSU: tp_marker: unmark process: pid:10459, uid: 10474, comm:binder:10438_1
[  557.244937] KernelSU: tp_marker: unmark process: pid:10460, uid: 10474, comm:binder:10438_2
[  557.244941] KernelSU: tp_marker: unmark process: pid:10462, uid: 10474, comm:binder:10438_3
[  557.244944] KernelSU: tp_marker: unmark process: pid:10466, uid: 10474, comm:Profile Saver
[  557.244948] KernelSU: tp_marker: unmark process: pid:10472, uid: 10474, comm:DefaultDispatch
[  557.244951] KernelSU: tp_marker: unmark process: pid:10473, uid: 10474, comm:DefaultDispatch
[  557.244955] KernelSU: tp_marker: unmark process: pid:10474, uid: 10474, comm:DefaultDispatch
[  557.244958] KernelSU: tp_marker: unmark process: pid:10475, uid: 10474, comm:DefaultDispatch
[  557.244961] KernelSU: tp_marker: unmark process: pid:10563, uid: 10474, comm:DefaultDispatch
[  557.244965] KernelSU: tp_marker: unmark process: pid:10564, uid: 10474, comm:DefaultDispatch
[  557.244969] KernelSU: tp_marker: unmark process: pid:10565, uid: 10474, comm:DefaultDispatch
[  557.244973] KernelSU: tp_marker: unmark process: pid:10566, uid: 10474, comm:DefaultDispatch
[  557.244977] KernelSU: tp_marker: unmark process: pid:10567, uid: 10474, comm:DefaultDispatch
[  557.244980] KernelSU: tp_marker: unmark process: pid:10569, uid: 10474, comm:DefaultDispatch
[  557.244983] KernelSU: tp_marker: unmark process: pid:10568, uid: 10474, comm:DefaultDispatch
[  557.244987] KernelSU: tp_marker: unmark process: pid:10570, uid: 10474, comm:DefaultDispatch
[  557.244991] KernelSU: tp_marker: unmark process: pid:10572, uid: 10474, comm:DefaultDispatch
[  557.244994] KernelSU: tp_marker: unmark process: pid:10574, uid: 10474, comm:DefaultDispatch
[  557.244998] KernelSU: tp_marker: unmark process: pid:10575, uid: 10474, comm:DefaultDispatch
[  557.245002] KernelSU: tp_marker: unmark process: pid:10576, uid: 10474, comm:DefaultDispatch
[  557.245006] KernelSU: tp_marker: unmark process: pid:10577, uid: 10474, comm:DefaultDispatch
[  557.245010] KernelSU: tp_marker: unmark process: pid:11115, uid: 10474, comm:arch_disk_io_0
[  557.245014] KernelSU: tp_marker: unmark process: pid:11198, uid: 10474, comm:arch_disk_io_1
[  557.245018] KernelSU: tp_marker: unmark process: pid:11207, uid: 10474, comm:arch_disk_io_2
[  557.245022] KernelSU: tp_marker: unmark process: pid:11211, uid: 10474, comm:arch_disk_io_3
[  557.245027] KernelSU: tp_marker: unmark process: pid:10471, uid: 10303, comm:ndroid.calendar
[  557.245030] KernelSU: tp_marker: unmark process: pid:10478, uid: 10303, comm:Signal Catcher
[  557.245033] KernelSU: tp_marker: unmark process: pid:10479, uid: 10303, comm:perfetto_hprof_
[  557.245037] KernelSU: tp_marker: unmark process: pid:10480, uid: 10303, comm:Jit thread pool
[  557.245041] KernelSU: tp_marker: unmark process: pid:10481, uid: 10303, comm:HeapTaskDaemon
[  557.245045] KernelSU: tp_marker: unmark process: pid:10482, uid: 10303, comm:ReferenceQueueD
[  557.245049] KernelSU: tp_marker: unmark process: pid:10483, uid: 10303, comm:FinalizerDaemon
[  557.245052] KernelSU: tp_marker: unmark process: pid:10484, uid: 10303, comm:FinalizerWatchd
[  557.245055] KernelSU: tp_marker: unmark process: pid:10486, uid: 10303, comm:binder:10471_1
[  557.245058] KernelSU: tp_marker: unmark process: pid:10487, uid: 10303, comm:binder:10471_2
[  557.245063] KernelSU: tp_marker: unmark process: pid:10488, uid: 10303, comm:binder:10471_3
[  557.245066] KernelSU: tp_marker: unmark process: pid:10494, uid: 10303, comm:Profile Saver
[  557.245071] KernelSU: tp_marker: unmark process: pid:10498, uid: 10303, comm:ProcessStablePh
[  557.245075] KernelSU: tp_marker: unmark process: pid:10501, uid: 10303, comm:GoogleApiHandle
[  557.245078] KernelSU: tp_marker: unmark process: pid:10506, uid: 10303, comm:BACKGROUND_0
[  557.245081] KernelSU: tp_marker: unmark process: pid:10507, uid: 10303, comm:queued-work-loo
[  557.245085] KernelSU: tp_marker: unmark process: pid:10508, uid: 10303, comm:BACKGROUND_1
[  557.245089] KernelSU: tp_marker: unmark process: pid:10509, uid: 10303, comm:ConnectivityThr
[  557.245092] KernelSU: tp_marker: unmark process: pid:10510, uid: 10303, comm:Primes-1
[  557.245095] KernelSU: tp_marker: unmark process: pid:10511, uid: 10303, comm:Primes-nativecr
[  557.245099] KernelSU: tp_marker: unmark process: pid:10512, uid: 10303, comm:BACKGROUND_2
[  557.245103] KernelSU: tp_marker: unmark process: pid:10513, uid: 10303, comm:API_0
[  557.245107] KernelSU: tp_marker: unmark process: pid:10516, uid: 10303, comm:FlowExecutor-2-
[  557.245110] KernelSU: tp_marker: unmark process: pid:10517, uid: 10303, comm:BackgroundExecu
[  557.245114] KernelSU: tp_marker: unmark process: pid:10518, uid: 10303, comm:database-1-0
[  557.245117] KernelSU: tp_marker: unmark process: pid:10519, uid: 10303, comm:xplat-sql-4-0
[  557.245120] KernelSU: tp_marker: unmark process: pid:10521, uid: 10303, comm:BACKGROUND_3
[  557.245124] KernelSU: tp_marker: unmark process: pid:10522, uid: 10303, comm:BACKGROUND_4
[  557.245128] KernelSU: tp_marker: unmark process: pid:10524, uid: 10303, comm:NET_3
[  557.245132] KernelSU: tp_marker: unmark process: pid:10525, uid: 10303, comm:NET_2
[  557.245136] KernelSU: tp_marker: unmark process: pid:10526, uid: 10303, comm:NET_0
[  557.245140] KernelSU: tp_marker: unmark process: pid:10527, uid: 10303, comm:DISK_0
[  557.245143] KernelSU: tp_marker: unmark process: pid:10528, uid: 10303, comm:NET_1
[  557.245147] KernelSU: tp_marker: unmark process: pid:10529, uid: 10303, comm:sync-0-0
[  557.245150] KernelSU: tp_marker: unmark process: pid:10530, uid: 10303, comm:NET_7
[  557.245153] KernelSU: tp_marker: unmark process: pid:10531, uid: 10303, comm:NET_5
[  557.245156] KernelSU: tp_marker: unmark process: pid:10532, uid: 10303, comm:NET_6
[  557.245160] KernelSU: tp_marker: unmark process: pid:10533, uid: 10303, comm:NET_4
[  557.245163] KernelSU: tp_marker: unmark process: pid:10534, uid: 10303, comm:ernal.Finalizer
[  557.245167] KernelSU: tp_marker: unmark process: pid:10535, uid: 10303, comm:Firebase Backgr
[  557.245171] KernelSU: tp_marker: unmark process: pid:10538, uid: 10303, comm:Firebase Backgr
[  557.245174] KernelSU: tp_marker: unmark process: pid:10540, uid: 10303, comm:AndroidAsyncFil
[  557.245178] KernelSU: tp_marker: unmark process: pid:10541, uid: 10303, comm:Thread-17
[  557.245182] KernelSU: tp_marker: unmark process: pid:10542, uid: 10303, comm:Thread-18
[  557.245186] KernelSU: tp_marker: unmark process: pid:10543, uid: 10303, comm:api-5-0
[  557.245190] KernelSU: tp_marker: unmark process: pid:10544, uid: 10303, comm:Thread-19
[  557.245194] KernelSU: tp_marker: unmark process: pid:10545, uid: 10303, comm:sync-0-1
[  557.245197] KernelSU: tp_marker: unmark process: pid:10546, uid: 10303, comm:Thread-20
[  557.245201] KernelSU: tp_marker: unmark process: pid:10547, uid: 10303, comm:Thread-21
[  557.245205] KernelSU: tp_marker: unmark process: pid:10548, uid: 10303, comm:BACKGROUND_7
[  557.245208] KernelSU: tp_marker: unmark process: pid:10549, uid: 10303, comm:BACKGROUND_5
[  557.245212] KernelSU: tp_marker: unmark process: pid:10550, uid: 10303, comm:api-5-1
[  557.245215] KernelSU: tp_marker: unmark process: pid:10552, uid: 10303, comm:BACKGROUND_6
[  557.245219] KernelSU: tp_marker: unmark process: pid:10557, uid: 10303, comm:Firebase Backgr
[  557.245222] KernelSU: tp_marker: unmark process: pid:10558, uid: 10303, comm:DISK_1
[  557.245225] KernelSU: tp_marker: unmark process: pid:10559, uid: 10303, comm:AndroidAsyncFil
[  557.245229] KernelSU: tp_marker: unmark process: pid:10560, uid: 10303, comm:api-5-2
[  557.245233] KernelSU: tp_marker: unmark process: pid:10561, uid: 10303, comm:api-5-3
[  557.245236] KernelSU: tp_marker: unmark process: pid:10571, uid: 10303, comm:Firebase Backgr
[  557.245240] KernelSU: tp_marker: unmark process: pid:10578, uid: 10303, comm:DefaultDispatch
[  557.245243] KernelSU: tp_marker: unmark process: pid:10579, uid: 10303, comm:DefaultDispatch
[  557.245246] KernelSU: tp_marker: unmark process: pid:10580, uid: 10303, comm:DISK_2
[  557.245250] KernelSU: tp_marker: unmark process: pid:10581, uid: 10303, comm:DISK_3
[  557.245253] KernelSU: tp_marker: unmark process: pid:10582, uid: 10303, comm:xplat-internal-
[  557.245256] KernelSU: tp_marker: unmark process: pid:10601, uid: 10303, comm:xplat-sql-8-0
[  557.245259] KernelSU: tp_marker: unmark process: pid:10617, uid: 10303, comm:xplat-sql-6-0
[  557.245262] KernelSU: tp_marker: unmark process: pid:10619, uid: 10303, comm:xplat-sql-7-0
[  557.245266] KernelSU: tp_marker: unmark process: pid:10639, uid: 10303, comm:OneGoogle #0
[  557.245270] KernelSU: tp_marker: unmark process: pid:10694, uid: 10303, comm:DefaultDispatch
[  557.245273] KernelSU: tp_marker: unmark process: pid:10726, uid: 10303, comm:DefaultDispatch
[  557.245276] KernelSU: tp_marker: unmark process: pid:10728, uid: 10303, comm:DefaultDispatch
[  557.245279] KernelSU: tp_marker: unmark process: pid:10729, uid: 10303, comm:DefaultDispatch
[  557.245282] KernelSU: tp_marker: unmark process: pid:11660, uid: 10303, comm:Primes-2
[  557.245286] KernelSU: tp_marker: unmark process: pid:13059, uid: 10303, comm:binder:10471_4
[  557.245289] KernelSU: tp_marker: unmark process: pid:13890, uid: 10303, comm:binder:10471_5
[  557.245296] KernelSU: tp_marker: unmark process: pid:10600, uid: 10219, comm:on.gearhead:car
[  557.245299] KernelSU: tp_marker: unmark process: pid:10602, uid: 10219, comm:Signal Catcher
[  557.245302] KernelSU: tp_marker: unmark process: pid:10603, uid: 10219, comm:perfetto_hprof_
[  557.245307] KernelSU: tp_marker: unmark process: pid:10604, uid: 10219, comm:ADB-JDWP Connec
[  557.245310] KernelSU: tp_marker: unmark process: pid:10605, uid: 10219, comm:Jit thread pool
[  557.245313] KernelSU: tp_marker: unmark process: pid:10606, uid: 10219, comm:HeapTaskDaemon
[  557.245316] KernelSU: tp_marker: unmark process: pid:10607, uid: 10219, comm:ReferenceQueueD
[  557.245319] KernelSU: tp_marker: unmark process: pid:10608, uid: 10219, comm:FinalizerDaemon
[  557.245323] KernelSU: tp_marker: unmark process: pid:10609, uid: 10219, comm:FinalizerWatchd
[  557.245326] KernelSU: tp_marker: unmark process: pid:10610, uid: 10219, comm:binder:10600_1
[  557.245329] KernelSU: tp_marker: unmark process: pid:10611, uid: 10219, comm:binder:10600_2
[  557.245332] KernelSU: tp_marker: unmark process: pid:10615, uid: 10219, comm:binder:10600_3
[  557.245336] KernelSU: tp_marker: unmark process: pid:10618, uid: 10219, comm:Profile Saver
[  557.245339] KernelSU: tp_marker: unmark process: pid:10620, uid: 10219, comm:pool-2-thread-1
[  557.245343] KernelSU: tp_marker: unmark process: pid:10621, uid: 10219, comm:Primes-1
[  557.245346] KernelSU: tp_marker: unmark process: pid:10622, uid: 10219, comm:pool-3-thread-1
[  557.245350] KernelSU: tp_marker: unmark process: pid:10623, uid: 10219, comm:pool-3-thread-2
[  557.245354] KernelSU: tp_marker: unmark process: pid:10624, uid: 10219, comm:pool-3-thread-3
[  557.245358] KernelSU: tp_marker: unmark process: pid:10626, uid: 10219, comm:GoogleApiHandle
[  557.245362] KernelSU: tp_marker: unmark process: pid:10627, uid: 10219, comm:HwBinder:10600_
[  557.245365] KernelSU: tp_marker: unmark process: pid:10628, uid: 10219, comm:DisconnectMonit
[  557.245369] KernelSU: tp_marker: unmark process: pid:10631, uid: 10219, comm:CarService
[  557.245372] KernelSU: tp_marker: unmark process: pid:10637, uid: 10219, comm:queued-work-loo
[  557.245375] KernelSU: tp_marker: unmark process: pid:10659, uid: 10219, comm:ProjectionPower
[  557.245378] KernelSU: tp_marker: unmark process: pid:10779, uid: 10219, comm:GmsDynamite
[  557.245382] KernelSU: tp_marker: unmark process: pid:11746, uid: 10219, comm:Primes-2
[  557.245388] KernelSU: tp_marker: unmark process: pid:10651, uid: 10248, comm:d.configupdater
[  557.245392] KernelSU: tp_marker: unmark process: pid:10652, uid: 10248, comm:Signal Catcher
[  557.245394] KernelSU: tp_marker: unmark process: pid:10653, uid: 10248, comm:perfetto_hprof_
[  557.245398] KernelSU: tp_marker: unmark process: pid:10654, uid: 10248, comm:Jit thread pool
[  557.245401] KernelSU: tp_marker: unmark process: pid:10655, uid: 10248, comm:HeapTaskDaemon
[  557.245405] KernelSU: tp_marker: unmark process: pid:10656, uid: 10248, comm:ReferenceQueueD
[  557.245409] KernelSU: tp_marker: unmark process: pid:10657, uid: 10248, comm:FinalizerDaemon
[  557.245413] KernelSU: tp_marker: unmark process: pid:10658, uid: 10248, comm:FinalizerWatchd
[  557.245415] KernelSU: tp_marker: unmark process: pid:10660, uid: 10248, comm:binder:10651_1
[  557.245419] KernelSU: tp_marker: unmark process: pid:10661, uid: 10248, comm:binder:10651_2
[  557.245423] KernelSU: tp_marker: unmark process: pid:10662, uid: 10248, comm:binder:10651_3
[  557.245428] KernelSU: tp_marker: unmark process: pid:10663, uid: 10248, comm:Profile Saver
[  557.245433] KernelSU: tp_marker: unmark process: pid:10665, uid: 10248, comm:HwBinder:10651_
[  557.245438] KernelSU: tp_marker: unmark process: pid:10668, uid: 10279, comm:ogle.android.gm
[  557.245443] KernelSU: tp_marker: unmark process: pid:10677, uid: 10279, comm:Signal Catcher
[  557.245446] KernelSU: tp_marker: unmark process: pid:10678, uid: 10279, comm:perfetto_hprof_
[  557.245450] KernelSU: tp_marker: unmark process: pid:10679, uid: 10279, comm:ADB-JDWP Connec
[  557.245454] KernelSU: tp_marker: unmark process: pid:10680, uid: 10279, comm:Jit thread pool
[  557.245458] KernelSU: tp_marker: unmark process: pid:10681, uid: 10279, comm:HeapTaskDaemon
[  557.245462] KernelSU: tp_marker: unmark process: pid:10682, uid: 10279, comm:ReferenceQueueD
[  557.245466] KernelSU: tp_marker: unmark process: pid:10683, uid: 10279, comm:FinalizerDaemon
[  557.245469] KernelSU: tp_marker: unmark process: pid:10684, uid: 10279, comm:FinalizerWatchd
[  557.245473] KernelSU: tp_marker: unmark process: pid:10686, uid: 10279, comm:binder:10668_1
[  557.245477] KernelSU: tp_marker: unmark process: pid:10687, uid: 10279, comm:binder:10668_2
[  557.245480] KernelSU: tp_marker: unmark process: pid:10689, uid: 10279, comm:binder:10668_3
[  557.245484] KernelSU: tp_marker: unmark process: pid:10695, uid: 10279, comm:Profile Saver
[  557.245488] KernelSU: tp_marker: unmark process: pid:10717, uid: 10279, comm:Blocking Thread
[  557.245491] KernelSU: tp_marker: unmark process: pid:10718, uid: 10279, comm:GoogleApiHandle
[  557.245495] KernelSU: tp_marker: unmark process: pid:10719, uid: 10279, comm:Blocking Thread
[  557.245500] KernelSU: tp_marker: unmark process: pid:10720, uid: 10279, comm:Blocking Thread
[  557.245505] KernelSU: tp_marker: unmark process: pid:10722, uid: 10279, comm:Blocking Thread
[  557.245509] KernelSU: tp_marker: unmark process: pid:10723, uid: 10279, comm:Blocking Thread
[  557.245512] KernelSU: tp_marker: unmark process: pid:10724, uid: 10279, comm:Blocking Thread
[  557.245516] KernelSU: tp_marker: unmark process: pid:10725, uid: 10279, comm:Blocking Thread
[  557.245520] KernelSU: tp_marker: unmark process: pid:10727, uid: 10279, comm:Lite Thread #0
[  557.245524] KernelSU: tp_marker: unmark process: pid:10730, uid: 10279, comm:BG Thread #0
[  557.245528] KernelSU: tp_marker: unmark process: pid:10731, uid: 10279, comm:BG Thread #1
[  557.245531] KernelSU: tp_marker: unmark process: pid:10732, uid: 10279, comm:BG Thread #2
[  557.245535] KernelSU: tp_marker: unmark process: pid:10733, uid: 10279, comm:BG Thread #3
[  557.245538] KernelSU: tp_marker: unmark process: pid:10734, uid: 10279, comm:Primes-1
[  557.245542] KernelSU: tp_marker: unmark process: pid:10735, uid: 10279, comm:Primes-nativecr
[  557.245545] KernelSU: tp_marker: unmark process: pid:10736, uid: 10279, comm:Lite Thread #0
[  557.245549] KernelSU: tp_marker: unmark process: pid:10737, uid: 10279, comm:Lite Thread #1
[  557.245554] KernelSU: tp_marker: unmark process: pid:10738, uid: 10279, comm:ernal.Finalizer
[  557.245557] KernelSU: tp_marker: unmark process: pid:10740, uid: 10279, comm:Blocking Thread
[  557.245560] KernelSU: tp_marker: unmark process: pid:10741, uid: 10279, comm:Blocking Thread
[  557.245564] KernelSU: tp_marker: unmark process: pid:10742, uid: 10279, comm:Blocking Thread
[  557.245567] KernelSU: tp_marker: unmark process: pid:10743, uid: 10279, comm:Blocking Thread
[  557.245571] KernelSU: tp_marker: unmark process: pid:10744, uid: 10279, comm:Lite Thread #4
[  557.245576] KernelSU: tp_marker: unmark process: pid:10745, uid: 10279, comm:Lite Thread #2
[  557.245580] KernelSU: tp_marker: unmark process: pid:10746, uid: 10279, comm:Lite Thread #3
[  557.245585] KernelSU: tp_marker: unmark process: pid:10747, uid: 10279, comm:Lite Thread #5
[  557.245588] KernelSU: tp_marker: unmark process: pid:10748, uid: 10279, comm:queued-work-loo
[  557.245592] KernelSU: tp_marker: unmark process: pid:10750, uid: 10279, comm:Scheduler Threa
[  557.245595] KernelSU: tp_marker: unmark process: pid:10755, uid: 10279, comm:AsyncTask #2
[  557.245600] KernelSU: tp_marker: unmark process: pid:10758, uid: 10279, comm:ProtoDataStore-
[  557.245603] KernelSU: tp_marker: unmark process: pid:10759, uid: 10279, comm:gm counters ini
[  557.245606] KernelSU: tp_marker: unmark process: pid:10760, uid: 10279, comm:Blocking Thread
[  557.245610] KernelSU: tp_marker: unmark process: pid:10761, uid: 10279, comm:Blocking Thread
[  557.245614] KernelSU: tp_marker: unmark process: pid:10814, uid: 10279, comm:EmailNotificati
[  557.245618] KernelSU: tp_marker: unmark process: pid:10992, uid: 10279, comm:glide-active-re
[  557.245622] KernelSU: tp_marker: unmark process: pid:11045, uid: 10279, comm:ConnectivityThr
[  557.245626] KernelSU: tp_marker: unmark process: pid:11063, uid: 10279, comm:glide-disk-cach
[  557.245630] KernelSU: tp_marker: unmark process: pid:11129, uid: 10279, comm:xplat-internal-
[  557.245633] KernelSU: tp_marker: unmark process: pid:11130, uid: 10279, comm:SharedScheduler
[  557.245637] KernelSU: tp_marker: unmark process: pid:11397, uid: 10279, comm:binder:10668_4
[  557.245640] KernelSU: tp_marker: unmark process: pid:11584, uid: 10279, comm:GoogleApiHandle
[  557.245643] KernelSU: tp_marker: unmark process: pid:11656, uid: 10279, comm:ProcessStablePh
[  557.245646] KernelSU: tp_marker: unmark process: pid:11804, uid: 10279, comm:Blocking Thread
[  557.245651] KernelSU: tp_marker: unmark process: pid:11807, uid: 10279, comm:Blocking Thread
[  557.245655] KernelSU: tp_marker: unmark process: pid:11808, uid: 10279, comm:Blocking Thread
[  557.245658] KernelSU: tp_marker: unmark process: pid:11814, uid: 10279, comm:Blocking Thread
[  557.245662] KernelSU: tp_marker: unmark process: pid:11821, uid: 10279, comm:Blocking Thread
[  557.245665] KernelSU: tp_marker: unmark process: pid:11827, uid: 10279, comm:Blocking Thread
[  557.245669] KernelSU: tp_marker: unmark process: pid:11839, uid: 10279, comm:Blocking Thread
[  557.245673] KernelSU: tp_marker: unmark process: pid:11840, uid: 10279, comm:Blocking Thread
[  557.245677] KernelSU: tp_marker: unmark process: pid:11856, uid: 10279, comm:Blocking Thread
[  557.245681] KernelSU: tp_marker: unmark process: pid:11859, uid: 10279, comm:Blocking Thread
[  557.245685] KernelSU: tp_marker: unmark process: pid:11861, uid: 10279, comm:Blocking Thread
[  557.245688] KernelSU: tp_marker: unmark process: pid:11862, uid: 10279, comm:Blocking Thread
[  557.245692] KernelSU: tp_marker: unmark process: pid:11863, uid: 10279, comm:Blocking Thread
[  557.245696] KernelSU: tp_marker: unmark process: pid:11864, uid: 10279, comm:Blocking Thread
[  557.245700] KernelSU: tp_marker: unmark process: pid:11865, uid: 10279, comm:Blocking Thread
[  557.245705] KernelSU: tp_marker: unmark process: pid:11868, uid: 10279, comm:Blocking Thread
[  557.245708] KernelSU: tp_marker: unmark process: pid:11872, uid: 10279, comm:Blocking Thread
[  557.245711] KernelSU: tp_marker: unmark process: pid:11873, uid: 10279, comm:Blocking Thread
[  557.245715] KernelSU: tp_marker: unmark process: pid:11874, uid: 10279, comm:Blocking Thread
[  557.245718] KernelSU: tp_marker: unmark process: pid:11875, uid: 10279, comm:Blocking Thread
[  557.245722] KernelSU: tp_marker: unmark process: pid:11878, uid: 10279, comm:Blocking Thread
[  557.245725] KernelSU: tp_marker: unmark process: pid:11880, uid: 10279, comm:Blocking Thread
[  557.245729] KernelSU: tp_marker: unmark process: pid:11881, uid: 10279, comm:Blocking Thread
[  557.245733] KernelSU: tp_marker: unmark process: pid:11882, uid: 10279, comm:Blocking Thread
[  557.245737] KernelSU: tp_marker: unmark process: pid:11884, uid: 10279, comm:Blocking Thread
[  557.245741] KernelSU: tp_marker: unmark process: pid:11885, uid: 10279, comm:Blocking Thread
[  557.245745] KernelSU: tp_marker: unmark process: pid:11886, uid: 10279, comm:Blocking Thread
[  557.245748] KernelSU: tp_marker: unmark process: pid:11887, uid: 10279, comm:Blocking Thread
[  557.245751] KernelSU: tp_marker: unmark process: pid:11888, uid: 10279, comm:Blocking Thread
[  557.245754] KernelSU: tp_marker: unmark process: pid:11889, uid: 10279, comm:Blocking Thread
[  557.245758] KernelSU: tp_marker: unmark process: pid:11890, uid: 10279, comm:Blocking Thread
[  557.245761] KernelSU: tp_marker: unmark process: pid:11892, uid: 10279, comm:Blocking Thread
[  557.245765] KernelSU: tp_marker: unmark process: pid:11894, uid: 10279, comm:Blocking Thread
[  557.245768] KernelSU: tp_marker: unmark process: pid:11895, uid: 10279, comm:Blocking Thread
[  557.245772] KernelSU: tp_marker: unmark process: pid:11896, uid: 10279, comm:Blocking Thread
[  557.245776] KernelSU: tp_marker: unmark process: pid:11897, uid: 10279, comm:Blocking Thread
[  557.245779] KernelSU: tp_marker: unmark process: pid:11898, uid: 10279, comm:Blocking Thread
[  557.245782] KernelSU: tp_marker: unmark process: pid:11900, uid: 10279, comm:Blocking Thread
[  557.245786] KernelSU: tp_marker: unmark process: pid:11952, uid: 10279, comm:Primes-2
[  557.245790] KernelSU: tp_marker: unmark process: pid:11973, uid: 10279, comm:Blocking Thread
[  557.245793] KernelSU: tp_marker: unmark process: pid:12041, uid: 10279, comm:xplat-sql-11-0
[  557.245797] KernelSU: tp_marker: unmark process: pid:12043, uid: 10279, comm:xplat-sql-10-0
[  557.245800] KernelSU: tp_marker: unmark process: pid:12072, uid: 10279, comm:xplat-sql-13-0
[  557.245806] KernelSU: tp_marker: unmark process: pid:12194, uid: 10279, comm:CronetInit
[  557.245809] KernelSU: tp_marker: unmark process: pid:12203, uid: 10279, comm:binder:10668_5
[  557.245813] KernelSU: tp_marker: unmark process: pid:12246, uid: 10279, comm:ThreadPoolServi
[  557.245816] KernelSU: tp_marker: unmark process: pid:12247, uid: 10279, comm:ThreadPoolForeg
[  557.245820] KernelSU: tp_marker: unmark process: pid:12287, uid: 10279, comm:ThreadPoolForeg
[  557.245824] KernelSU: tp_marker: unmark process: pid:12364, uid: 10279, comm:CronetNet
[  557.245828] KernelSU: tp_marker: unmark process: pid:12373, uid: 10279, comm:ThreadPoolForeg
[  557.245832] KernelSU: tp_marker: unmark process: pid:12374, uid: 10279, comm:ThreadPoolForeg
[  557.245835] KernelSU: tp_marker: unmark process: pid:12379, uid: 10279, comm:CronetFile
[  557.245839] KernelSU: tp_marker: unmark process: pid:12451, uid: 10279, comm:xplat-sql-26-0
[  557.245842] KernelSU: tp_marker: unmark process: pid:12452, uid: 10279, comm:xplat-sql-27-0
[  557.245845] KernelSU: tp_marker: unmark process: pid:12493, uid: 10279, comm:xplat-sql-28-0
[  557.245850] KernelSU: tp_marker: unmark process: pid:12817, uid: 10279, comm:binder:10668_6
[  557.245853] KernelSU: tp_marker: unmark process: pid:13025, uid: 10279, comm:CleanupReferenc
[  557.245857] KernelSU: tp_marker: unmark process: pid:13026, uid: 10279, comm:Chrome_ProcessL
[  557.245860] KernelSU: tp_marker: unmark process: pid:13038, uid: 10279, comm:PerfettoTrace
[  557.245864] KernelSU: tp_marker: unmark process: pid:13039, uid: 10279, comm:ThreadPoolServi
[  557.245869] KernelSU: tp_marker: unmark process: pid:13040, uid: 10279, comm:ThreadPoolForeg
[  557.245872] KernelSU: tp_marker: unmark process: pid:13041, uid: 10279, comm:ThreadPoolForeg
[  557.245877] KernelSU: tp_marker: unmark process: pid:13042, uid: 10279, comm:ThreadPoolForeg
[  557.245881] KernelSU: tp_marker: unmark process: pid:13043, uid: 10279, comm:Chrome_IOThread
[  557.245885] KernelSU: tp_marker: unmark process: pid:13044, uid: 10279, comm:MemoryInfra
[  557.245888] KernelSU: tp_marker: unmark process: pid:13045, uid: 10279, comm:ThreadPoolForeg
[  557.245891] KernelSU: tp_marker: unmark process: pid:13046, uid: 10279, comm:ThreadPoolForeg
[  557.245895] KernelSU: tp_marker: unmark process: pid:13047, uid: 10279, comm:AudioThread
[  557.245898] KernelSU: tp_marker: unmark process: pid:13048, uid: 10279, comm:VideoCaptureThr
[  557.245902] KernelSU: tp_marker: unmark process: pid:13049, uid: 10279, comm:ThreadPoolForeg
[  557.245906] KernelSU: tp_marker: unmark process: pid:13050, uid: 10279, comm:GoogleApiHandle
[  557.245910] KernelSU: tp_marker: unmark process: pid:13051, uid: 10279, comm:NetworkService
[  557.245915] KernelSU: tp_marker: unmark process: pid:13052, uid: 10279, comm:CookieMonsterCl
[  557.245918] KernelSU: tp_marker: unmark process: pid:13053, uid: 10279, comm:CookieMonsterBa
[  557.245921] KernelSU: tp_marker: unmark process: pid:13054, uid: 10279, comm:ThreadPoolSingl
[  557.245925] KernelSU: tp_marker: unmark process: pid:13055, uid: 10279, comm:DefaultDispatch
[  557.245929] KernelSU: tp_marker: unmark process: pid:13056, uid: 10279, comm:DefaultDispatch
[  557.245932] KernelSU: tp_marker: unmark process: pid:13057, uid: 10279, comm:VizWebView
[  557.245936] KernelSU: tp_marker: unmark process: pid:13062, uid: 10279, comm:ThreadPoolSingl
[  557.245941] KernelSU: tp_marker: unmark process: pid:13063, uid: 10279, comm:CameraAvailabil
[  557.245945] KernelSU: tp_marker: unmark process: pid:13102, uid: 10279, comm:android.bg
[  557.245948] KernelSU: tp_marker: unmark process: pid:13234, uid: 10279, comm:ProcessStablePh
[  557.245952] KernelSU: tp_marker: unmark process: pid:13252, uid: 10279, comm:binder:10668_7
[  557.245956] KernelSU: tp_marker: unmark process: pid:13253, uid: 10279, comm:binder:10668_8
[  557.245960] KernelSU: tp_marker: unmark process: pid:13260, uid: 10279, comm:binder:10668_9
[  557.245964] KernelSU: tp_marker: unmark process: pid:13261, uid: 10279, comm:binder:10668_A
[  557.245968] KernelSU: tp_marker: unmark process: pid:13262, uid: 10279, comm:binder:10668_B
[  557.245971] KernelSU: tp_marker: unmark process: pid:13263, uid: 10279, comm:binder:10668_C
[  557.245975] KernelSU: tp_marker: unmark process: pid:13316, uid: 10279, comm:binder:10668_D
[  557.245979] KernelSU: tp_marker: unmark process: pid:13318, uid: 10279, comm:binder:10668_E
[  557.245982] KernelSU: tp_marker: unmark process: pid:13319, uid: 10279, comm:binder:10668_F
[  557.245987] KernelSU: tp_marker: unmark process: pid:13320, uid: 10279, comm:binder:10668_10
[  557.245993] KernelSU: tp_marker: unmark process: pid:10701, uid: 10281, comm:ndroid.contacts
[  557.245996] KernelSU: tp_marker: unmark process: pid:10703, uid: 10281, comm:Signal Catcher
[  557.246000] KernelSU: tp_marker: unmark process: pid:10704, uid: 10281, comm:perfetto_hprof_
[  557.246004] KernelSU: tp_marker: unmark process: pid:10705, uid: 10281, comm:ADB-JDWP Connec
[  557.246008] KernelSU: tp_marker: unmark process: pid:10706, uid: 10281, comm:Jit thread pool
[  557.246012] KernelSU: tp_marker: unmark process: pid:10707, uid: 10281, comm:HeapTaskDaemon
[  557.246016] KernelSU: tp_marker: unmark process: pid:10708, uid: 10281, comm:ReferenceQueueD
[  557.246020] KernelSU: tp_marker: unmark process: pid:10709, uid: 10281, comm:FinalizerDaemon
[  557.246024] KernelSU: tp_marker: unmark process: pid:10710, uid: 10281, comm:FinalizerWatchd
[  557.246028] KernelSU: tp_marker: unmark process: pid:10712, uid: 10281, comm:binder:10701_1
[  557.246032] KernelSU: tp_marker: unmark process: pid:10713, uid: 10281, comm:binder:10701_2
[  557.246035] KernelSU: tp_marker: unmark process: pid:10716, uid: 10281, comm:binder:10701_3
[  557.246038] KernelSU: tp_marker: unmark process: pid:10739, uid: 10281, comm:Profile Saver
[  557.246042] KernelSU: tp_marker: unmark process: pid:10762, uid: 10281, comm:Primes-1
[  557.246045] KernelSU: tp_marker: unmark process: pid:10763, uid: 10281, comm:BG Thread #0
[  557.246048] KernelSU: tp_marker: unmark process: pid:10764, uid: 10281, comm:GoogleApiHandle
[  557.246052] KernelSU: tp_marker: unmark process: pid:10767, uid: 10281, comm:Scheduler Threa
[  557.246056] KernelSU: tp_marker: unmark process: pid:10768, uid: 10281, comm:BG Thread #1
[  557.246060] KernelSU: tp_marker: unmark process: pid:10769, uid: 10281, comm:android.bg
[  557.246063] KernelSU: tp_marker: unmark process: pid:10770, uid: 10281, comm:BG Thread #2
[  557.246067] KernelSU: tp_marker: unmark process: pid:10771, uid: 10281, comm:ProcessStablePh
[  557.246071] KernelSU: tp_marker: unmark process: pid:10773, uid: 10281, comm:ProtoDataStore-
[  557.246074] KernelSU: tp_marker: unmark process: pid:10774, uid: 10281, comm:Lite Thread #0
[  557.246078] KernelSU: tp_marker: unmark process: pid:10776, uid: 10281, comm:Lite Thread #1
[  557.246081] KernelSU: tp_marker: unmark process: pid:10790, uid: 10281, comm:BG Thread #3
[  557.246085] KernelSU: tp_marker: unmark process: pid:10795, uid: 10281, comm:queued-work-loo
[  557.246089] KernelSU: tp_marker: unmark process: pid:10796, uid: 10281, comm:Blocking Thread
[  557.246093] KernelSU: tp_marker: unmark process: pid:10811, uid: 10281, comm:Blocking Thread
[  557.246098] KernelSU: tp_marker: unmark process: pid:10915, uid: 10281, comm:ernal.Finalizer
[  557.246102] KernelSU: tp_marker: unmark process: pid:11233, uid: 10281, comm:AsyncTask #1
[  557.246106] KernelSU: tp_marker: unmark process: pid:11655, uid: 10281, comm:binder:10701_4
[  557.246109] KernelSU: tp_marker: unmark process: pid:12549, uid: 10281, comm:binder:10701_5
[  557.246115] KernelSU: tp_marker: unmark process: pid:10825, uid: 99000, comm:ocessService0:0
[  557.246120] KernelSU: tp_marker: unmark process: pid:10828, uid: 99000, comm:Signal Catcher
[  557.246123] KernelSU: tp_marker: unmark process: pid:10829, uid: 99000, comm:perfetto_hprof_
[  557.246127] KernelSU: tp_marker: unmark process: pid:10831, uid: 99000, comm:HeapTaskDaemon
[  557.246131] KernelSU: tp_marker: unmark process: pid:10832, uid: 99000, comm:ReferenceQueueD
[  557.246135] KernelSU: tp_marker: unmark process: pid:10833, uid: 99000, comm:FinalizerDaemon
[  557.246138] KernelSU: tp_marker: unmark process: pid:10834, uid: 99000, comm:FinalizerWatchd
[  557.246142] KernelSU: tp_marker: unmark process: pid:10835, uid: 99000, comm:binder:10825_1
[  557.246145] KernelSU: tp_marker: unmark process: pid:10836, uid: 99000, comm:binder:10825_2
[  557.246149] KernelSU: tp_marker: unmark process: pid:10837, uid: 99000, comm:binder:10825_3
[  557.246153] KernelSU: tp_marker: unmark process: pid:10838, uid: 99000, comm:CrRendererMain
[  557.246157] KernelSU: tp_marker: unmark process: pid:10870, uid: 99000, comm:PerfettoTrace
[  557.246160] KernelSU: tp_marker: unmark process: pid:10871, uid: 99000, comm:ThreadPoolServi
[  557.246164] KernelSU: tp_marker: unmark process: pid:10872, uid: 99000, comm:ThreadPoolForeg
[  557.246167] KernelSU: tp_marker: unmark process: pid:10873, uid: 99000, comm:ThreadPoolForeg
[  557.246171] KernelSU: tp_marker: unmark process: pid:10874, uid: 99000, comm:Chrome_ChildIOT
[  557.246174] KernelSU: tp_marker: unmark process: pid:10875, uid: 99000, comm:ThreadPoolForeg
[  557.246177] KernelSU: tp_marker: unmark process: pid:10888, uid: 99000, comm:Compositor
[  557.246181] KernelSU: tp_marker: unmark process: pid:10891, uid: 99000, comm:ThreadPoolSingl
[  557.246184] KernelSU: tp_marker: unmark process: pid:13793, uid: 99000, comm:MemoryInfra
[  557.246190] KernelSU: tp_marker: unmark process: pid:10868, uid: 10394, comm:.adservices.api
[  557.246194] KernelSU: tp_marker: unmark process: pid:10877, uid: 10394, comm:Signal Catcher
[  557.246197] KernelSU: tp_marker: unmark process: pid:10878, uid: 10394, comm:perfetto_hprof_
[  557.246201] KernelSU: tp_marker: unmark process: pid:10880, uid: 10394, comm:Jit thread pool
[  557.246204] KernelSU: tp_marker: unmark process: pid:10881, uid: 10394, comm:HeapTaskDaemon
[  557.246208] KernelSU: tp_marker: unmark process: pid:10882, uid: 10394, comm:ReferenceQueueD
[  557.246212] KernelSU: tp_marker: unmark process: pid:10883, uid: 10394, comm:FinalizerDaemon
[  557.246215] KernelSU: tp_marker: unmark process: pid:10884, uid: 10394, comm:FinalizerWatchd
[  557.246218] KernelSU: tp_marker: unmark process: pid:10885, uid: 10394, comm:binder:10868_1
[  557.246222] KernelSU: tp_marker: unmark process: pid:10887, uid: 10394, comm:binder:10868_2
[  557.246225] KernelSU: tp_marker: unmark process: pid:10889, uid: 10394, comm:binder:10868_3
[  557.246228] KernelSU: tp_marker: unmark process: pid:10895, uid: 10394, comm:Profile Saver
[  557.246231] KernelSU: tp_marker: unmark process: pid:10898, uid: 10394, comm:HwBinder:10868_
[  557.246234] KernelSU: tp_marker: unmark process: pid:13060, uid: 10394, comm:binder:10868_4
[  557.246239] KernelSU: tp_marker: unmark process: pid:10901, uid: 10414, comm:ederatedcompute
[  557.246243] KernelSU: tp_marker: unmark process: pid:10902, uid: 10414, comm:Signal Catcher
[  557.246246] KernelSU: tp_marker: unmark process: pid:10903, uid: 10414, comm:perfetto_hprof_
[  557.246250] KernelSU: tp_marker: unmark process: pid:10904, uid: 10414, comm:Jit thread pool
[  557.246253] KernelSU: tp_marker: unmark process: pid:10905, uid: 10414, comm:HeapTaskDaemon
[  557.246256] KernelSU: tp_marker: unmark process: pid:10906, uid: 10414, comm:ReferenceQueueD
[  557.246259] KernelSU: tp_marker: unmark process: pid:10907, uid: 10414, comm:FinalizerDaemon
[  557.246263] KernelSU: tp_marker: unmark process: pid:10908, uid: 10414, comm:FinalizerWatchd
[  557.246266] KernelSU: tp_marker: unmark process: pid:10909, uid: 10414, comm:binder:10901_1
[  557.246269] KernelSU: tp_marker: unmark process: pid:10910, uid: 10414, comm:binder:10901_2
[  557.246272] KernelSU: tp_marker: unmark process: pid:10911, uid: 10414, comm:binder:10901_3
[  557.246276] KernelSU: tp_marker: unmark process: pid:10912, uid: 10414, comm:Profile Saver
[  557.246281] KernelSU: tp_marker: unmark process: pid:10919, uid: 10399, comm:nect.controller
[  557.246285] KernelSU: tp_marker: unmark process: pid:10920, uid: 10399, comm:Signal Catcher
[  557.246288] KernelSU: tp_marker: unmark process: pid:10921, uid: 10399, comm:perfetto_hprof_
[  557.246291] KernelSU: tp_marker: unmark process: pid:10922, uid: 10399, comm:Jit thread pool
[  557.246295] KernelSU: tp_marker: unmark process: pid:10923, uid: 10399, comm:HeapTaskDaemon
[  557.246299] KernelSU: tp_marker: unmark process: pid:10924, uid: 10399, comm:ReferenceQueueD
[  557.246303] KernelSU: tp_marker: unmark process: pid:10925, uid: 10399, comm:FinalizerDaemon
[  557.246307] KernelSU: tp_marker: unmark process: pid:10926, uid: 10399, comm:FinalizerWatchd
[  557.246310] KernelSU: tp_marker: unmark process: pid:10927, uid: 10399, comm:binder:10919_1
[  557.246314] KernelSU: tp_marker: unmark process: pid:10928, uid: 10399, comm:binder:10919_2
[  557.246317] KernelSU: tp_marker: unmark process: pid:10929, uid: 10399, comm:Profile Saver
[  557.246320] KernelSU: tp_marker: unmark process: pid:10931, uid: 10399, comm:HwBinder:10919_
[  557.246326] KernelSU: tp_marker: unmark process: pid:10933, uid: 10413, comm:zation.services
[  557.246329] KernelSU: tp_marker: unmark process: pid:10934, uid: 10413, comm:Signal Catcher
[  557.246333] KernelSU: tp_marker: unmark process: pid:10935, uid: 10413, comm:perfetto_hprof_
[  557.246338] KernelSU: tp_marker: unmark process: pid:10936, uid: 10413, comm:Jit thread pool
[  557.246341] KernelSU: tp_marker: unmark process: pid:10937, uid: 10413, comm:HeapTaskDaemon
[  557.246344] KernelSU: tp_marker: unmark process: pid:10938, uid: 10413, comm:ReferenceQueueD
[  557.246347] KernelSU: tp_marker: unmark process: pid:10939, uid: 10413, comm:FinalizerDaemon
[  557.246351] KernelSU: tp_marker: unmark process: pid:10940, uid: 10413, comm:FinalizerWatchd
[  557.246354] KernelSU: tp_marker: unmark process: pid:10941, uid: 10413, comm:binder:10933_1
[  557.246359] KernelSU: tp_marker: unmark process: pid:10943, uid: 10413, comm:binder:10933_2
[  557.246364] KernelSU: tp_marker: unmark process: pid:10944, uid: 10413, comm:binder:10933_3
[  557.246367] KernelSU: tp_marker: unmark process: pid:10947, uid: 10413, comm:Profile Saver
[  557.246371] KernelSU: tp_marker: unmark process: pid:10948, uid: 10413, comm:HwBinder:10933_
[  557.246377] KernelSU: tp_marker: unmark process: pid:10953, uid: 10170, comm:ackageinstaller
[  557.246380] KernelSU: tp_marker: unmark process: pid:10954, uid: 10170, comm:Signal Catcher
[  557.246383] KernelSU: tp_marker: unmark process: pid:10955, uid: 10170, comm:perfetto_hprof_
[  557.246387] KernelSU: tp_marker: unmark process: pid:10956, uid: 10170, comm:Jit thread pool
[  557.246391] KernelSU: tp_marker: unmark process: pid:10957, uid: 10170, comm:HeapTaskDaemon
[  557.246395] KernelSU: tp_marker: unmark process: pid:10958, uid: 10170, comm:ReferenceQueueD
[  557.246398] KernelSU: tp_marker: unmark process: pid:10959, uid: 10170, comm:FinalizerDaemon
[  557.246401] KernelSU: tp_marker: unmark process: pid:10960, uid: 10170, comm:FinalizerWatchd
[  557.246405] KernelSU: tp_marker: unmark process: pid:10961, uid: 10170, comm:binder:10953_1
[  557.246409] KernelSU: tp_marker: unmark process: pid:10962, uid: 10170, comm:binder:10953_2
[  557.246413] KernelSU: tp_marker: unmark process: pid:10963, uid: 10170, comm:binder:10953_3
[  557.246416] KernelSU: tp_marker: unmark process: pid:10964, uid: 10170, comm:Profile Saver
[  557.246419] KernelSU: tp_marker: unmark process: pid:10965, uid: 10170, comm:HwBinder:10953_
[  557.246425] KernelSU: tp_marker: unmark process: pid:10967, uid: 10337, comm:oid.setupwizard
[  557.246430] KernelSU: tp_marker: unmark process: pid:10970, uid: 10337, comm:Signal Catcher
[  557.246434] KernelSU: tp_marker: unmark process: pid:10971, uid: 10337, comm:perfetto_hprof_
[  557.246438] KernelSU: tp_marker: unmark process: pid:10972, uid: 10337, comm:Jit thread pool
[  557.246441] KernelSU: tp_marker: unmark process: pid:10973, uid: 10337, comm:HeapTaskDaemon
[  557.246445] KernelSU: tp_marker: unmark process: pid:10974, uid: 10337, comm:ReferenceQueueD
[  557.246448] KernelSU: tp_marker: unmark process: pid:10975, uid: 10337, comm:FinalizerDaemon
[  557.246452] KernelSU: tp_marker: unmark process: pid:10976, uid: 10337, comm:FinalizerWatchd
[  557.246457] KernelSU: tp_marker: unmark process: pid:10977, uid: 10337, comm:binder:10967_1
[  557.246460] KernelSU: tp_marker: unmark process: pid:10978, uid: 10337, comm:binder:10967_2
[  557.246463] KernelSU: tp_marker: unmark process: pid:10979, uid: 10337, comm:binder:10967_3
[  557.246468] KernelSU: tp_marker: unmark process: pid:10983, uid: 10337, comm:Profile Saver
[  557.246472] KernelSU: tp_marker: unmark process: pid:10987, uid: 10337, comm:Primes-1
[  557.246475] KernelSU: tp_marker: unmark process: pid:10988, uid: 10337, comm:ProcessStablePh
[  557.246479] KernelSU: tp_marker: unmark process: pid:10989, uid: 10337, comm:GoogleApiHandle
[  557.246483] KernelSU: tp_marker: unmark process: pid:10990, uid: 10337, comm:queued-work-loo
[  557.246486] KernelSU: tp_marker: unmark process: pid:10991, uid: 10337, comm:HwBinder:10967_
[  557.246489] KernelSU: tp_marker: unmark process: pid:12388, uid: 10337, comm:Primes-2
[  557.246497] KernelSU: tp_marker: unmark process: pid:10999, uid: 10276, comm:gle.android.tts
[  557.246501] KernelSU: tp_marker: unmark process: pid:11000, uid: 10276, comm:Signal Catcher
[  557.246504] KernelSU: tp_marker: unmark process: pid:11001, uid: 10276, comm:perfetto_hprof_
[  557.246507] KernelSU: tp_marker: unmark process: pid:11002, uid: 10276, comm:ADB-JDWP Connec
[  557.246511] KernelSU: tp_marker: unmark process: pid:11003, uid: 10276, comm:Jit thread pool
[  557.246515] KernelSU: tp_marker: unmark process: pid:11004, uid: 10276, comm:HeapTaskDaemon
[  557.246519] KernelSU: tp_marker: unmark process: pid:11005, uid: 10276, comm:ReferenceQueueD
[  557.246523] KernelSU: tp_marker: unmark process: pid:11006, uid: 10276, comm:FinalizerDaemon
[  557.246527] KernelSU: tp_marker: unmark process: pid:11007, uid: 10276, comm:FinalizerWatchd
[  557.246530] KernelSU: tp_marker: unmark process: pid:11008, uid: 10276, comm:binder:10999_1
[  557.246534] KernelSU: tp_marker: unmark process: pid:11009, uid: 10276, comm:binder:10999_2
[  557.246537] KernelSU: tp_marker: unmark process: pid:11012, uid: 10276, comm:binder:10999_3
[  557.246541] KernelSU: tp_marker: unmark process: pid:11013, uid: 10276, comm:Profile Saver
[  557.246546] KernelSU: tp_marker: unmark process: pid:11017, uid: 10276, comm:Blocking Thread
[  557.246549] KernelSU: tp_marker: unmark process: pid:11018, uid: 10276, comm:Scheduler Threa
[  557.246552] KernelSU: tp_marker: unmark process: pid:11020, uid: 10276, comm:GoogleApiHandle
[  557.246556] KernelSU: tp_marker: unmark process: pid:11022, uid: 10276, comm:BG Thread #0
[  557.246559] KernelSU: tp_marker: unmark process: pid:11023, uid: 10276, comm:BG Thread #1
[  557.246564] KernelSU: tp_marker: unmark process: pid:11026, uid: 10276, comm:Lite Thread #0
[  557.246568] KernelSU: tp_marker: unmark process: pid:11040, uid: 10276, comm:Blocking Thread
[  557.246571] KernelSU: tp_marker: unmark process: pid:11041, uid: 10276, comm:Blocking Thread
[  557.246575] KernelSU: tp_marker: unmark process: pid:11048, uid: 10276, comm:Blocking Thread
[  557.246579] KernelSU: tp_marker: unmark process: pid:11067, uid: 10276, comm:Blocking Thread
[  557.246583] KernelSU: tp_marker: unmark process: pid:11068, uid: 10276, comm:Blocking Thread
[  557.246586] KernelSU: tp_marker: unmark process: pid:11456, uid: 10276, comm:BG Thread #2
[  557.246590] KernelSU: tp_marker: unmark process: pid:12444, uid: 10276, comm:Blocking Thread
[  557.246593] KernelSU: tp_marker: unmark process: pid:13236, uid: 10276, comm:Lite Thread #0
[  557.246598] KernelSU: tp_marker: unmark process: pid:13237, uid: 10276, comm:Lite Thread #1
[  557.246603] KernelSU: tp_marker: unmark process: pid:11051, uid: 10211, comm:y.uelog.service
[  557.246607] KernelSU: tp_marker: unmark process: pid:11052, uid: 10211, comm:Signal Catcher
[  557.246611] KernelSU: tp_marker: unmark process: pid:11053, uid: 10211, comm:perfetto_hprof_
[  557.246615] KernelSU: tp_marker: unmark process: pid:11054, uid: 10211, comm:Jit thread pool
[  557.246618] KernelSU: tp_marker: unmark process: pid:11055, uid: 10211, comm:HeapTaskDaemon
[  557.246623] KernelSU: tp_marker: unmark process: pid:11056, uid: 10211, comm:ReferenceQueueD
[  557.246627] KernelSU: tp_marker: unmark process: pid:11057, uid: 10211, comm:FinalizerDaemon
[  557.246630] KernelSU: tp_marker: unmark process: pid:11058, uid: 10211, comm:FinalizerWatchd
[  557.246633] KernelSU: tp_marker: unmark process: pid:11059, uid: 10211, comm:binder:11051_1
[  557.246636] KernelSU: tp_marker: unmark process: pid:11060, uid: 10211, comm:binder:11051_2
[  557.246640] KernelSU: tp_marker: unmark process: pid:11062, uid: 10211, comm:binder:11051_3
[  557.246645] KernelSU: tp_marker: unmark process: pid:11064, uid: 10211, comm:Profile Saver
[  557.246648] KernelSU: tp_marker: unmark process: pid:11065, uid: 10211, comm:HwBinder:11051_
[  557.246651] KernelSU: tp_marker: unmark process: pid:11066, uid: 10211, comm:binder:11051_4
[  557.246658] KernelSU: tp_marker: unmark process: pid:11072, uid: 10216, comm:n.android.omacp
[  557.246662] KernelSU: tp_marker: unmark process: pid:11074, uid: 10216, comm:Signal Catcher
[  557.246666] KernelSU: tp_marker: unmark process: pid:11075, uid: 10216, comm:perfetto_hprof_
[  557.246669] KernelSU: tp_marker: unmark process: pid:11076, uid: 10216, comm:Jit thread pool
[  557.246673] KernelSU: tp_marker: unmark process: pid:11077, uid: 10216, comm:HeapTaskDaemon
[  557.246677] KernelSU: tp_marker: unmark process: pid:11078, uid: 10216, comm:ReferenceQueueD
[  557.246680] KernelSU: tp_marker: unmark process: pid:11079, uid: 10216, comm:FinalizerDaemon
[  557.246683] KernelSU: tp_marker: unmark process: pid:11080, uid: 10216, comm:FinalizerWatchd
[  557.246687] KernelSU: tp_marker: unmark process: pid:11081, uid: 10216, comm:binder:11072_1
[  557.246690] KernelSU: tp_marker: unmark process: pid:11082, uid: 10216, comm:binder:11072_2
[  557.246694] KernelSU: tp_marker: unmark process: pid:11083, uid: 10216, comm:binder:11072_3
[  557.246698] KernelSU: tp_marker: unmark process: pid:11084, uid: 10216, comm:Profile Saver
[  557.246702] KernelSU: tp_marker: unmark process: pid:11085, uid: 10216, comm:HwBinder:11072_
[  557.246708] KernelSU: tp_marker: unmark process: pid:11087, uid: 10387, comm:csson.idd.agent
[  557.246712] KernelSU: tp_marker: unmark process: pid:11088, uid: 10387, comm:Signal Catcher
[  557.246717] KernelSU: tp_marker: unmark process: pid:11089, uid: 10387, comm:perfetto_hprof_
[  557.246720] KernelSU: tp_marker: unmark process: pid:11090, uid: 10387, comm:Jit thread pool
[  557.246724] KernelSU: tp_marker: unmark process: pid:11091, uid: 10387, comm:HeapTaskDaemon
[  557.246727] KernelSU: tp_marker: unmark process: pid:11092, uid: 10387, comm:ReferenceQueueD
[  557.246731] KernelSU: tp_marker: unmark process: pid:11093, uid: 10387, comm:FinalizerDaemon
[  557.246734] KernelSU: tp_marker: unmark process: pid:11094, uid: 10387, comm:FinalizerWatchd
[  557.246738] KernelSU: tp_marker: unmark process: pid:11095, uid: 10387, comm:binder:11087_1
[  557.246741] KernelSU: tp_marker: unmark process: pid:11096, uid: 10387, comm:binder:11087_2
[  557.246746] KernelSU: tp_marker: unmark process: pid:11097, uid: 10387, comm:binder:11087_3
[  557.246750] KernelSU: tp_marker: unmark process: pid:11098, uid: 10387, comm:Profile Saver
[  557.246754] KernelSU: tp_marker: unmark process: pid:11099, uid: 10387, comm:WM.task-1
[  557.246757] KernelSU: tp_marker: unmark process: pid:11102, uid: 10387, comm:HwBinder:11087_
[  557.246760] KernelSU: tp_marker: unmark process: pid:11112, uid: 10387, comm:AsyncTask #1
[  557.246763] KernelSU: tp_marker: unmark process: pid:11113, uid: 10387, comm:WM.task-2
[  557.246766] KernelSU: tp_marker: unmark process: pid:11125, uid: 10387, comm:WM.task-3
[  557.246769] KernelSU: tp_marker: unmark process: pid:11170, uid: 10387, comm:WM.task-4
[  557.246774] KernelSU: tp_marker: unmark process: pid:11361, uid: 10387, comm:queued-work-loo
[  557.246779] KernelSU: tp_marker: unmark process: pid:12207, uid: 10387, comm:binder:11087_4
[  557.246783] KernelSU: tp_marker: unmark process: pid:13674, uid: 10387, comm:binder:11087_5
[  557.246787] KernelSU: tp_marker: unmark process: pid:13678, uid: 10387, comm:ConnectivityThr
[  557.246791] KernelSU: tp_marker: unmark process: pid:13680, uid: 10387, comm:androidx.work-1
[  557.246795] KernelSU: tp_marker: unmark process: pid:13896, uid: 10387, comm:androidx.work-2
[  557.246799] KernelSU: tp_marker: unmark process: pid:13960, uid: 10387, comm:binder:11087_6
[  557.246802] KernelSU: tp_marker: unmark process: pid:13973, uid: 10387, comm:androidx.work-3
[  557.246809] KernelSU: tp_marker: unmark process: pid:11114, uid: 10328, comm:on.updatecenter
[  557.246812] KernelSU: tp_marker: unmark process: pid:11116, uid: 10328, comm:Signal Catcher
[  557.246816] KernelSU: tp_marker: unmark process: pid:11117, uid: 10328, comm:perfetto_hprof_
[  557.246819] KernelSU: tp_marker: unmark process: pid:11118, uid: 10328, comm:Jit thread pool
[  557.246823] KernelSU: tp_marker: unmark process: pid:11119, uid: 10328, comm:HeapTaskDaemon
[  557.246826] KernelSU: tp_marker: unmark process: pid:11120, uid: 10328, comm:ReferenceQueueD
[  557.246829] KernelSU: tp_marker: unmark process: pid:11121, uid: 10328, comm:FinalizerDaemon
[  557.246833] KernelSU: tp_marker: unmark process: pid:11122, uid: 10328, comm:FinalizerWatchd
[  557.246838] KernelSU: tp_marker: unmark process: pid:11123, uid: 10328, comm:binder:11114_1
[  557.246841] KernelSU: tp_marker: unmark process: pid:11124, uid: 10328, comm:binder:11114_2
[  557.246845] KernelSU: tp_marker: unmark process: pid:11126, uid: 10328, comm:binder:11114_3
[  557.246849] KernelSU: tp_marker: unmark process: pid:11131, uid: 10328, comm:Profile Saver
[  557.246853] KernelSU: tp_marker: unmark process: pid:11133, uid: 10328, comm:ScionFrontendAp
[  557.246856] KernelSU: tp_marker: unmark process: pid:11134, uid: 10328, comm:Crashlytics Exc
[  557.246860] KernelSU: tp_marker: unmark process: pid:11135, uid: 10328, comm:pool-5-thread-1
[  557.246863] KernelSU: tp_marker: unmark process: pid:11136, uid: 10328, comm:awaitEvenIfOnMa
[  557.246866] KernelSU: tp_marker: unmark process: pid:11137, uid: 10328, comm:lytics.startup1
[  557.246869] KernelSU: tp_marker: unmark process: pid:11138, uid: 10328, comm:Firebase-Messag
[  557.246872] KernelSU: tp_marker: unmark process: pid:11139, uid: 10328, comm:Firebase-Messag
[  557.246875] KernelSU: tp_marker: unmark process: pid:11140, uid: 10328, comm:GmsDynamite
[  557.246879] KernelSU: tp_marker: unmark process: pid:11143, uid: 10328, comm:ConnectivityThr
[  557.246883] KernelSU: tp_marker: unmark process: pid:11145, uid: 10328, comm:HwBinder:11114_
[  557.246886] KernelSU: tp_marker: unmark process: pid:11155, uid: 10328, comm:GoogleApiHandle
[  557.246889] KernelSU: tp_marker: unmark process: pid:11175, uid: 10328, comm:queued-work-loo
[  557.246893] KernelSU: tp_marker: unmark process: pid:11192, uid: 10328, comm:ProcessStablePh
[  557.246897] KernelSU: tp_marker: unmark process: pid:11193, uid: 10328, comm:pool-22-thread-
[  557.246901] KernelSU: tp_marker: unmark process: pid:11564, uid: 10328, comm:OkHttp Connecti
[  557.246905] KernelSU: tp_marker: unmark process: pid:11682, uid: 10328, comm:Okio Watchdog
[  557.246909] KernelSU: tp_marker: unmark process: pid:12204, uid: 10328, comm:binder:11114_4
[  557.246912] KernelSU: tp_marker: unmark process: pid:13161, uid: 10328, comm:AsyncTask #1
[  557.246917] KernelSU: tp_marker: unmark process: pid:11153, uid: 10317, comm:e.appprediction
[  557.246922] KernelSU: tp_marker: unmark process: pid:11161, uid: 10317, comm:Signal Catcher
[  557.246926] KernelSU: tp_marker: unmark process: pid:11162, uid: 10317, comm:perfetto_hprof_
[  557.246931] KernelSU: tp_marker: unmark process: pid:11163, uid: 10317, comm:Jit thread pool
[  557.246934] KernelSU: tp_marker: unmark process: pid:11164, uid: 10317, comm:HeapTaskDaemon
[  557.246937] KernelSU: tp_marker: unmark process: pid:11165, uid: 10317, comm:ReferenceQueueD
[  557.246941] KernelSU: tp_marker: unmark process: pid:11166, uid: 10317, comm:FinalizerDaemon
[  557.246945] KernelSU: tp_marker: unmark process: pid:11167, uid: 10317, comm:FinalizerWatchd
[  557.246949] KernelSU: tp_marker: unmark process: pid:11168, uid: 10317, comm:binder:11153_1
[  557.246952] KernelSU: tp_marker: unmark process: pid:11169, uid: 10317, comm:binder:11153_2
[  557.246955] KernelSU: tp_marker: unmark process: pid:11171, uid: 10317, comm:binder:11153_3
[  557.246958] KernelSU: tp_marker: unmark process: pid:11172, uid: 10317, comm:Profile Saver
[  557.246961] KernelSU: tp_marker: unmark process: pid:11173, uid: 10317, comm:PredictionProvi
[  557.246966] KernelSU: tp_marker: unmark process: pid:11176, uid: 10317, comm:HwBinder:11153_
[  557.246972] KernelSU: tp_marker: unmark process: pid:11178, uid: 10318, comm:.datadisclaimer
[  557.246976] KernelSU: tp_marker: unmark process: pid:11179, uid: 10318, comm:Signal Catcher
[  557.246980] KernelSU: tp_marker: unmark process: pid:11180, uid: 10318, comm:perfetto_hprof_
[  557.246984] KernelSU: tp_marker: unmark process: pid:11181, uid: 10318, comm:Jit thread pool
[  557.246987] KernelSU: tp_marker: unmark process: pid:11182, uid: 10318, comm:HeapTaskDaemon
[  557.246990] KernelSU: tp_marker: unmark process: pid:11183, uid: 10318, comm:ReferenceQueueD
[  557.246993] KernelSU: tp_marker: unmark process: pid:11184, uid: 10318, comm:FinalizerDaemon
[  557.246996] KernelSU: tp_marker: unmark process: pid:11185, uid: 10318, comm:FinalizerWatchd
[  557.246999] KernelSU: tp_marker: unmark process: pid:11186, uid: 10318, comm:binder:11178_1
[  557.247003] KernelSU: tp_marker: unmark process: pid:11187, uid: 10318, comm:binder:11178_2
[  557.247006] KernelSU: tp_marker: unmark process: pid:11188, uid: 10318, comm:binder:11178_3
[  557.247010] KernelSU: tp_marker: unmark process: pid:11190, uid: 10318, comm:Profile Saver
[  557.247013] KernelSU: tp_marker: unmark process: pid:11199, uid: 10318, comm:HwBinder:11178_
[  557.247018] KernelSU: tp_marker: unmark process: pid:11202, uid: 10318, comm:queued-work-loo
[  557.247021] KernelSU: tp_marker: unmark process: pid:13162, uid: 10318, comm:binder:11178_4
[  557.247026] KernelSU: tp_marker: unmark process: pid:11201, uid: 10202, comm:providers.media
[  557.247030] KernelSU: tp_marker: unmark process: pid:11203, uid: 10202, comm:Signal Catcher
[  557.247033] KernelSU: tp_marker: unmark process: pid:11204, uid: 10202, comm:perfetto_hprof_
[  557.247036] KernelSU: tp_marker: unmark process: pid:11205, uid: 10202, comm:Jit thread pool
[  557.247039] KernelSU: tp_marker: unmark process: pid:11206, uid: 10202, comm:HeapTaskDaemon
[  557.247042] KernelSU: tp_marker: unmark process: pid:11208, uid: 10202, comm:ReferenceQueueD
[  557.247046] KernelSU: tp_marker: unmark process: pid:11209, uid: 10202, comm:FinalizerDaemon
[  557.247050] KernelSU: tp_marker: unmark process: pid:11210, uid: 10202, comm:FinalizerWatchd
[  557.247053] KernelSU: tp_marker: unmark process: pid:11212, uid: 10202, comm:binder:11201_1
[  557.247057] KernelSU: tp_marker: unmark process: pid:11213, uid: 10202, comm:binder:11201_2
[  557.247060] KernelSU: tp_marker: unmark process: pid:11214, uid: 10202, comm:binder:11201_3
[  557.247063] KernelSU: tp_marker: unmark process: pid:11215, uid: 10202, comm:Profile Saver
[  557.247066] KernelSU: tp_marker: unmark process: pid:11217, uid: 10202, comm:pool-2-thread-1
[  557.247071] KernelSU: tp_marker: unmark process: pid:11228, uid: 10202, comm:HwBinder:11201_
[  557.247074] KernelSU: tp_marker: unmark process: pid:11417, uid: 10202, comm:SyncQueueHandle
[  557.247077] KernelSU: tp_marker: unmark process: pid:11437, uid: 10202, comm:pool-5-thread-1
[  557.247081] KernelSU: tp_marker: unmark process: pid:13084, uid: 10202, comm:binder:11201_4
[  557.247085] KernelSU: tp_marker: unmark process: pid:15286, uid: 10202, comm:binder:11201_5
[  557.247090] KernelSU: tp_marker: unmark process: pid:11216, uid: 10349, comm:facebook.system
[  557.247094] KernelSU: tp_marker: unmark process: pid:11218, uid: 10349, comm:Signal Catcher
[  557.247097] KernelSU: tp_marker: unmark process: pid:11219, uid: 10349, comm:perfetto_hprof_
[  557.247100] KernelSU: tp_marker: unmark process: pid:11220, uid: 10349, comm:Jit thread pool
[  557.247103] KernelSU: tp_marker: unmark process: pid:11221, uid: 10349, comm:HeapTaskDaemon
[  557.247107] KernelSU: tp_marker: unmark process: pid:11222, uid: 10349, comm:ReferenceQueueD
[  557.247111] KernelSU: tp_marker: unmark process: pid:11223, uid: 10349, comm:FinalizerDaemon
[  557.247115] KernelSU: tp_marker: unmark process: pid:11224, uid: 10349, comm:FinalizerWatchd
[  557.247118] KernelSU: tp_marker: unmark process: pid:11225, uid: 10349, comm:binder:11216_1
[  557.247121] KernelSU: tp_marker: unmark process: pid:11226, uid: 10349, comm:binder:11216_2
[  557.247124] KernelSU: tp_marker: unmark process: pid:11227, uid: 10349, comm:binder:11216_3
[  557.247127] KernelSU: tp_marker: unmark process: pid:11229, uid: 10349, comm:Profile Saver
[  557.247131] KernelSU: tp_marker: unmark process: pid:11232, uid: 10349, comm:queued-work-loo
[  557.247134] KernelSU: tp_marker: unmark process: pid:11245, uid: 10349, comm:HwBinder:11216_
[  557.247142] KernelSU: tp_marker: unmark process: pid:11231, uid: 10200, comm:puk1locksupport
[  557.247146] KernelSU: tp_marker: unmark process: pid:11234, uid: 10200, comm:Signal Catcher
[  557.247151] KernelSU: tp_marker: unmark process: pid:11235, uid: 10200, comm:perfetto_hprof_
[  557.247156] KernelSU: tp_marker: unmark process: pid:11236, uid: 10200, comm:Jit thread pool
[  557.247160] KernelSU: tp_marker: unmark process: pid:11237, uid: 10200, comm:HeapTaskDaemon
[  557.247163] KernelSU: tp_marker: unmark process: pid:11238, uid: 10200, comm:ReferenceQueueD
[  557.247166] KernelSU: tp_marker: unmark process: pid:11239, uid: 10200, comm:FinalizerDaemon
[  557.247170] KernelSU: tp_marker: unmark process: pid:11240, uid: 10200, comm:FinalizerWatchd
[  557.247173] KernelSU: tp_marker: unmark process: pid:11241, uid: 10200, comm:binder:11231_1
[  557.247178] KernelSU: tp_marker: unmark process: pid:11242, uid: 10200, comm:binder:11231_2
[  557.247181] KernelSU: tp_marker: unmark process: pid:11243, uid: 10200, comm:binder:11231_3
[  557.247184] KernelSU: tp_marker: unmark process: pid:11244, uid: 10200, comm:Profile Saver
[  557.247188] KernelSU: tp_marker: unmark process: pid:11246, uid: 10200, comm:HwBinder:11231_
[  557.247195] KernelSU: tp_marker: unmark process: pid:11248, uid: 10389, comm:o.android.yjtop
[  557.247199] KernelSU: tp_marker: unmark process: pid:11249, uid: 10389, comm:Signal Catcher
[  557.247203] KernelSU: tp_marker: unmark process: pid:11250, uid: 10389, comm:perfetto_hprof_
[  557.247207] KernelSU: tp_marker: unmark process: pid:11251, uid: 10389, comm:Jit thread pool
[  557.247211] KernelSU: tp_marker: unmark process: pid:11252, uid: 10389, comm:HeapTaskDaemon
[  557.247214] KernelSU: tp_marker: unmark process: pid:11253, uid: 10389, comm:ReferenceQueueD
[  557.247218] KernelSU: tp_marker: unmark process: pid:11254, uid: 10389, comm:FinalizerDaemon
[  557.247221] KernelSU: tp_marker: unmark process: pid:11255, uid: 10389, comm:FinalizerWatchd
[  557.247225] KernelSU: tp_marker: unmark process: pid:11256, uid: 10389, comm:binder:11248_1
[  557.247229] KernelSU: tp_marker: unmark process: pid:11257, uid: 10389, comm:binder:11248_2
[  557.247234] KernelSU: tp_marker: unmark process: pid:11258, uid: 10389, comm:binder:11248_3
[  557.247238] KernelSU: tp_marker: unmark process: pid:11262, uid: 10389, comm:Profile Saver
[  557.247242] KernelSU: tp_marker: unmark process: pid:11263, uid: 10389, comm:pool-2-thread-1
[  557.247246] KernelSU: tp_marker: unmark process: pid:11264, uid: 10389, comm:Firebase Backgr
[  557.247250] KernelSU: tp_marker: unmark process: pid:11266, uid: 10389, comm:ScionFrontendAp
[  557.247253] KernelSU: tp_marker: unmark process: pid:11267, uid: 10389, comm:DefaultDispatch
[  557.247258] KernelSU: tp_marker: unmark process: pid:11268, uid: 10389, comm:DefaultDispatch
[  557.247261] KernelSU: tp_marker: unmark process: pid:11269, uid: 10389, comm:DefaultDispatch
[  557.247264] KernelSU: tp_marker: unmark process: pid:11270, uid: 10389, comm:Firebase-Messag
[  557.247268] KernelSU: tp_marker: unmark process: pid:11271, uid: 10389, comm:Firebase-Messag
[  557.247272] KernelSU: tp_marker: unmark process: pid:11272, uid: 10389, comm:Firebase Blocki
[  557.247275] KernelSU: tp_marker: unmark process: pid:11274, uid: 10389, comm:Firebase Blocki
[  557.247279] KernelSU: tp_marker: unmark process: pid:11275, uid: 10389, comm:Firebase Blocki
[  557.247284] KernelSU: tp_marker: unmark process: pid:11276, uid: 10389, comm:Firebase Blocki
[  557.247287] KernelSU: tp_marker: unmark process: pid:11277, uid: 10389, comm:Firebase Backgr
[  557.247290] KernelSU: tp_marker: unmark process: pid:11278, uid: 10389, comm:Firebase Backgr
[  557.247295] KernelSU: tp_marker: unmark process: pid:11279, uid: 10389, comm:Firebase Backgr
[  557.247298] KernelSU: tp_marker: unmark process: pid:11281, uid: 10389, comm:MessengerIpcCli
[  557.247302] KernelSU: tp_marker: unmark process: pid:11283, uid: 10389, comm:GmsDynamite
[  557.247305] KernelSU: tp_marker: unmark process: pid:11284, uid: 10389, comm:FileObserver
[  557.247308] KernelSU: tp_marker: unmark process: pid:11285, uid: 10389, comm:pool-16-thread-
[  557.247312] KernelSU: tp_marker: unmark process: pid:11287, uid: 10389, comm:GoogleApiHandle
[  557.247316] KernelSU: tp_marker: unmark process: pid:11289, uid: 10389, comm:ProcessStablePh
[  557.247319] KernelSU: tp_marker: unmark process: pid:11290, uid: 10389, comm:queued-work-loo
[  557.247323] KernelSU: tp_marker: unmark process: pid:11293, uid: 10389, comm:WM.task-1
[  557.247327] KernelSU: tp_marker: unmark process: pid:11295, uid: 10389, comm:WM.task-2
[  557.247331] KernelSU: tp_marker: unmark process: pid:11296, uid: 10389, comm:WM.task-3
[  557.247334] KernelSU: tp_marker: unmark process: pid:11297, uid: 10389, comm:WM.task-4
[  557.247338] KernelSU: tp_marker: unmark process: pid:11302, uid: 10389, comm:CleanupReferenc
[  557.247342] KernelSU: tp_marker: unmark process: pid:11303, uid: 10389, comm:CookieMonsterCl
[  557.247346] KernelSU: tp_marker: unmark process: pid:11304, uid: 10389, comm:CookieMonsterBa
[  557.247350] KernelSU: tp_marker: unmark process: pid:11305, uid: 10389, comm:Chrome_ProcessL
[  557.247353] KernelSU: tp_marker: unmark process: pid:11313, uid: 10389, comm:PerfettoTrace
[  557.247356] KernelSU: tp_marker: unmark process: pid:11315, uid: 10389, comm:ThreadPoolServi
[  557.247361] KernelSU: tp_marker: unmark process: pid:11317, uid: 10389, comm:ThreadPoolForeg
[  557.247364] KernelSU: tp_marker: unmark process: pid:11318, uid: 10389, comm:ThreadPoolForeg
[  557.247368] KernelSU: tp_marker: unmark process: pid:11319, uid: 10389, comm:ThreadPoolForeg
[  557.247371] KernelSU: tp_marker: unmark process: pid:11320, uid: 10389, comm:Chrome_IOThread
[  557.247374] KernelSU: tp_marker: unmark process: pid:11321, uid: 10389, comm:MemoryInfra
[  557.247378] KernelSU: tp_marker: unmark process: pid:11324, uid: 10389, comm:ThreadPoolForeg
[  557.247382] KernelSU: tp_marker: unmark process: pid:11325, uid: 10389, comm:ThreadPoolForeg
[  557.247386] KernelSU: tp_marker: unmark process: pid:11326, uid: 10389, comm:AudioThread
[  557.247391] KernelSU: tp_marker: unmark process: pid:11327, uid: 10389, comm:ThreadPoolForeg
[  557.247395] KernelSU: tp_marker: unmark process: pid:11328, uid: 10389, comm:VideoCaptureThr
[  557.247399] KernelSU: tp_marker: unmark process: pid:11329, uid: 10389, comm:GoogleApiHandle
[  557.247402] KernelSU: tp_marker: unmark process: pid:11330, uid: 10389, comm:NetworkService
[  557.247405] KernelSU: tp_marker: unmark process: pid:11332, uid: 10389, comm:ThreadPoolSingl
[  557.247408] KernelSU: tp_marker: unmark process: pid:11333, uid: 10389, comm:DefaultDispatch
[  557.247412] KernelSU: tp_marker: unmark process: pid:11334, uid: 10389, comm:DefaultDispatch
[  557.247415] KernelSU: tp_marker: unmark process: pid:11335, uid: 10389, comm:RxSchedulerPurg
[  557.247418] KernelSU: tp_marker: unmark process: pid:11336, uid: 10389, comm:RxCachedWorkerP
[  557.247422] KernelSU: tp_marker: unmark process: pid:11341, uid: 10389, comm:pool-23-thread-
[  557.247425] KernelSU: tp_marker: unmark process: pid:11342, uid: 10389, comm:Thread-9
[  557.247429] KernelSU: tp_marker: unmark process: pid:11343, uid: 10389, comm:AsyncTask #1
[  557.247432] KernelSU: tp_marker: unmark process: pid:11344, uid: 10389, comm:Picasso-Stats
[  557.247435] KernelSU: tp_marker: unmark process: pid:11345, uid: 10389, comm:Picasso-Dispatc
[  557.247439] KernelSU: tp_marker: unmark process: pid:11346, uid: 10389, comm:Picasso-refQueu
[  557.247442] KernelSU: tp_marker: unmark process: pid:11354, uid: 10389, comm:ConnectivityThr
[  557.247445] KernelSU: tp_marker: unmark process: pid:11362, uid: 10389, comm:AdWorker(Client
[  557.247448] KernelSU: tp_marker: unmark process: pid:11363, uid: 10389, comm:AdWorker(NG) #1
[  557.247451] KernelSU: tp_marker: unmark process: pid:11370, uid: 10389, comm:GoogleApiHandle
[  557.247454] KernelSU: tp_marker: unmark process: pid:11373, uid: 10389, comm:pool-29-thread-
[  557.247457] KernelSU: tp_marker: unmark process: pid:11377, uid: 10389, comm:DefaultDispatch
[  557.247460] KernelSU: tp_marker: unmark process: pid:11378, uid: 10389, comm:DefaultDispatch
[  557.247463] KernelSU: tp_marker: unmark process: pid:11379, uid: 10389, comm:DefaultDispatch
[  557.247466] KernelSU: tp_marker: unmark process: pid:11380, uid: 10389, comm:DefaultExecutor
[  557.247469] KernelSU: tp_marker: unmark process: pid:11381, uid: 10389, comm:Adjust-pool-31-
[  557.247472] KernelSU: tp_marker: unmark process: pid:11383, uid: 10389, comm:pool-22-thread-
[  557.247476] KernelSU: tp_marker: unmark process: pid:11384, uid: 10389, comm:pool-34-thread-
[  557.247480] KernelSU: tp_marker: unmark process: pid:11385, uid: 10389, comm:binder:11248_4
[  557.247484] KernelSU: tp_marker: unmark process: pid:11386, uid: 10389, comm:ThreadPoolSingl
[  557.247488] KernelSU: tp_marker: unmark process: pid:11394, uid: 10389, comm:binder:11248_5
[  557.247492] KernelSU: tp_marker: unmark process: pid:11396, uid: 10389, comm:CameraAvailabil
[  557.247497] KernelSU: tp_marker: unmark process: pid:11412, uid: 10389, comm:VizWebView
[  557.247501] KernelSU: tp_marker: unmark process: pid:11427, uid: 10389, comm:pool-35-thread-
[  557.247505] KernelSU: tp_marker: unmark process: pid:11441, uid: 10389, comm:Adjust-pool-36-
[  557.247509] KernelSU: tp_marker: unmark process: pid:11442, uid: 10389, comm:Adjust-pool-37-
[  557.247513] KernelSU: tp_marker: unmark process: pid:11443, uid: 10389, comm:Chrome_InProcGp
[  557.247517] KernelSU: tp_marker: unmark process: pid:11447, uid: 10389, comm:JavaBridge
[  557.247522] KernelSU: tp_marker: unmark process: pid:11455, uid: 10389, comm:AudioPortEventH
[  557.247526] KernelSU: tp_marker: unmark process: pid:11458, uid: 10389, comm:Chrome_ChildIOT
[  557.247530] KernelSU: tp_marker: unmark process: pid:11493, uid: 10389, comm:SAFE_BROWSING_A
[  557.247534] KernelSU: tp_marker: unmark process: pid:11495, uid: 10389, comm:ThreadPoolSingl
[  557.247539] KernelSU: tp_marker: unmark process: pid:11650, uid: 10389, comm:pool-28-thread-
[  557.247543] KernelSU: tp_marker: unmark process: pid:13099, uid: 10389, comm:ProcessStablePh
[  557.247547] KernelSU: tp_marker: unmark process: pid:13127, uid: 10389, comm:MB Worker U 1
[  557.247551] KernelSU: tp_marker: unmark process: pid:13128, uid: 10389, comm:MB Worker U 2
[  557.247556] KernelSU: tp_marker: unmark process: pid:13129, uid: 10389, comm:MB Worker U 3
[  557.247560] KernelSU: tp_marker: unmark process: pid:13130, uid: 10389, comm:MB Worker U 4
[  557.247565] KernelSU: tp_marker: unmark process: pid:13131, uid: 10389, comm:Thread-14
[  557.247569] KernelSU: tp_marker: unmark process: pid:13322, uid: 10389, comm:binder:11248_6
[  557.247573] KernelSU: tp_marker: unmark process: pid:13327, uid: 10389, comm:android.bg
[  557.247579] KernelSU: tp_marker: unmark process: pid:11306, uid: 99001, comm:ocessService0:0
[  557.247584] KernelSU: tp_marker: unmark process: pid:11307, uid: 99001, comm:Signal Catcher
[  557.247588] KernelSU: tp_marker: unmark process: pid:11308, uid: 99001, comm:perfetto_hprof_
[  557.247592] KernelSU: tp_marker: unmark process: pid:11309, uid: 99001, comm:HeapTaskDaemon
[  557.247596] KernelSU: tp_marker: unmark process: pid:11310, uid: 99001, comm:ReferenceQueueD
[  557.247600] KernelSU: tp_marker: unmark process: pid:11311, uid: 99001, comm:FinalizerDaemon
[  557.247604] KernelSU: tp_marker: unmark process: pid:11312, uid: 99001, comm:FinalizerWatchd
[  557.247608] KernelSU: tp_marker: unmark process: pid:11314, uid: 99001, comm:binder:11306_1
[  557.247612] KernelSU: tp_marker: unmark process: pid:11316, uid: 99001, comm:binder:11306_2
[  557.247616] KernelSU: tp_marker: unmark process: pid:11322, uid: 99001, comm:binder:11306_3
[  557.247620] KernelSU: tp_marker: unmark process: pid:11331, uid: 99001, comm:CrRendererMain
[  557.247624] KernelSU: tp_marker: unmark process: pid:11450, uid: 99001, comm:PerfettoTrace
[  557.247628] KernelSU: tp_marker: unmark process: pid:11480, uid: 99001, comm:ThreadPoolServi
[  557.247634] KernelSU: tp_marker: unmark process: pid:11481, uid: 99001, comm:ThreadPoolForeg
[  557.247638] KernelSU: tp_marker: unmark process: pid:11482, uid: 99001, comm:ThreadPoolForeg
[  557.247642] KernelSU: tp_marker: unmark process: pid:11483, uid: 99001, comm:Chrome_ChildIOT
[  557.247646] KernelSU: tp_marker: unmark process: pid:11489, uid: 99001, comm:ThreadPoolForeg
[  557.247650] KernelSU: tp_marker: unmark process: pid:11497, uid: 99001, comm:Compositor
[  557.247654] KernelSU: tp_marker: unmark process: pid:11499, uid: 99001, comm:ThreadPoolSingl
[  557.247658] KernelSU: tp_marker: unmark process: pid:11510, uid: 99001, comm:Preload scanner
[  557.247662] KernelSU: tp_marker: unmark process: pid:11517, uid: 99001, comm:ThreadPoolForeg
[  557.247665] KernelSU: tp_marker: unmark process: pid:13132, uid: 99001, comm:ThreadPoolForeg
[  557.247669] KernelSU: tp_marker: unmark process: pid:13133, uid: 99001, comm:ThreadPoolForeg
[  557.247673] KernelSU: tp_marker: unmark process: pid:13134, uid: 99001, comm:ThreadPoolForeg
[  557.247678] KernelSU: tp_marker: unmark process: pid:11398, uid: 10217, comm:arentalcontrols
[  557.247682] KernelSU: tp_marker: unmark process: pid:11399, uid: 10217, comm:Signal Catcher
[  557.247686] KernelSU: tp_marker: unmark process: pid:11400, uid: 10217, comm:perfetto_hprof_
[  557.247690] KernelSU: tp_marker: unmark process: pid:11401, uid: 10217, comm:Jit thread pool
[  557.247694] KernelSU: tp_marker: unmark process: pid:11402, uid: 10217, comm:HeapTaskDaemon
[  557.247698] KernelSU: tp_marker: unmark process: pid:11403, uid: 10217, comm:ReferenceQueueD
[  557.247702] KernelSU: tp_marker: unmark process: pid:11404, uid: 10217, comm:FinalizerDaemon
[  557.247706] KernelSU: tp_marker: unmark process: pid:11405, uid: 10217, comm:FinalizerWatchd
[  557.247709] KernelSU: tp_marker: unmark process: pid:11406, uid: 10217, comm:binder:11398_1
[  557.247713] KernelSU: tp_marker: unmark process: pid:11407, uid: 10217, comm:binder:11398_2
[  557.247717] KernelSU: tp_marker: unmark process: pid:11409, uid: 10217, comm:binder:11398_3
[  557.247721] KernelSU: tp_marker: unmark process: pid:11411, uid: 10217, comm:Profile Saver
[  557.247725] KernelSU: tp_marker: unmark process: pid:11418, uid: 10217, comm:queued-work-loo
[  557.247729] KernelSU: tp_marker: unmark process: pid:11422, uid: 10217, comm:CookieMonsterCl
[  557.247733] KernelSU: tp_marker: unmark process: pid:11423, uid: 10217, comm:CookieMonsterBa
[  557.247737] KernelSU: tp_marker: unmark process: pid:11424, uid: 10217, comm:HwBinder:11398_
[  557.247742] KernelSU: tp_marker: unmark process: pid:11428, uid: 10436, comm:droid.apps.docs
[  557.247746] KernelSU: tp_marker: unmark process: pid:11429, uid: 10436, comm:Signal Catcher
[  557.247749] KernelSU: tp_marker: unmark process: pid:11430, uid: 10436, comm:perfetto_hprof_
[  557.247753] KernelSU: tp_marker: unmark process: pid:11431, uid: 10436, comm:Jit thread pool
[  557.247758] KernelSU: tp_marker: unmark process: pid:11432, uid: 10436, comm:HeapTaskDaemon
[  557.247762] KernelSU: tp_marker: unmark process: pid:11433, uid: 10436, comm:ReferenceQueueD
[  557.247765] KernelSU: tp_marker: unmark process: pid:11434, uid: 10436, comm:FinalizerDaemon
[  557.247769] KernelSU: tp_marker: unmark process: pid:11435, uid: 10436, comm:FinalizerWatchd
[  557.247773] KernelSU: tp_marker: unmark process: pid:11436, uid: 10436, comm:binder:11428_1
[  557.247776] KernelSU: tp_marker: unmark process: pid:11438, uid: 10436, comm:binder:11428_2
[  557.247780] KernelSU: tp_marker: unmark process: pid:11439, uid: 10436, comm:binder:11428_3
[  557.247784] KernelSU: tp_marker: unmark process: pid:11440, uid: 10436, comm:Profile Saver
[  557.247788] KernelSU: tp_marker: unmark process: pid:11444, uid: 10436, comm:RxSchedulerPurg
[  557.247792] KernelSU: tp_marker: unmark process: pid:11445, uid: 10436, comm:RxCachedWorkerP
[  557.247796] KernelSU: tp_marker: unmark process: pid:11446, uid: 10436, comm:RxCachedThreadS
[  557.247801] KernelSU: tp_marker: unmark process: pid:11448, uid: 10436, comm:GoogleApiHandle
[  557.247804] KernelSU: tp_marker: unmark process: pid:11451, uid: 10436, comm:io-0
[  557.247807] KernelSU: tp_marker: unmark process: pid:11452, uid: 10436, comm:RxSingleSchedul
[  557.247811] KernelSU: tp_marker: unmark process: pid:11453, uid: 10436, comm:ProcessStablePh
[  557.247815] KernelSU: tp_marker: unmark process: pid:11457, uid: 10436, comm:Primes-1
[  557.247819] KernelSU: tp_marker: unmark process: pid:11459, uid: 10436, comm:Primes-nativecr
[  557.247823] KernelSU: tp_marker: unmark process: pid:11460, uid: 10436, comm:TaskSchedulerLo
[  557.247827] KernelSU: tp_marker: unmark process: pid:11461, uid: 10436, comm:TaskScheduler0
[  557.247832] KernelSU: tp_marker: unmark process: pid:11462, uid: 10436, comm:RxCachedThreadS
[  557.247835] KernelSU: tp_marker: unmark process: pid:11463, uid: 10436, comm:RxCachedThreadS
[  557.247841] KernelSU: tp_marker: unmark process: pid:11464, uid: 10436, comm:RxCachedThreadS
[  557.247845] KernelSU: tp_marker: unmark process: pid:11465, uid: 10436, comm:RxCachedThreadS
[  557.247848] KernelSU: tp_marker: unmark process: pid:11466, uid: 10436, comm:RxCachedThreadS
[  557.247852] KernelSU: tp_marker: unmark process: pid:11467, uid: 10436, comm:RxCachedThreadS
[  557.247856] KernelSU: tp_marker: unmark process: pid:11468, uid: 10436, comm:RxCachedThreadS
[  557.247858] KernelSU: tp_marker: unmark process: pid:11469, uid: 10436, comm:RxCachedThreadS
[  557.247862] KernelSU: tp_marker: unmark process: pid:11470, uid: 10436, comm:RxCachedThreadS
[  557.247865] KernelSU: tp_marker: unmark process: pid:11471, uid: 10436, comm:RxCachedThreadS
[  557.247868] KernelSU: tp_marker: unmark process: pid:11473, uid: 10436, comm:RxCachedThreadS
[  557.247870] KernelSU: tp_marker: unmark process: pid:11474, uid: 10436, comm:Firebase Backgr
[  557.247873] KernelSU: tp_marker: unmark process: pid:11475, uid: 10436, comm:CelloPrewarmer-
[  557.247876] KernelSU: tp_marker: unmark process: pid:11476, uid: 10436, comm:CelloPrewarmer-
[  557.247879] KernelSU: tp_marker: unmark process: pid:11477, uid: 10436, comm:gnp-blocking-th
[  557.247883] KernelSU: tp_marker: unmark process: pid:11478, uid: 10436, comm:android.bg
[  557.247886] KernelSU: tp_marker: unmark process: pid:11479, uid: 10436, comm:ImpressionsTrac
[  557.247889] KernelSU: tp_marker: unmark process: pid:11484, uid: 10436, comm:DocsEventDispat
[  557.247892] KernelSU: tp_marker: unmark process: pid:11485, uid: 10436, comm:DefaultDispatch
[  557.247895] KernelSU: tp_marker: unmark process: pid:11486, uid: 10436, comm:DefaultDispatch
[  557.247898] KernelSU: tp_marker: unmark process: pid:11488, uid: 10436, comm:ConnectivityThr
[  557.247901] KernelSU: tp_marker: unmark process: pid:11490, uid: 10436, comm:gnp-blocking-th
[  557.247905] KernelSU: tp_marker: unmark process: pid:11491, uid: 10436, comm:DefaultDispatch
[  557.247908] KernelSU: tp_marker: unmark process: pid:11511, uid: 10436, comm:gnp-scheduler-0
[  557.247911] KernelSU: tp_marker: unmark process: pid:11514, uid: 10436, comm:io-1
[  557.247914] KernelSU: tp_marker: unmark process: pid:11515, uid: 10436, comm:CORPUS_INITcf65
[  557.247916] KernelSU: tp_marker: unmark process: pid:11538, uid: 10436, comm:CORPUS_INITe409
[  557.247920] KernelSU: tp_marker: unmark process: pid:11567, uid: 10436, comm:CelloTaskRunner
[  557.247923] KernelSU: tp_marker: unmark process: pid:11571, uid: 10436, comm:CelloTaskRunner
[  557.247927] KernelSU: tp_marker: unmark process: pid:11597, uid: 10436, comm:JniCall
[  557.247930] KernelSU: tp_marker: unmark process: pid:11598, uid: 10436, comm:CelloTaskRunner
[  557.247934] KernelSU: tp_marker: unmark process: pid:11601, uid: 10436, comm:JniCall
[  557.247937] KernelSU: tp_marker: unmark process: pid:11602, uid: 10436, comm:CelloTaskRunner
[  557.247941] KernelSU: tp_marker: unmark process: pid:11603, uid: 10436, comm:CelloTaskRunner
[  557.247944] KernelSU: tp_marker: unmark process: pid:11604, uid: 10436, comm:CseThread
[  557.247947] KernelSU: tp_marker: unmark process: pid:11631, uid: 10436, comm:CelloTaskRunner
[  557.247950] KernelSU: tp_marker: unmark process: pid:11645, uid: 10436, comm:GoogleApiHandle
[  557.247953] KernelSU: tp_marker: unmark process: pid:11646, uid: 10436, comm:CseThread
[  557.247955] KernelSU: tp_marker: unmark process: pid:11647, uid: 10436, comm:ProcessStablePh
[  557.247959] KernelSU: tp_marker: unmark process: pid:11683, uid: 10436, comm:akos TaskRunner
[  557.247963] KernelSU: tp_marker: unmark process: pid:11735, uid: 10436, comm:akos Connection
[  557.247966] KernelSU: tp_marker: unmark process: pid:11747, uid: 10436, comm:Okio Watchdog
[  557.247968] KernelSU: tp_marker: unmark process: pid:11749, uid: 10436, comm:akos TaskRunner
[  557.247972] KernelSU: tp_marker: unmark process: pid:11753, uid: 10436, comm:Primes-2
[  557.247974] KernelSU: tp_marker: unmark process: pid:11837, uid: 10436, comm:AsyncLocalStore
[  557.247978] KernelSU: tp_marker: unmark process: pid:11923, uid: 10436, comm:AsyncLocalStore
[  557.247982] KernelSU: tp_marker: unmark process: pid:12087, uid: 10436, comm:io-2
[  557.247985] KernelSU: tp_marker: unmark process: pid:12088, uid: 10436, comm:io-3
[  557.247988] KernelSU: tp_marker: unmark process: pid:12089, uid: 10436, comm:io-4
[  557.247991] KernelSU: tp_marker: unmark process: pid:12120, uid: 10436, comm:akos TaskRunner
[  557.247994] KernelSU: tp_marker: unmark process: pid:12172, uid: 10436, comm:io-5
[  557.247997] KernelSU: tp_marker: unmark process: pid:12173, uid: 10436, comm:io-6
[  557.248001] KernelSU: tp_marker: unmark process: pid:12174, uid: 10436, comm:DefaultDispatch
[  557.248004] KernelSU: tp_marker: unmark process: pid:12175, uid: 10436, comm:DefaultDispatch
[  557.248007] KernelSU: tp_marker: unmark process: pid:12176, uid: 10436, comm:io-7
[  557.248010] KernelSU: tp_marker: unmark process: pid:12177, uid: 10436, comm:io-8
[  557.248013] KernelSU: tp_marker: unmark process: pid:12178, uid: 10436, comm:io-9
[  557.248016] KernelSU: tp_marker: unmark process: pid:12179, uid: 10436, comm:io-10
[  557.248018] KernelSU: tp_marker: unmark process: pid:12180, uid: 10436, comm:io-11
[  557.248022] KernelSU: tp_marker: unmark process: pid:12183, uid: 10436, comm:io-12
[  557.248025] KernelSU: tp_marker: unmark process: pid:12188, uid: 10436, comm:io-13
[  557.248027] KernelSU: tp_marker: unmark process: pid:12190, uid: 10436, comm:io-14
[  557.248030] KernelSU: tp_marker: unmark process: pid:12196, uid: 10436, comm:pool-17-thread-
[  557.248033] KernelSU: tp_marker: unmark process: pid:12210, uid: 10436, comm:pool-19-thread-
[  557.248037] KernelSU: tp_marker: unmark process: pid:12245, uid: 10436, comm:pool-20-thread-
[  557.248041] KernelSU: tp_marker: unmark process: pid:12248, uid: 10436, comm:CORPUS_INIT4727
[  557.248046] KernelSU: tp_marker: unmark process: pid:12264, uid: 10436, comm:CelloTaskRunner
[  557.248049] KernelSU: tp_marker: unmark process: pid:12266, uid: 10436, comm:JniCall
[  557.248052] KernelSU: tp_marker: unmark process: pid:12267, uid: 10436, comm:CelloTaskRunner
[  557.248055] KernelSU: tp_marker: unmark process: pid:12268, uid: 10436, comm:CelloTaskRunner
[  557.248058] KernelSU: tp_marker: unmark process: pid:12314, uid: 10436, comm:CseThread
[  557.248061] KernelSU: tp_marker: unmark process: pid:12409, uid: 10436, comm:AsyncLocalStore
[  557.248064] KernelSU: tp_marker: unmark process: pid:12759, uid: 10436, comm:pool-21-thread-
[  557.248068] KernelSU: tp_marker: unmark process: pid:12801, uid: 10436, comm:pool-22-thread-
[  557.248071] KernelSU: tp_marker: unmark process: pid:12802, uid: 10436, comm:pool-23-thread-
[  557.248075] KernelSU: tp_marker: unmark process: pid:12807, uid: 10436, comm:pool-24-thread-
[  557.248078] KernelSU: tp_marker: unmark process: pid:12810, uid: 10436, comm:pool-25-thread-
[  557.248081] KernelSU: tp_marker: unmark process: pid:12918, uid: 10436, comm:BackgroundFileD
[  557.248085] KernelSU: tp_marker: unmark process: pid:13254, uid: 10436, comm:binder:11428_4
[  557.248089] KernelSU: tp_marker: unmark process: pid:13259, uid: 10436, comm:binder:11428_5
[  557.248092] KernelSU: tp_marker: unmark process: pid:13264, uid: 10436, comm:binder:11428_6
[  557.248096] KernelSU: tp_marker: unmark process: pid:11498, uid: 10435, comm:cs.editors.docs
[  557.248100] KernelSU: tp_marker: unmark process: pid:11500, uid: 10435, comm:Signal Catcher
[  557.248103] KernelSU: tp_marker: unmark process: pid:11501, uid: 10435, comm:perfetto_hprof_
[  557.248106] KernelSU: tp_marker: unmark process: pid:11502, uid: 10435, comm:Jit thread pool
[  557.248109] KernelSU: tp_marker: unmark process: pid:11503, uid: 10435, comm:HeapTaskDaemon
[  557.248112] KernelSU: tp_marker: unmark process: pid:11504, uid: 10435, comm:ReferenceQueueD
[  557.248116] KernelSU: tp_marker: unmark process: pid:11505, uid: 10435, comm:FinalizerDaemon
[  557.248119] KernelSU: tp_marker: unmark process: pid:11506, uid: 10435, comm:FinalizerWatchd
[  557.248122] KernelSU: tp_marker: unmark process: pid:11507, uid: 10435, comm:binder:11498_1
[  557.248125] KernelSU: tp_marker: unmark process: pid:11508, uid: 10435, comm:binder:11498_2
[  557.248128] KernelSU: tp_marker: unmark process: pid:11509, uid: 10435, comm:binder:11498_3
[  557.248131] KernelSU: tp_marker: unmark process: pid:11513, uid: 10435, comm:Profile Saver
[  557.248135] KernelSU: tp_marker: unmark process: pid:11518, uid: 10435, comm:GoogleApiHandle
[  557.248139] KernelSU: tp_marker: unmark process: pid:11519, uid: 10435, comm:Primes-1
[  557.248142] KernelSU: tp_marker: unmark process: pid:11520, uid: 10435, comm:Primes-nativecr
[  557.248146] KernelSU: tp_marker: unmark process: pid:11521, uid: 10435, comm:TaskSchedulerLo
[  557.248148] KernelSU: tp_marker: unmark process: pid:11522, uid: 10435, comm:RxSchedulerPurg
[  557.248152] KernelSU: tp_marker: unmark process: pid:11523, uid: 10435, comm:RxCachedWorkerP
[  557.248154] KernelSU: tp_marker: unmark process: pid:11525, uid: 10435, comm:RxCachedThreadS
[  557.248157] KernelSU: tp_marker: unmark process: pid:11526, uid: 10435, comm:TaskScheduler0
[  557.248160] KernelSU: tp_marker: unmark process: pid:11527, uid: 10435, comm:ProcessStablePh
[  557.248163] KernelSU: tp_marker: unmark process: pid:11528, uid: 10435, comm:Interactive poo
[  557.248166] KernelSU: tp_marker: unmark process: pid:11532, uid: 10435, comm:io-0
[  557.248168] KernelSU: tp_marker: unmark process: pid:11533, uid: 10435, comm:RxSingleSchedul
[  557.248172] KernelSU: tp_marker: unmark process: pid:11534, uid: 10435, comm:ImpressionsTrac
[  557.248175] KernelSU: tp_marker: unmark process: pid:11535, uid: 10435, comm:ConnectivityThr
[  557.248178] KernelSU: tp_marker: unmark process: pid:11536, uid: 10435, comm:RxCachedThreadS
[  557.248181] KernelSU: tp_marker: unmark process: pid:11537, uid: 10435, comm:pool-10-thread-
[  557.248185] KernelSU: tp_marker: unmark process: pid:11539, uid: 10435, comm:Slow pool-0
[  557.248188] KernelSU: tp_marker: unmark process: pid:11540, uid: 10435, comm:Interactive poo
[  557.248191] KernelSU: tp_marker: unmark process: pid:11541, uid: 10435, comm:pool-11-thread-
[  557.248194] KernelSU: tp_marker: unmark process: pid:11543, uid: 10435, comm:CelloPrewarmer-
[  557.248197] KernelSU: tp_marker: unmark process: pid:11544, uid: 10435, comm:CelloPrewarmer-
[  557.248201] KernelSU: tp_marker: unmark process: pid:11545, uid: 10435, comm:pool-12-thread-
[  557.248204] KernelSU: tp_marker: unmark process: pid:11546, uid: 10435, comm:RxCachedThreadS
[  557.248207] KernelSU: tp_marker: unmark process: pid:11547, uid: 10435, comm:RxCachedThreadS
[  557.248210] KernelSU: tp_marker: unmark process: pid:11548, uid: 10435, comm:RxCachedThreadS
[  557.248213] KernelSU: tp_marker: unmark process: pid:11549, uid: 10435, comm:RxCachedThreadS
[  557.248216] KernelSU: tp_marker: unmark process: pid:11550, uid: 10435, comm:RxCachedThreadS
[  557.248219] KernelSU: tp_marker: unmark process: pid:11551, uid: 10435, comm:RxCachedThreadS
[  557.248222] KernelSU: tp_marker: unmark process: pid:11552, uid: 10435, comm:RxCachedThreadS
[  557.248225] KernelSU: tp_marker: unmark process: pid:11553, uid: 10435, comm:RxCachedThreadS
[  557.248228] KernelSU: tp_marker: unmark process: pid:11554, uid: 10435, comm:Back-P10-1
[  557.248231] KernelSU: tp_marker: unmark process: pid:11555, uid: 10435, comm:pool-14-thread-
[  557.248235] KernelSU: tp_marker: unmark process: pid:11557, uid: 10435, comm:DefaultDispatch
[  557.248238] KernelSU: tp_marker: unmark process: pid:11559, uid: 10435, comm:DefaultDispatch
[  557.248241] KernelSU: tp_marker: unmark process: pid:11560, uid: 10435, comm:DocsEventDispat
[  557.248244] KernelSU: tp_marker: unmark process: pid:11561, uid: 10435, comm:pool-15-thread-
[  557.248248] KernelSU: tp_marker: unmark process: pid:11562, uid: 10435, comm:gnp-blocking-th
[  557.248251] KernelSU: tp_marker: unmark process: pid:11563, uid: 10435, comm:gnp-blocking-th
[  557.248254] KernelSU: tp_marker: unmark process: pid:11565, uid: 10435, comm:CORPUS_INITe409
[  557.248257] KernelSU: tp_marker: unmark process: pid:11566, uid: 10435, comm:DefaultDispatch
[  557.248260] KernelSU: tp_marker: unmark process: pid:11569, uid: 10435, comm:RxCachedThreadS
[  557.248263] KernelSU: tp_marker: unmark process: pid:11573, uid: 10435, comm:CelloTaskRunner
[  557.248266] KernelSU: tp_marker: unmark process: pid:11574, uid: 10435, comm:gnp-scheduler-0
[  557.248269] KernelSU: tp_marker: unmark process: pid:11630, uid: 10435, comm:DefaultDispatch
[  557.248272] KernelSU: tp_marker: unmark process: pid:11648, uid: 10435, comm:JniCall
[  557.248275] KernelSU: tp_marker: unmark process: pid:11662, uid: 10435, comm:CelloTaskRunner
[  557.248277] KernelSU: tp_marker: unmark process: pid:11666, uid: 10435, comm:CelloTaskRunner
[  557.248281] KernelSU: tp_marker: unmark process: pid:11668, uid: 10435, comm:CseThread
[  557.248284] KernelSU: tp_marker: unmark process: pid:11833, uid: 10435, comm:AsyncLocalStore
[  557.248286] KernelSU: tp_marker: unmark process: pid:11969, uid: 10435, comm:io-1
[  557.248290] KernelSU: tp_marker: unmark process: pid:11970, uid: 10435, comm:io-2
[  557.248293] KernelSU: tp_marker: unmark process: pid:11974, uid: 10435, comm:io-3
[  557.248296] KernelSU: tp_marker: unmark process: pid:11975, uid: 10435, comm:io-4
[  557.248299] KernelSU: tp_marker: unmark process: pid:11976, uid: 10435, comm:io-5
[  557.248301] KernelSU: tp_marker: unmark process: pid:11977, uid: 10435, comm:io-6
[  557.248304] KernelSU: tp_marker: unmark process: pid:11978, uid: 10435, comm:io-7
[  557.248307] KernelSU: tp_marker: unmark process: pid:12094, uid: 10435, comm:ProcessStablePh
[  557.248310] KernelSU: tp_marker: unmark process: pid:12100, uid: 10435, comm:GoogleApiHandle
[  557.248314] KernelSU: tp_marker: unmark process: pid:12165, uid: 10435, comm:bgwv TaskRunner
[  557.248317] KernelSU: tp_marker: unmark process: pid:12187, uid: 10435, comm:Okio Watchdog
[  557.248320] KernelSU: tp_marker: unmark process: pid:12189, uid: 10435, comm:bgwv TaskRunner
[  557.248324] KernelSU: tp_marker: unmark process: pid:12209, uid: 10435, comm:bgwv Connection
[  557.248327] KernelSU: tp_marker: unmark process: pid:12231, uid: 10435, comm:Primes-2
[  557.248330] KernelSU: tp_marker: unmark process: pid:12249, uid: 10435, comm:StorageDbThread
[  557.248333] KernelSU: tp_marker: unmark process: pid:12813, uid: 10435, comm:pool-22-thread-
[  557.248336] KernelSU: tp_marker: unmark process: pid:12816, uid: 10435, comm:BackgroundFileD
[  557.248339] KernelSU: tp_marker: unmark process: pid:12818, uid: 10435, comm:CORPUS_INITcf65
[  557.248342] KernelSU: tp_marker: unmark process: pid:12827, uid: 10435, comm:CelloTaskRunner
[  557.248345] KernelSU: tp_marker: unmark process: pid:12829, uid: 10435, comm:JniCall
[  557.248348] KernelSU: tp_marker: unmark process: pid:12830, uid: 10435, comm:CelloTaskRunner
[  557.248352] KernelSU: tp_marker: unmark process: pid:12831, uid: 10435, comm:CelloTaskRunner
[  557.248355] KernelSU: tp_marker: unmark process: pid:12832, uid: 10435, comm:CseThread
[  557.248358] KernelSU: tp_marker: unmark process: pid:12859, uid: 10435, comm:AsyncLocalStore
[  557.248362] KernelSU: tp_marker: unmark process: pid:11581, uid: 10428, comm:id.apps.tachyon
[  557.248366] KernelSU: tp_marker: unmark process: pid:11582, uid: 10428, comm:Signal Catcher
[  557.248369] KernelSU: tp_marker: unmark process: pid:11583, uid: 10428, comm:perfetto_hprof_
[  557.248372] KernelSU: tp_marker: unmark process: pid:11585, uid: 10428, comm:ADB-JDWP Connec
[  557.248376] KernelSU: tp_marker: unmark process: pid:11586, uid: 10428, comm:Jit thread pool
[  557.248379] KernelSU: tp_marker: unmark process: pid:11587, uid: 10428, comm:HeapTaskDaemon
[  557.248383] KernelSU: tp_marker: unmark process: pid:11588, uid: 10428, comm:ReferenceQueueD
[  557.248386] KernelSU: tp_marker: unmark process: pid:11589, uid: 10428, comm:FinalizerDaemon
[  557.248390] KernelSU: tp_marker: unmark process: pid:11590, uid: 10428, comm:FinalizerWatchd
[  557.248393] KernelSU: tp_marker: unmark process: pid:11591, uid: 10428, comm:binder:11581_1
[  557.248396] KernelSU: tp_marker: unmark process: pid:11592, uid: 10428, comm:binder:11581_2
[  557.248399] KernelSU: tp_marker: unmark process: pid:11594, uid: 10428, comm:binder:11581_3
[  557.248403] KernelSU: tp_marker: unmark process: pid:11599, uid: 10428, comm:Profile Saver
[  557.248407] KernelSU: tp_marker: unmark process: pid:11606, uid: 10428, comm:Blocking Thread
[  557.248410] KernelSU: tp_marker: unmark process: pid:11607, uid: 10428, comm:Blocking Thread
[  557.248413] KernelSU: tp_marker: unmark process: pid:11608, uid: 10428, comm:BG Thread #0
[  557.248416] KernelSU: tp_marker: unmark process: pid:11610, uid: 10428, comm:GoogleApiHandle
[  557.248419] KernelSU: tp_marker: unmark process: pid:11613, uid: 10428, comm:Blocking Thread
[  557.248422] KernelSU: tp_marker: unmark process: pid:11614, uid: 10428, comm:Blocking Thread
[  557.248425] KernelSU: tp_marker: unmark process: pid:11615, uid: 10428, comm:BG Thread #1
[  557.248428] KernelSU: tp_marker: unmark process: pid:11616, uid: 10428, comm:BG Thread #2
[  557.248431] KernelSU: tp_marker: unmark process: pid:11617, uid: 10428, comm:BG Thread #3
[  557.248435] KernelSU: tp_marker: unmark process: pid:11618, uid: 10428, comm:Lite Thread #0
[  557.248439] KernelSU: tp_marker: unmark process: pid:11619, uid: 10428, comm:Lite Thread #1
[  557.248442] KernelSU: tp_marker: unmark process: pid:11620, uid: 10428, comm:Primes-1
[  557.248445] KernelSU: tp_marker: unmark process: pid:11621, uid: 10428, comm:Primes-nativecr
[  557.248448] KernelSU: tp_marker: unmark process: pid:11622, uid: 10428, comm:Scheduler Threa
[  557.248451] KernelSU: tp_marker: unmark process: pid:11623, uid: 10428, comm:Lite Thread #2
[  557.248454] KernelSU: tp_marker: unmark process: pid:11624, uid: 10428, comm:Lite Thread #3
[  557.248457] KernelSU: tp_marker: unmark process: pid:11625, uid: 10428, comm:Lite Thread #4
[  557.248460] KernelSU: tp_marker: unmark process: pid:11626, uid: 10428, comm:Lite Thread #5
[  557.248463] KernelSU: tp_marker: unmark process: pid:11632, uid: 10428, comm:DuoLogger-0
[  557.248467] KernelSU: tp_marker: unmark process: pid:11634, uid: 10428, comm:GmsDynamite
[  557.248470] KernelSU: tp_marker: unmark process: pid:11635, uid: 10428, comm:Firebase-Messag
[  557.248473] KernelSU: tp_marker: unmark process: pid:11636, uid: 10428, comm:Firebase-Messag
[  557.248477] KernelSU: tp_marker: unmark process: pid:11637, uid: 10428, comm:Firebase Backgr
[  557.248480] KernelSU: tp_marker: unmark process: pid:11638, uid: 10428, comm:Firebase Backgr
[  557.248484] KernelSU: tp_marker: unmark process: pid:11639, uid: 10428, comm:Firebase Backgr
[  557.248487] KernelSU: tp_marker: unmark process: pid:11640, uid: 10428, comm:Firebase Backgr
[  557.248490] KernelSU: tp_marker: unmark process: pid:11643, uid: 10428, comm:Blocking Thread
[  557.248493] KernelSU: tp_marker: unmark process: pid:11642, uid: 10428, comm:Blocking Thread
[  557.248496] KernelSU: tp_marker: unmark process: pid:11649, uid: 10428, comm:Blocking Thread
[  557.248499] KernelSU: tp_marker: unmark process: pid:11664, uid: 10428, comm:Blocking Thread
[  557.248503] KernelSU: tp_marker: unmark process: pid:11665, uid: 10428, comm:Blocking Thread
[  557.248506] KernelSU: tp_marker: unmark process: pid:11667, uid: 10428, comm:Blocking Thread
[  557.248509] KernelSU: tp_marker: unmark process: pid:11787, uid: 10428, comm:ernal.Finalizer
[  557.248512] KernelSU: tp_marker: unmark process: pid:11789, uid: 10428, comm:Lite Thread #0
[  557.248515] KernelSU: tp_marker: unmark process: pid:11920, uid: 10428, comm:queued-work-loo
[  557.248518] KernelSU: tp_marker: unmark process: pid:12208, uid: 10428, comm:binder:11581_4
[  557.248521] KernelSU: tp_marker: unmark process: pid:13016, uid: 10428, comm:Firebase-Messag
[  557.248524] KernelSU: tp_marker: unmark process: pid:13017, uid: 10428, comm:Firebase-Messag
[  557.248528] KernelSU: tp_marker: unmark process: pid:13018, uid: 10428, comm:firebase-iid-ex
[  557.248531] KernelSU: tp_marker: unmark process: pid:13019, uid: 10428, comm:Firebase Blocki
[  557.248535] KernelSU: tp_marker: unmark process: pid:11644, uid: 10487, comm:.apps.translate
[  557.248539] KernelSU: tp_marker: unmark process: pid:11672, uid: 10487, comm:Signal Catcher
[  557.248542] KernelSU: tp_marker: unmark process: pid:11673, uid: 10487, comm:perfetto_hprof_
[  557.248545] KernelSU: tp_marker: unmark process: pid:11674, uid: 10487, comm:Jit thread pool
[  557.248548] KernelSU: tp_marker: unmark process: pid:11675, uid: 10487, comm:HeapTaskDaemon
[  557.248551] KernelSU: tp_marker: unmark process: pid:11676, uid: 10487, comm:ReferenceQueueD
[  557.248554] KernelSU: tp_marker: unmark process: pid:11677, uid: 10487, comm:FinalizerDaemon
[  557.248556] KernelSU: tp_marker: unmark process: pid:11678, uid: 10487, comm:FinalizerWatchd
[  557.248559] KernelSU: tp_marker: unmark process: pid:11679, uid: 10487, comm:binder:11644_1
[  557.248562] KernelSU: tp_marker: unmark process: pid:11680, uid: 10487, comm:binder:11644_2
[  557.248566] KernelSU: tp_marker: unmark process: pid:11681, uid: 10487, comm:binder:11644_3
[  557.248569] KernelSU: tp_marker: unmark process: pid:11685, uid: 10487, comm:Profile Saver
[  557.248572] KernelSU: tp_marker: unmark process: pid:11689, uid: 10487, comm:ProcessStablePh
[  557.248575] KernelSU: tp_marker: unmark process: pid:11690, uid: 10487, comm:GoogleApiHandle
[  557.248578] KernelSU: tp_marker: unmark process: pid:11691, uid: 10487, comm:RxSchedulerPurg
[  557.248582] KernelSU: tp_marker: unmark process: pid:11692, uid: 10487, comm:RxCachedWorkerP
[  557.248585] KernelSU: tp_marker: unmark process: pid:11693, uid: 10487, comm:background-0
[  557.248588] KernelSU: tp_marker: unmark process: pid:11694, uid: 10487, comm:BackgroundExecu
[  557.248591] KernelSU: tp_marker: unmark process: pid:11695, uid: 10487, comm:CronetInit
[  557.248594] KernelSU: tp_marker: unmark process: pid:11696, uid: 10487, comm:ThreadPoolServi
[  557.248597] KernelSU: tp_marker: unmark process: pid:11697, uid: 10487, comm:ThreadPoolForeg
[  557.248600] KernelSU: tp_marker: unmark process: pid:11698, uid: 10487, comm:ThreadPoolForeg
[  557.248603] KernelSU: tp_marker: unmark process: pid:11700, uid: 10487, comm:CronetNet
[  557.248607] KernelSU: tp_marker: unmark process: pid:11701, uid: 10487, comm:BackgroundExecu
[  557.248610] KernelSU: tp_marker: unmark process: pid:11702, uid: 10487, comm:DefaultDispatch
[  557.248614] KernelSU: tp_marker: unmark process: pid:11703, uid: 10487, comm:DefaultDispatch
[  557.248617] KernelSU: tp_marker: unmark process: pid:11704, uid: 10487, comm:Primes-1
[  557.248621] KernelSU: tp_marker: unmark process: pid:11705, uid: 10487, comm:BackgroundExecu
[  557.248624] KernelSU: tp_marker: unmark process: pid:11706, uid: 10487, comm:ThreadPoolForeg
[  557.248629] KernelSU: tp_marker: unmark process: pid:11707, uid: 10487, comm:ThreadPoolForeg
[  557.248633] KernelSU: tp_marker: unmark process: pid:11708, uid: 10487, comm:gnp-blocking-th
[  557.248636] KernelSU: tp_marker: unmark process: pid:11709, uid: 10487, comm:CronetFile
[  557.248639] KernelSU: tp_marker: unmark process: pid:11710, uid: 10487, comm:background-1
[  557.248642] KernelSU: tp_marker: unmark process: pid:11711, uid: 10487, comm:background-2
[  557.248645] KernelSU: tp_marker: unmark process: pid:11712, uid: 10487, comm:background-3
[  557.248648] KernelSU: tp_marker: unmark process: pid:11713, uid: 10487, comm:DefaultDispatch
[  557.248651] KernelSU: tp_marker: unmark process: pid:11714, uid: 10487, comm:queued-work-loo
[  557.248653] KernelSU: tp_marker: unmark process: pid:11715, uid: 10487, comm:DefaultDispatch
[  557.248656] KernelSU: tp_marker: unmark process: pid:11716, uid: 10487, comm:DefaultDispatch
[  557.248660] KernelSU: tp_marker: unmark process: pid:11717, uid: 10487, comm:aahi Dispatcher
[  557.248663] KernelSU: tp_marker: unmark process: pid:11718, uid: 10487, comm:gnp-blocking-th
[  557.248666] KernelSU: tp_marker: unmark process: pid:11719, uid: 10487, comm:history-sequent
[  557.248669] KernelSU: tp_marker: unmark process: pid:11721, uid: 10487, comm:pool-14-thread-
[  557.248672] KernelSU: tp_marker: unmark process: pid:11723, uid: 10487, comm:gnp-background-
[  557.248675] KernelSU: tp_marker: unmark process: pid:11724, uid: 10487, comm:aahi Dispatcher
[  557.248679] KernelSU: tp_marker: unmark process: pid:11725, uid: 10487, comm:pool-14-thread-
[  557.248682] KernelSU: tp_marker: unmark process: pid:11726, uid: 10487, comm:gnp-background-
[  557.248685] KernelSU: tp_marker: unmark process: pid:11727, uid: 10487, comm:android.bg
[  557.248688] KernelSU: tp_marker: unmark process: pid:11728, uid: 10487, comm:gnp-background-
[  557.248691] KernelSU: tp_marker: unmark process: pid:11729, uid: 10487, comm:BackgroundExecu
[  557.248694] KernelSU: tp_marker: unmark process: pid:11730, uid: 10487, comm:pool-6-thread-1
[  557.248697] KernelSU: tp_marker: unmark process: pid:11731, uid: 10487, comm:gnp-background-
[  557.248700] KernelSU: tp_marker: unmark process: pid:11732, uid: 10487, comm:ernal.Finalizer
[  557.248702] KernelSU: tp_marker: unmark process: pid:11734, uid: 10487, comm:GmsDynamite
[  557.248705] KernelSU: tp_marker: unmark process: pid:11802, uid: 10487, comm:CronetInit
[  557.248708] KernelSU: tp_marker: unmark process: pid:11818, uid: 10487, comm:ThreadPoolServi
[  557.248711] KernelSU: tp_marker: unmark process: pid:11819, uid: 10487, comm:ThreadPoolForeg
[  557.248715] KernelSU: tp_marker: unmark process: pid:11820, uid: 10487, comm:CronetNet
[  557.248718] KernelSU: tp_marker: unmark process: pid:11822, uid: 10487, comm:pool-21-thread-
[  557.248721] KernelSU: tp_marker: unmark process: pid:11824, uid: 10487, comm:ThreadPoolForeg
[  557.248724] KernelSU: tp_marker: unmark process: pid:11825, uid: 10487, comm:CronetFile
[  557.248727] KernelSU: tp_marker: unmark process: pid:11826, uid: 10487, comm:ThreadPoolForeg
[  557.248730] KernelSU: tp_marker: unmark process: pid:11828, uid: 10487, comm:ThreadPoolForeg
[  557.248733] KernelSU: tp_marker: unmark process: pid:11830, uid: 10487, comm:ThreadPoolForeg
[  557.248737] KernelSU: tp_marker: unmark process: pid:11924, uid: 10487, comm:Primes-2
[  557.248740] KernelSU: tp_marker: unmark process: pid:12986, uid: 10487, comm:pool-11-thread-
[  557.248743] KernelSU: tp_marker: unmark process: pid:13010, uid: 10487, comm:CronetNet
[  557.248747] KernelSU: tp_marker: unmark process: pid:13012, uid: 10487, comm:CronetFile
[  557.248752] KernelSU: tp_marker: unmark process: pid:11733, uid: 10431, comm:ps.walletnfcrel
[  557.248755] KernelSU: tp_marker: unmark process: pid:11736, uid: 10431, comm:Signal Catcher
[  557.248758] KernelSU: tp_marker: unmark process: pid:11737, uid: 10431, comm:perfetto_hprof_
[  557.248762] KernelSU: tp_marker: unmark process: pid:11738, uid: 10431, comm:Jit thread pool
[  557.248765] KernelSU: tp_marker: unmark process: pid:11739, uid: 10431, comm:HeapTaskDaemon
[  557.248768] KernelSU: tp_marker: unmark process: pid:11740, uid: 10431, comm:ReferenceQueueD
[  557.248771] KernelSU: tp_marker: unmark process: pid:11741, uid: 10431, comm:FinalizerDaemon
[  557.248774] KernelSU: tp_marker: unmark process: pid:11742, uid: 10431, comm:FinalizerWatchd
[  557.248777] KernelSU: tp_marker: unmark process: pid:11743, uid: 10431, comm:binder:11733_1
[  557.248780] KernelSU: tp_marker: unmark process: pid:11744, uid: 10431, comm:binder:11733_2
[  557.248783] KernelSU: tp_marker: unmark process: pid:11745, uid: 10431, comm:binder:11733_3
[  557.248786] KernelSU: tp_marker: unmark process: pid:11748, uid: 10431, comm:Profile Saver
[  557.248789] KernelSU: tp_marker: unmark process: pid:11752, uid: 10431, comm:Firebase Backgr
[  557.248792] KernelSU: tp_marker: unmark process: pid:11754, uid: 10431, comm:GmsDynamite
[  557.248795] KernelSU: tp_marker: unmark process: pid:11755, uid: 10431, comm:GoogleApiHandle
[  557.248798] KernelSU: tp_marker: unmark process: pid:11757, uid: 10431, comm:Blocking Thread
[  557.248801] KernelSU: tp_marker: unmark process: pid:11758, uid: 10431, comm:Scheduler Threa
[  557.248804] KernelSU: tp_marker: unmark process: pid:11764, uid: 10431, comm:BG Thread #0
[  557.248807] KernelSU: tp_marker: unmark process: pid:11765, uid: 10431, comm:BG Thread #1
[  557.248810] KernelSU: tp_marker: unmark process: pid:11766, uid: 10431, comm:BG Thread #2
[  557.248813] KernelSU: tp_marker: unmark process: pid:11767, uid: 10431, comm:BG Thread #3
[  557.248816] KernelSU: tp_marker: unmark process: pid:11768, uid: 10431, comm:queued-work-loo
[  557.248820] KernelSU: tp_marker: unmark process: pid:11769, uid: 10431, comm:Firebase Backgr
[  557.248823] KernelSU: tp_marker: unmark process: pid:11770, uid: 10431, comm:Firebase Backgr
[  557.248826] KernelSU: tp_marker: unmark process: pid:11771, uid: 10431, comm:DefaultDispatch
[  557.248829] KernelSU: tp_marker: unmark process: pid:11811, uid: 10431, comm:Firebase Backgr
[  557.248832] KernelSU: tp_marker: unmark process: pid:11834, uid: 10431, comm:DefaultDispatch
[  557.248836] KernelSU: tp_marker: unmark process: pid:11835, uid: 10431, comm:DefaultDispatch
[  557.248839] KernelSU: tp_marker: unmark process: pid:11836, uid: 10431, comm:DefaultDispatch
[  557.248842] KernelSU: tp_marker: unmark process: pid:11838, uid: 10431, comm:DefaultDispatch
[  557.248845] KernelSU: tp_marker: unmark process: pid:11842, uid: 10431, comm:DefaultDispatch
[  557.248848] KernelSU: tp_marker: unmark process: pid:11843, uid: 10431, comm:DefaultDispatch
[  557.248851] KernelSU: tp_marker: unmark process: pid:11845, uid: 10431, comm:DefaultDispatch
[  557.248854] KernelSU: tp_marker: unmark process: pid:12833, uid: 10431, comm:gnp-background-
[  557.248858] KernelSU: tp_marker: unmark process: pid:12839, uid: 10431, comm:gnp-background-
[  557.248861] KernelSU: tp_marker: unmark process: pid:12841, uid: 10431, comm:gnp-background-
[  557.248864] KernelSU: tp_marker: unmark process: pid:12842, uid: 10431, comm:pool-12-thread-
[  557.248867] KernelSU: tp_marker: unmark process: pid:12845, uid: 10431, comm:gnp-background-
[  557.248870] KernelSU: tp_marker: unmark process: pid:12849, uid: 10431, comm:ConnectivityThr
[  557.248873] KernelSU: tp_marker: unmark process: pid:12905, uid: 10431, comm:binder:11733_4
[  557.248876] KernelSU: tp_marker: unmark process: pid:13145, uid: 10431, comm:Lite Thread #0
[  557.248880] KernelSU: tp_marker: unmark process: pid:13893, uid: 10431, comm:binder:11733_5
[  557.248883] KernelSU: tp_marker: unmark process: pid:13900, uid: 10431, comm:Blocking Thread
[  557.248888] KernelSU: tp_marker: unmark process: pid:11844, uid: 10484, comm:tractionService
[  557.248891] KernelSU: tp_marker: unmark process: pid:11846, uid: 10484, comm:Signal Catcher
[  557.248894] KernelSU: tp_marker: unmark process: pid:11847, uid: 10484, comm:perfetto_hprof_
[  557.248898] KernelSU: tp_marker: unmark process: pid:11848, uid: 10484, comm:Jit thread pool
[  557.248902] KernelSU: tp_marker: unmark process: pid:11849, uid: 10484, comm:HeapTaskDaemon
[  557.248905] KernelSU: tp_marker: unmark process: pid:11850, uid: 10484, comm:ReferenceQueueD
[  557.248908] KernelSU: tp_marker: unmark process: pid:11851, uid: 10484, comm:FinalizerDaemon
[  557.248910] KernelSU: tp_marker: unmark process: pid:11852, uid: 10484, comm:FinalizerWatchd
[  557.248914] KernelSU: tp_marker: unmark process: pid:11853, uid: 10484, comm:binder:11844_1
[  557.248917] KernelSU: tp_marker: unmark process: pid:11854, uid: 10484, comm:binder:11844_2
[  557.248921] KernelSU: tp_marker: unmark process: pid:11858, uid: 10484, comm:Profile Saver
[  557.248925] KernelSU: tp_marker: unmark process: pid:11866, uid: 10484, comm:AppHandler
[  557.248928] KernelSU: tp_marker: unmark process: pid:11867, uid: 10484, comm:pool-3-thread-1
[  557.248931] KernelSU: tp_marker: unmark process: pid:11869, uid: 10484, comm:pool-3-thread-2
[  557.248935] KernelSU: tp_marker: unmark process: pid:11870, uid: 10484, comm:pool-3-thread-3
[  557.248938] KernelSU: tp_marker: unmark process: pid:11871, uid: 10484, comm:pool-5-thread-1
[  557.248942] KernelSU: tp_marker: unmark process: pid:11876, uid: 10484, comm:pool-3-thread-4
[  557.248945] KernelSU: tp_marker: unmark process: pid:11877, uid: 10484, comm:pool-6-thread-1
[  557.248948] KernelSU: tp_marker: unmark process: pid:11883, uid: 10484, comm:process reaper
[  557.248951] KernelSU: tp_marker: unmark process: pid:11891, uid: 10484, comm:pool-5-thread-2
[  557.248955] KernelSU: tp_marker: unmark process: pid:11893, uid: 10484, comm:pool-5-thread-3
[  557.248958] KernelSU: tp_marker: unmark process: pid:11899, uid: 10484, comm:pool-5-thread-4
[  557.248961] KernelSU: tp_marker: unmark process: pid:11901, uid: 10484, comm:ONMTelemetryThr
[  557.248964] KernelSU: tp_marker: unmark process: pid:11902, uid: 10484, comm:pool-3-thread-5
[  557.248967] KernelSU: tp_marker: unmark process: pid:11903, uid: 10484, comm:pool-8-thread-1
[  557.248971] KernelSU: tp_marker: unmark process: pid:11904, uid: 10484, comm:pool-10-thread-
[  557.248974] KernelSU: tp_marker: unmark process: pid:11905, uid: 10484, comm:AsyncTask #1
[  557.248977] KernelSU: tp_marker: unmark process: pid:11907, uid: 10484, comm:pool-3-thread-6
[  557.248980] KernelSU: tp_marker: unmark process: pid:11908, uid: 10484, comm:pool-3-thread-7
[  557.248984] KernelSU: tp_marker: unmark process: pid:13149, uid: 10484, comm:pool-3-thread-8
[  557.248988] KernelSU: tp_marker: unmark process: pid:11910, uid: 10434, comm:scee.psxandroid
[  557.248992] KernelSU: tp_marker: unmark process: pid:11911, uid: 10434, comm:Signal Catcher
[  557.248995] KernelSU: tp_marker: unmark process: pid:11912, uid: 10434, comm:perfetto_hprof_
[  557.248998] KernelSU: tp_marker: unmark process: pid:11913, uid: 10434, comm:Jit thread pool
[  557.249002] KernelSU: tp_marker: unmark process: pid:11914, uid: 10434, comm:HeapTaskDaemon
[  557.249005] KernelSU: tp_marker: unmark process: pid:11915, uid: 10434, comm:ReferenceQueueD
[  557.249009] KernelSU: tp_marker: unmark process: pid:11916, uid: 10434, comm:FinalizerDaemon
[  557.249011] KernelSU: tp_marker: unmark process: pid:11917, uid: 10434, comm:FinalizerWatchd
[  557.249014] KernelSU: tp_marker: unmark process: pid:11918, uid: 10434, comm:binder:11910_1
[  557.249017] KernelSU: tp_marker: unmark process: pid:11919, uid: 10434, comm:binder:11910_2
[  557.249021] KernelSU: tp_marker: unmark process: pid:11921, uid: 10434, comm:binder:11910_3
[  557.249024] KernelSU: tp_marker: unmark process: pid:11922, uid: 10434, comm:Profile Saver
[  557.249028] KernelSU: tp_marker: unmark process: pid:11925, uid: 10434, comm:Firebase-Messag
[  557.249031] KernelSU: tp_marker: unmark process: pid:11926, uid: 10434, comm:Firebase-Messag
[  557.249034] KernelSU: tp_marker: unmark process: pid:11927, uid: 10434, comm:Firebase Backgr
[  557.249037] KernelSU: tp_marker: unmark process: pid:11929, uid: 10434, comm:Firebase Backgr
[  557.249040] KernelSU: tp_marker: unmark process: pid:11930, uid: 10434, comm:Firebase Backgr
[  557.249043] KernelSU: tp_marker: unmark process: pid:11931, uid: 10434, comm:Firebase Backgr
[  557.249046] KernelSU: tp_marker: unmark process: pid:11934, uid: 10434, comm:WM.task-1
[  557.249050] KernelSU: tp_marker: unmark process: pid:11935, uid: 10434, comm:Bugsnag IO thre
[  557.249053] KernelSU: tp_marker: unmark process: pid:11937, uid: 10434, comm:Bugsnag Default
[  557.249056] KernelSU: tp_marker: unmark process: pid:11939, uid: 10434, comm:process reaper
[  557.249059] KernelSU: tp_marker: unmark process: pid:11940, uid: 10434, comm:WM.task-2
[  557.249063] KernelSU: tp_marker: unmark process: pid:11941, uid: 10434, comm:bugsnag-anr-col
[  557.249066] KernelSU: tp_marker: unmark process: pid:11942, uid: 10434, comm:scee.psxandroid
[  557.249069] KernelSU: tp_marker: unmark process: pid:11943, uid: 10434, comm:Bugsnag Error t
[  557.249072] KernelSU: tp_marker: unmark process: pid:11944, uid: 10434, comm:Bugsnag Session
[  557.249075] KernelSU: tp_marker: unmark process: pid:11945, uid: 10434, comm:ConnectivityThr
[  557.249078] KernelSU: tp_marker: unmark process: pid:11946, uid: 10434, comm:pool-12-thread-
[  557.249081] KernelSU: tp_marker: unmark process: pid:11948, uid: 10434, comm:pool-14-thread-
[  557.249084] KernelSU: tp_marker: unmark process: pid:11971, uid: 10434, comm:pool-13-thread-
[  557.249089] KernelSU: tp_marker: unmark process: pid:11949, uid: 10423, comm:ny.nfx.app.sfrc
[  557.249092] KernelSU: tp_marker: unmark process: pid:11954, uid: 10423, comm:Signal Catcher
[  557.249094] KernelSU: tp_marker: unmark process: pid:11955, uid: 10423, comm:perfetto_hprof_
[  557.249097] KernelSU: tp_marker: unmark process: pid:11956, uid: 10423, comm:ADB-JDWP Connec
[  557.249100] KernelSU: tp_marker: unmark process: pid:11957, uid: 10423, comm:Jit thread pool
[  557.249104] KernelSU: tp_marker: unmark process: pid:11958, uid: 10423, comm:HeapTaskDaemon
[  557.249107] KernelSU: tp_marker: unmark process: pid:11959, uid: 10423, comm:ReferenceQueueD
[  557.249110] KernelSU: tp_marker: unmark process: pid:11960, uid: 10423, comm:FinalizerDaemon
[  557.249113] KernelSU: tp_marker: unmark process: pid:11961, uid: 10423, comm:FinalizerWatchd
[  557.249116] KernelSU: tp_marker: unmark process: pid:11962, uid: 10423, comm:binder:11949_1
[  557.249119] KernelSU: tp_marker: unmark process: pid:11963, uid: 10423, comm:binder:11949_2
[  557.249122] KernelSU: tp_marker: unmark process: pid:11966, uid: 10423, comm:binder:11949_3
[  557.249125] KernelSU: tp_marker: unmark process: pid:11972, uid: 10423, comm:Profile Saver
[  557.249129] KernelSU: tp_marker: unmark process: pid:11980, uid: 10423, comm:Firebase-Messag
[  557.249132] KernelSU: tp_marker: unmark process: pid:11981, uid: 10423, comm:Firebase-Messag
[  557.249136] KernelSU: tp_marker: unmark process: pid:11982, uid: 10423, comm:Firebase Backgr
[  557.249139] KernelSU: tp_marker: unmark process: pid:11985, uid: 10423, comm:WM.task-1
[  557.249142] KernelSU: tp_marker: unmark process: pid:11987, uid: 10423, comm:Firebase Backgr
[  557.249145] KernelSU: tp_marker: unmark process: pid:11989, uid: 10423, comm:Firebase Backgr
[  557.249148] KernelSU: tp_marker: unmark process: pid:11991, uid: 10423, comm:Firebase Backgr
[  557.249151] KernelSU: tp_marker: unmark process: pid:11992, uid: 10423, comm:queued-work-loo
[  557.249154] KernelSU: tp_marker: unmark process: pid:11997, uid: 10423, comm:WM.task-2
[  557.249157] KernelSU: tp_marker: unmark process: pid:11998, uid: 10423, comm:EventManager
[  557.249160] KernelSU: tp_marker: unmark process: pid:12000, uid: 10423, comm:Storage
[  557.249163] KernelSU: tp_marker: unmark process: pid:12001, uid: 10423, comm:DefaultDispatch
[  557.249166] KernelSU: tp_marker: unmark process: pid:12002, uid: 10423, comm:DefaultDispatch
[  557.249170] KernelSU: tp_marker: unmark process: pid:12003, uid: 10423, comm:DefaultDispatch
[  557.249173] KernelSU: tp_marker: unmark process: pid:12004, uid: 10423, comm:arch_disk_io_1
[  557.249175] KernelSU: tp_marker: unmark process: pid:12005, uid: 10423, comm:arch_disk_io_0
[  557.249179] KernelSU: tp_marker: unmark process: pid:12006, uid: 10423, comm:DefaultDispatch
[  557.249181] KernelSU: tp_marker: unmark process: pid:12007, uid: 10423, comm:DefaultDispatch
[  557.249185] KernelSU: tp_marker: unmark process: pid:12008, uid: 10423, comm:arch_disk_io_3
[  557.249188] KernelSU: tp_marker: unmark process: pid:12009, uid: 10423, comm:arch_disk_io_2
[  557.249191] KernelSU: tp_marker: unmark process: pid:12019, uid: 10423, comm:GoogleApiHandle
[  557.249195] KernelSU: tp_marker: unmark process: pid:12028, uid: 10423, comm:OkHttp Dispatch
[  557.249198] KernelSU: tp_marker: unmark process: pid:12038, uid: 10423, comm:pool-10-thread-
[  557.249202] KernelSU: tp_marker: unmark process: pid:12044, uid: 10423, comm:Okio Watchdog
[  557.249205] KernelSU: tp_marker: unmark process: pid:12184, uid: 10423, comm:OkHttp TaskRunn
[  557.249208] KernelSU: tp_marker: unmark process: pid:12185, uid: 10423, comm:OkHttp TaskRunn
[  557.249212] KernelSU: tp_marker: unmark process: pid:12195, uid: 10423, comm:OkHttp TaskRunn
[  557.249215] KernelSU: tp_marker: unmark process: pid:12197, uid: 10423, comm:OkHttp TaskRunn
[  557.249218] KernelSU: tp_marker: unmark process: pid:12227, uid: 10423, comm:OkHttp TaskRunn
[  557.249221] KernelSU: tp_marker: unmark process: pid:12228, uid: 10423, comm:OkHttp TaskRunn
[  557.249224] KernelSU: tp_marker: unmark process: pid:12232, uid: 10423, comm:OkHttp TaskRunn
[  557.249227] KernelSU: tp_marker: unmark process: pid:12233, uid: 10423, comm:OkHttp TaskRunn
[  557.249230] KernelSU: tp_marker: unmark process: pid:13323, uid: 10423, comm:binder:11949_4
[  557.249234] KernelSU: tp_marker: unmark process: pid:13325, uid: 10423, comm:OkHttp Dispatch
[  557.249238] KernelSU: tp_marker: unmark process: pid:12018, uid: 10453, comm:com.termux
[  557.249242] KernelSU: tp_marker: unmark process: pid:12020, uid: 10453, comm:Signal Catcher
[  557.249244] KernelSU: tp_marker: unmark process: pid:12021, uid: 10453, comm:perfetto_hprof_
[  557.249247] KernelSU: tp_marker: unmark process: pid:12022, uid: 10453, comm:ADB-JDWP Connec
[  557.249250] KernelSU: tp_marker: unmark process: pid:12023, uid: 10453, comm:Jit thread pool
[  557.249253] KernelSU: tp_marker: unmark process: pid:12024, uid: 10453, comm:HeapTaskDaemon
[  557.249256] KernelSU: tp_marker: unmark process: pid:12025, uid: 10453, comm:ReferenceQueueD
[  557.249260] KernelSU: tp_marker: unmark process: pid:12026, uid: 10453, comm:FinalizerDaemon
[  557.249263] KernelSU: tp_marker: unmark process: pid:12027, uid: 10453, comm:FinalizerWatchd
[  557.249265] KernelSU: tp_marker: unmark process: pid:12029, uid: 10453, comm:binder:12018_1
[  557.249269] KernelSU: tp_marker: unmark process: pid:12030, uid: 10453, comm:binder:12018_2
[  557.249272] KernelSU: tp_marker: unmark process: pid:12035, uid: 10453, comm:binder:12018_3
[  557.249275] KernelSU: tp_marker: unmark process: pid:12037, uid: 10453, comm:Profile Saver
[  557.249278] KernelSU: tp_marker: unmark process: pid:12040, uid: 10453, comm:queued-work-loo
[  557.249283] KernelSU: tp_marker: unmark process: pid:12073, uid: 10483, comm:twitter.android
[  557.249286] KernelSU: tp_marker: unmark process: pid:12075, uid: 10483, comm:Signal Catcher
[  557.249289] KernelSU: tp_marker: unmark process: pid:12076, uid: 10483, comm:perfetto_hprof_
[  557.249292] KernelSU: tp_marker: unmark process: pid:12077, uid: 10483, comm:Jit thread pool
[  557.249295] KernelSU: tp_marker: unmark process: pid:12078, uid: 10483, comm:HeapTaskDaemon
[  557.249298] KernelSU: tp_marker: unmark process: pid:12079, uid: 10483, comm:ReferenceQueueD
[  557.249302] KernelSU: tp_marker: unmark process: pid:12080, uid: 10483, comm:FinalizerDaemon
[  557.249305] KernelSU: tp_marker: unmark process: pid:12081, uid: 10483, comm:FinalizerWatchd
[  557.249309] KernelSU: tp_marker: unmark process: pid:12082, uid: 10483, comm:binder:12073_1
[  557.249312] KernelSU: tp_marker: unmark process: pid:12083, uid: 10483, comm:binder:12073_2
[  557.249315] KernelSU: tp_marker: unmark process: pid:12085, uid: 10483, comm:binder:12073_3
[  557.249318] KernelSU: tp_marker: unmark process: pid:12096, uid: 10483, comm:Profile Saver
[  557.249321] KernelSU: tp_marker: unmark process: pid:12121, uid: 10483, comm:Firebase-Messag
[  557.249324] KernelSU: tp_marker: unmark process: pid:12122, uid: 10483, comm:Firebase-Messag
[  557.249327] KernelSU: tp_marker: unmark process: pid:12123, uid: 10483, comm:pool-9-thread-1
[  557.249331] KernelSU: tp_marker: unmark process: pid:12124, uid: 10483, comm:Firebase Backgr
[  557.249334] KernelSU: tp_marker: unmark process: pid:12131, uid: 10483, comm:DefaultDispatch
[  557.249337] KernelSU: tp_marker: unmark process: pid:12133, uid: 10483, comm:MessengerIpcCli
[  557.249340] KernelSU: tp_marker: unmark process: pid:12134, uid: 10483, comm:Firebase Backgr
[  557.249343] KernelSU: tp_marker: unmark process: pid:12135, uid: 10483, comm:Firebase Backgr
[  557.249346] KernelSU: tp_marker: unmark process: pid:12136, uid: 10483, comm:Firebase Backgr
[  557.249349] KernelSU: tp_marker: unmark process: pid:12137, uid: 10483, comm:FileObserver
[  557.249352] KernelSU: tp_marker: unmark process: pid:12138, uid: 10483, comm:GmsDynamite
[  557.249355] KernelSU: tp_marker: unmark process: pid:12140, uid: 10483, comm:pool-16-thread-
[  557.249358] KernelSU: tp_marker: unmark process: pid:12155, uid: 10483, comm:GoogleApiHandle
[  557.249362] KernelSU: tp_marker: unmark process: pid:12157, uid: 10483, comm:queued-work-loo
[  557.249366] KernelSU: tp_marker: unmark process: pid:12159, uid: 10483, comm:DefaultDispatch
[  557.249369] KernelSU: tp_marker: unmark process: pid:12161, uid: 10483, comm:ProcessStablePh
[  557.249372] KernelSU: tp_marker: unmark process: pid:12166, uid: 10483, comm:glide-active-re
[  557.249375] KernelSU: tp_marker: unmark process: pid:12169, uid: 10483, comm:DefaultDispatch
[  557.249378] KernelSU: tp_marker: unmark process: pid:12170, uid: 10483, comm:DefaultDispatch
[  557.249381] KernelSU: tp_marker: unmark process: pid:12186, uid: 10483, comm:DefaultDispatch
[  557.249384] KernelSU: tp_marker: unmark process: pid:12211, uid: 10483, comm:WM.task-1
[  557.249388] KernelSU: tp_marker: unmark process: pid:12212, uid: 10483, comm:DefaultDispatch
[  557.249392] KernelSU: tp_marker: unmark process: pid:12222, uid: 10483, comm:DefaultDispatch
[  557.249396] KernelSU: tp_marker: unmark process: pid:12224, uid: 10483, comm:DefaultDispatch
[  557.249398] KernelSU: tp_marker: unmark process: pid:12225, uid: 10483, comm:ConnectivityThr
[  557.249402] KernelSU: tp_marker: unmark process: pid:12230, uid: 10483, comm:|ANR-WatchDog|
[  557.249405] KernelSU: tp_marker: unmark process: pid:12342, uid: 10483, comm:WM.task-2
[  557.249408] KernelSU: tp_marker: unmark process: pid:12357, uid: 10483, comm:WM.task-3
[  557.249412] KernelSU: tp_marker: unmark process: pid:12389, uid: 10483, comm:GoogleApiHandle
[  557.249416] KernelSU: tp_marker: unmark process: pid:12390, uid: 10483, comm:WM.task-4
[  557.249418] KernelSU: tp_marker: unmark process: pid:12397, uid: 10483, comm:ExpressIntegrit
[  557.249422] KernelSU: tp_marker: unmark process: pid:12449, uid: 10483, comm:ExoPlayer:Backg
[  557.249425] KernelSU: tp_marker: unmark process: pid:12450, uid: 10483, comm:ExoPlayer:Playb
[  557.249428] KernelSU: tp_marker: unmark process: pid:12770, uid: 10483, comm:OkHttp TaskRunn
[  557.249432] KernelSU: tp_marker: unmark process: pid:13255, uid: 10483, comm:binder:12073_4
[  557.249435] KernelSU: tp_marker: unmark process: pid:13801, uid: 10483, comm:binder:12073_5
[  557.249438] KernelSU: tp_marker: unmark process: pid:13803, uid: 10483, comm:OkHttp Dispatch
[  557.249442] KernelSU: tp_marker: unmark process: pid:13804, uid: 10483, comm:OkHttp Dispatch
[  557.249446] KernelSU: tp_marker: unmark process: pid:13805, uid: 10483, comm:OkHttp Dispatch
[  557.249450] KernelSU: tp_marker: unmark process: pid:13808, uid: 10483, comm:DefaultExecutor
[  557.249453] KernelSU: tp_marker: unmark process: pid:13816, uid: 10483, comm:firebase-iid-ex
[  557.249456] KernelSU: tp_marker: unmark process: pid:13817, uid: 10483, comm:pscm-ack-execut
[  557.249459] KernelSU: tp_marker: unmark process: pid:13818, uid: 10483, comm:Firebase-Fireba
[  557.249463] KernelSU: tp_marker: unmark process: pid:13820, uid: 10483, comm:Firebase-Messag
[  557.249466] KernelSU: tp_marker: unmark process: pid:13821, uid: 10483, comm:pool-24-thread-
[  557.249470] KernelSU: tp_marker: unmark process: pid:13823, uid: 10483, comm:OkHttp TaskRunn
[  557.249474] KernelSU: tp_marker: unmark process: pid:13824, uid: 10483, comm:OkHttp TaskRunn
[  557.249478] KernelSU: tp_marker: unmark process: pid:13825, uid: 10483, comm:Okio Watchdog
[  557.249482] KernelSU: tp_marker: unmark process: pid:13826, uid: 10483, comm:OkHttp TaskRunn
[  557.249486] KernelSU: tp_marker: unmark process: pid:13827, uid: 10483, comm:OkHttp TaskRunn
[  557.249489] KernelSU: tp_marker: unmark process: pid:13828, uid: 10483, comm:OkHttp TaskRunn
[  557.249492] KernelSU: tp_marker: unmark process: pid:13829, uid: 10483, comm:OkHttp TaskRunn
[  557.249496] KernelSU: tp_marker: unmark process: pid:13831, uid: 10483, comm:process reaper
[  557.249499] KernelSU: tp_marker: unmark process: pid:13834, uid: 10483, comm:DefaultDispatch
[  557.249503] KernelSU: tp_marker: unmark process: pid:13836, uid: 10483, comm:DefaultDispatch
[  557.249506] KernelSU: tp_marker: unmark process: pid:13837, uid: 10483, comm:DefaultDispatch
[  557.249510] KernelSU: tp_marker: unmark process: pid:13838, uid: 10483, comm:DefaultDispatch
[  557.249514] KernelSU: tp_marker: unmark process: pid:13839, uid: 10483, comm:DefaultDispatch
[  557.249517] KernelSU: tp_marker: unmark process: pid:13840, uid: 10483, comm:DefaultDispatch
[  557.249521] KernelSU: tp_marker: unmark process: pid:13841, uid: 10483, comm:DefaultDispatch
[  557.249525] KernelSU: tp_marker: unmark process: pid:13842, uid: 10483, comm:DefaultDispatch
[  557.249528] KernelSU: tp_marker: unmark process: pid:13843, uid: 10483, comm:DefaultDispatch
[  557.249532] KernelSU: tp_marker: unmark process: pid:13844, uid: 10483, comm:DefaultDispatch
[  557.249537] KernelSU: tp_marker: unmark process: pid:13845, uid: 10483, comm:DefaultDispatch
[  557.249541] KernelSU: tp_marker: unmark process: pid:13846, uid: 10483, comm:DefaultDispatch
[  557.249544] KernelSU: tp_marker: unmark process: pid:13847, uid: 10483, comm:Firebase Blocki
[  557.249548] KernelSU: tp_marker: unmark process: pid:13848, uid: 10483, comm:Firebase Blocki
[  557.249552] KernelSU: tp_marker: unmark process: pid:13849, uid: 10483, comm:ScionFrontendAp
[  557.249556] KernelSU: tp_marker: unmark process: pid:13851, uid: 10483, comm:Measurement Wor
[  557.249560] KernelSU: tp_marker: unmark process: pid:13856, uid: 10483, comm:OkHttp Connecti
[  557.249563] KernelSU: tp_marker: unmark process: pid:13857, uid: 10483, comm:Okio Watchdog
[  557.249567] KernelSU: tp_marker: unmark process: pid:13859, uid: 10483, comm:GrallocUploadTh
[  557.249571] KernelSU: tp_marker: unmark process: pid:13860, uid: 10483, comm:RenderThread
[  557.249577] KernelSU: tp_marker: unmark process: pid:12139, uid: 10199, comm:trustzoneaccess
[  557.249581] KernelSU: tp_marker: unmark process: pid:12144, uid: 10199, comm:Signal Catcher
[  557.249584] KernelSU: tp_marker: unmark process: pid:12145, uid: 10199, comm:perfetto_hprof_
[  557.249588] KernelSU: tp_marker: unmark process: pid:12146, uid: 10199, comm:Jit thread pool
[  557.249591] KernelSU: tp_marker: unmark process: pid:12147, uid: 10199, comm:HeapTaskDaemon
[  557.249595] KernelSU: tp_marker: unmark process: pid:12148, uid: 10199, comm:ReferenceQueueD
[  557.249599] KernelSU: tp_marker: unmark process: pid:12149, uid: 10199, comm:FinalizerDaemon
[  557.249602] KernelSU: tp_marker: unmark process: pid:12150, uid: 10199, comm:FinalizerWatchd
[  557.249606] KernelSU: tp_marker: unmark process: pid:12151, uid: 10199, comm:binder:12139_1
[  557.249610] KernelSU: tp_marker: unmark process: pid:12152, uid: 10199, comm:binder:12139_2
[  557.249614] KernelSU: tp_marker: unmark process: pid:12156, uid: 10199, comm:binder:12139_3
[  557.249617] KernelSU: tp_marker: unmark process: pid:12160, uid: 10199, comm:Profile Saver
[  557.249621] KernelSU: tp_marker: unmark process: pid:12167, uid: 10199, comm:HwBinder:12139_
[  557.249626] KernelSU: tp_marker: unmark process: pid:12234, uid: 10446, comm:gyonghui.market
[  557.249630] KernelSU: tp_marker: unmark process: pid:12235, uid: 10446, comm:Signal Catcher
[  557.249634] KernelSU: tp_marker: unmark process: pid:12236, uid: 10446, comm:perfetto_hprof_
[  557.249638] KernelSU: tp_marker: unmark process: pid:12237, uid: 10446, comm:Jit thread pool
[  557.249642] KernelSU: tp_marker: unmark process: pid:12238, uid: 10446, comm:HeapTaskDaemon
[  557.249645] KernelSU: tp_marker: unmark process: pid:12239, uid: 10446, comm:ReferenceQueueD
[  557.249649] KernelSU: tp_marker: unmark process: pid:12240, uid: 10446, comm:FinalizerDaemon
[  557.249653] KernelSU: tp_marker: unmark process: pid:12241, uid: 10446, comm:FinalizerWatchd
[  557.249656] KernelSU: tp_marker: unmark process: pid:12242, uid: 10446, comm:binder:12234_1
[  557.249660] KernelSU: tp_marker: unmark process: pid:12243, uid: 10446, comm:binder:12234_2
[  557.249664] KernelSU: tp_marker: unmark process: pid:12244, uid: 10446, comm:binder:12234_3
[  557.249668] KernelSU: tp_marker: unmark process: pid:12250, uid: 10446, comm:Profile Saver
[  557.249671] KernelSU: tp_marker: unmark process: pid:12251, uid: 10446, comm:Gtc-ScheduleQue
[  557.249675] KernelSU: tp_marker: unmark process: pid:12253, uid: 10446, comm:WM.task-1
[  557.249678] KernelSU: tp_marker: unmark process: pid:12255, uid: 10446, comm:gyonghui.market
[  557.249682] KernelSU: tp_marker: unmark process: pid:12256, uid: 10446, comm:gyonghui.market
[  557.249686] KernelSU: tp_marker: unmark process: pid:12257, uid: 10446, comm:gyonghui.market
[  557.249690] KernelSU: tp_marker: unmark process: pid:12258, uid: 10446, comm:gyonghui.market
[  557.249693] KernelSU: tp_marker: unmark process: pid:12259, uid: 10446, comm:WM.task-2
[  557.249697] KernelSU: tp_marker: unmark process: pid:12262, uid: 10446, comm:WM.task-3
[  557.249700] KernelSU: tp_marker: unmark process: pid:12263, uid: 10446, comm:WM.task-4
[  557.249705] KernelSU: tp_marker: unmark process: pid:12265, uid: 10429, comm:y.ips.portalapp
[  557.249709] KernelSU: tp_marker: unmark process: pid:12269, uid: 10429, comm:Signal Catcher
[  557.249713] KernelSU: tp_marker: unmark process: pid:12270, uid: 10429, comm:perfetto_hprof_
[  557.249717] KernelSU: tp_marker: unmark process: pid:12271, uid: 10429, comm:Jit thread pool
[  557.249721] KernelSU: tp_marker: unmark process: pid:12272, uid: 10429, comm:HeapTaskDaemon
[  557.249724] KernelSU: tp_marker: unmark process: pid:12273, uid: 10429, comm:ReferenceQueueD
[  557.249727] KernelSU: tp_marker: unmark process: pid:12274, uid: 10429, comm:FinalizerDaemon
[  557.249731] KernelSU: tp_marker: unmark process: pid:12275, uid: 10429, comm:FinalizerWatchd
[  557.249735] KernelSU: tp_marker: unmark process: pid:12276, uid: 10429, comm:binder:12265_1
[  557.249738] KernelSU: tp_marker: unmark process: pid:12277, uid: 10429, comm:binder:12265_2
[  557.249742] KernelSU: tp_marker: unmark process: pid:12278, uid: 10429, comm:binder:12265_3
[  557.249745] KernelSU: tp_marker: unmark process: pid:12283, uid: 10429, comm:Profile Saver
[  557.249749] KernelSU: tp_marker: unmark process: pid:12293, uid: 10429, comm:ScionFrontendAp
[  557.249753] KernelSU: tp_marker: unmark process: pid:12294, uid: 10429, comm:GmsDynamite
[  557.249757] KernelSU: tp_marker: unmark process: pid:12295, uid: 10429, comm:Firebase Blocki
[  557.249761] KernelSU: tp_marker: unmark process: pid:12296, uid: 10429, comm:Firebase Blocki
[  557.249764] KernelSU: tp_marker: unmark process: pid:12297, uid: 10429, comm:Firebase Blocki
[  557.249768] KernelSU: tp_marker: unmark process: pid:12298, uid: 10429, comm:Firebase Blocki
[  557.249772] KernelSU: tp_marker: unmark process: pid:12299, uid: 10429, comm:Firebase Blocki
[  557.249776] KernelSU: tp_marker: unmark process: pid:12300, uid: 10429, comm:pool-6-thread-1
[  557.249780] KernelSU: tp_marker: unmark process: pid:12301, uid: 10429, comm:Firebase Backgr
[  557.249784] KernelSU: tp_marker: unmark process: pid:12302, uid: 10429, comm:Firebase Backgr
[  557.249787] KernelSU: tp_marker: unmark process: pid:12303, uid: 10429, comm:Firebase Backgr
[  557.249791] KernelSU: tp_marker: unmark process: pid:12304, uid: 10429, comm:Firebase-Messag
[  557.249795] KernelSU: tp_marker: unmark process: pid:12305, uid: 10429, comm:Firebase-Messag
[  557.249799] KernelSU: tp_marker: unmark process: pid:12306, uid: 10429, comm:Firebase Backgr
[  557.249803] KernelSU: tp_marker: unmark process: pid:12307, uid: 10429, comm:DefaultDispatch
[  557.249808] KernelSU: tp_marker: unmark process: pid:12308, uid: 10429, comm:DefaultDispatch
[  557.249812] KernelSU: tp_marker: unmark process: pid:12310, uid: 10429, comm:DefaultDispatch
[  557.249815] KernelSU: tp_marker: unmark process: pid:12311, uid: 10429, comm:MessengerIpcCli
[  557.249819] KernelSU: tp_marker: unmark process: pid:12313, uid: 10429, comm:WM.task-1
[  557.249823] KernelSU: tp_marker: unmark process: pid:12315, uid: 10429, comm:GoogleApiHandle
[  557.249827] KernelSU: tp_marker: unmark process: pid:12318, uid: 10429, comm:Measurement Wor
[  557.249831] KernelSU: tp_marker: unmark process: pid:12320, uid: 10429, comm:WM.task-2
[  557.249834] KernelSU: tp_marker: unmark process: pid:12322, uid: 10429, comm:ProcessStablePh
[  557.249839] KernelSU: tp_marker: unmark process: pid:12324, uid: 10429, comm:AsyncTask #5
[  557.249843] KernelSU: tp_marker: unmark process: pid:12326, uid: 10429, comm:pool-16-thread-
[  557.249846] KernelSU: tp_marker: unmark process: pid:12327, uid: 10429, comm:pool-17-thread-
[  557.249850] KernelSU: tp_marker: unmark process: pid:12330, uid: 10429, comm:queued-work-loo
[  557.249854] KernelSU: tp_marker: unmark process: pid:12331, uid: 10429, comm:WM.task-3
[  557.249857] KernelSU: tp_marker: unmark process: pid:12332, uid: 10429, comm:ConnectivityThr
[  557.249861] KernelSU: tp_marker: unmark process: pid:12333, uid: 10429, comm:WM.task-4
[  557.249864] KernelSU: tp_marker: unmark process: pid:12334, uid: 10429, comm:ClientDb Worker
[  557.249868] KernelSU: tp_marker: unmark process: pid:12335, uid: 10429, comm:RealmFinalizing
[  557.249872] KernelSU: tp_marker: unmark process: pid:12336, uid: 10429, comm:y.ips.portalapp
[  557.249876] KernelSU: tp_marker: unmark process: pid:12337, uid: 10429, comm:.common.GUIUtil
[  557.249880] KernelSU: tp_marker: unmark process: pid:12338, uid: 10429, comm:jp.co.sony.ips.
[  557.249884] KernelSU: tp_marker: unmark process: pid:12339, uid: 10429, comm:pool-22-thread-
[  557.249888] KernelSU: tp_marker: unmark process: pid:12340, uid: 10429, comm:pool-20-thread-
[  557.249892] KernelSU: tp_marker: unmark process: pid:12353, uid: 10429, comm:pool-23-thread-
[  557.249896] KernelSU: tp_marker: unmark process: pid:12354, uid: 10429, comm:pool-25-thread-
[  557.249899] KernelSU: tp_marker: unmark process: pid:12356, uid: 10429, comm:flutter-worker-
[  557.249903] KernelSU: tp_marker: unmark process: pid:12380, uid: 10429, comm:flutter-worker-
[  557.249907] KernelSU: tp_marker: unmark process: pid:12381, uid: 10429, comm:1.raster
[  557.249911] KernelSU: tp_marker: unmark process: pid:12383, uid: 10429, comm:1.io
[  557.249914] KernelSU: tp_marker: unmark process: pid:12385, uid: 10429, comm:io.worker.1
[  557.249918] KernelSU: tp_marker: unmark process: pid:12386, uid: 10429, comm:io.worker.2
[  557.249921] KernelSU: tp_marker: unmark process: pid:12387, uid: 10429, comm:dart:io EventHa
[  557.249925] KernelSU: tp_marker: unmark process: pid:12453, uid: 10429, comm:io.worker.1
[  557.249928] KernelSU: tp_marker: unmark process: pid:12454, uid: 10429, comm:io.worker.2
[  557.249932] KernelSU: tp_marker: unmark process: pid:12455, uid: 10429, comm:io.worker.3
[  557.249936] KernelSU: tp_marker: unmark process: pid:12456, uid: 10429, comm:io.worker.4
[  557.249940] KernelSU: tp_marker: unmark process: pid:12472, uid: 10429, comm:IplrVkFenceWait
[  557.249943] KernelSU: tp_marker: unmark process: pid:12473, uid: 10429, comm:IplrVkResMgr
[  557.249947] KernelSU: tp_marker: unmark process: pid:12584, uid: 10429, comm:FirebaseSession
[  557.249951] KernelSU: tp_marker: unmark process: pid:12706, uid: 10429, comm:flutter-worker-
[  557.249954] KernelSU: tp_marker: unmark process: pid:12707, uid: 10429, comm:DartWorker
[  557.249958] KernelSU: tp_marker: unmark process: pid:12712, uid: 10429, comm:DartWorker
[  557.249962] KernelSU: tp_marker: unmark process: pid:12713, uid: 10429, comm:DartWorker
[  557.249966] KernelSU: tp_marker: unmark process: pid:12728, uid: 10429, comm:OkHttp Connecti
[  557.249969] KernelSU: tp_marker: unmark process: pid:12730, uid: 10429, comm:pool-28-thread-
[  557.249973] KernelSU: tp_marker: unmark process: pid:13257, uid: 10429, comm:binder:12265_4
[  557.249978] KernelSU: tp_marker: unmark process: pid:12341, uid: 10427, comm:ony.mc.musicpro
[  557.249982] KernelSU: tp_marker: unmark process: pid:12343, uid: 10427, comm:Signal Catcher
[  557.249986] KernelSU: tp_marker: unmark process: pid:12344, uid: 10427, comm:perfetto_hprof_
[  557.249990] KernelSU: tp_marker: unmark process: pid:12345, uid: 10427, comm:Jit thread pool
[  557.249994] KernelSU: tp_marker: unmark process: pid:12346, uid: 10427, comm:HeapTaskDaemon
[  557.249998] KernelSU: tp_marker: unmark process: pid:12347, uid: 10427, comm:ReferenceQueueD
[  557.250002] KernelSU: tp_marker: unmark process: pid:12348, uid: 10427, comm:FinalizerDaemon
[  557.250007] KernelSU: tp_marker: unmark process: pid:12349, uid: 10427, comm:FinalizerWatchd
[  557.250011] KernelSU: tp_marker: unmark process: pid:12350, uid: 10427, comm:binder:12341_1
[  557.250015] KernelSU: tp_marker: unmark process: pid:12351, uid: 10427, comm:binder:12341_2
[  557.250019] KernelSU: tp_marker: unmark process: pid:12352, uid: 10427, comm:binder:12341_3
[  557.250023] KernelSU: tp_marker: unmark process: pid:12358, uid: 10427, comm:Profile Saver
[  557.250027] KernelSU: tp_marker: unmark process: pid:12360, uid: 10427, comm:ScionFrontendAp
[  557.250032] KernelSU: tp_marker: unmark process: pid:12361, uid: 10427, comm:Crashlytics Exc
[  557.250036] KernelSU: tp_marker: unmark process: pid:12362, uid: 10427, comm:pool-6-thread-1
[  557.250040] KernelSU: tp_marker: unmark process: pid:12363, uid: 10427, comm:awaitEvenIfOnMa
[  557.250045] KernelSU: tp_marker: unmark process: pid:12365, uid: 10427, comm:lytics.startup1
[  557.250049] KernelSU: tp_marker: unmark process: pid:12366, uid: 10427, comm:GmsDynamite
[  557.250053] KernelSU: tp_marker: unmark process: pid:12367, uid: 10427, comm:Firebase Backgr
[  557.250059] KernelSU: tp_marker: unmark process: pid:12368, uid: 10427, comm:Firebase-Messag
[  557.250064] KernelSU: tp_marker: unmark process: pid:12369, uid: 10427, comm:Firebase-Messag
[  557.250068] KernelSU: tp_marker: unmark process: pid:12370, uid: 10427, comm:Firebase Backgr
[  557.250072] KernelSU: tp_marker: unmark process: pid:12372, uid: 10427, comm:MessengerIpcCli
[  557.250077] KernelSU: tp_marker: unmark process: pid:12375, uid: 10427, comm:GoogleApiHandle
[  557.250080] KernelSU: tp_marker: unmark process: pid:12376, uid: 10427, comm:Measurement Wor
[  557.250084] KernelSU: tp_marker: unmark process: pid:12377, uid: 10427, comm:ProcessStablePh
[  557.250088] KernelSU: tp_marker: unmark process: pid:12378, uid: 10427, comm:queued-work-loo
[  557.250092] KernelSU: tp_marker: unmark process: pid:12393, uid: 10427, comm:pool-17-thread-
[  557.250097] KernelSU: tp_marker: unmark process: pid:12394, uid: 10427, comm:icpro.service.u
[  557.250101] KernelSU: tp_marker: unmark process: pid:13258, uid: 10427, comm:binder:12341_4
[  557.250106] KernelSU: tp_marker: unmark process: pid:12395, uid: 10440, comm:g.breezyweather
[  557.250110] KernelSU: tp_marker: unmark process: pid:12396, uid: 10440, comm:Signal Catcher
[  557.250114] KernelSU: tp_marker: unmark process: pid:12398, uid: 10440, comm:perfetto_hprof_
[  557.250118] KernelSU: tp_marker: unmark process: pid:12399, uid: 10440, comm:Jit thread pool
[  557.250122] KernelSU: tp_marker: unmark process: pid:12400, uid: 10440, comm:HeapTaskDaemon
[  557.250126] KernelSU: tp_marker: unmark process: pid:12401, uid: 10440, comm:ReferenceQueueD
[  557.250130] KernelSU: tp_marker: unmark process: pid:12402, uid: 10440, comm:FinalizerDaemon
[  557.250134] KernelSU: tp_marker: unmark process: pid:12403, uid: 10440, comm:FinalizerWatchd
[  557.250138] KernelSU: tp_marker: unmark process: pid:12404, uid: 10440, comm:binder:12395_1
[  557.250143] KernelSU: tp_marker: unmark process: pid:12405, uid: 10440, comm:binder:12395_2
[  557.250147] KernelSU: tp_marker: unmark process: pid:12406, uid: 10440, comm:binder:12395_3
[  557.250151] KernelSU: tp_marker: unmark process: pid:12407, uid: 10440, comm:Profile Saver
[  557.250154] KernelSU: tp_marker: unmark process: pid:12415, uid: 10440, comm:WM.task-1
[  557.250158] KernelSU: tp_marker: unmark process: pid:12519, uid: 10440, comm:WM.task-2
[  557.250163] KernelSU: tp_marker: unmark process: pid:12544, uid: 10440, comm:WM.task-3
[  557.250167] KernelSU: tp_marker: unmark process: pid:12558, uid: 10440, comm:WM.task-4
[  557.250173] KernelSU: tp_marker: unmark process: pid:12416, uid: 10505, comm:AndroidUI
[  557.250177] KernelSU: tp_marker: unmark process: pid:12417, uid: 10505, comm:Signal Catcher
[  557.250181] KernelSU: tp_marker: unmark process: pid:12418, uid: 10505, comm:perfetto_hprof_
[  557.250186] KernelSU: tp_marker: unmark process: pid:12419, uid: 10505, comm:ADB-JDWP Connec
[  557.250190] KernelSU: tp_marker: unmark process: pid:12420, uid: 10505, comm:Jit thread pool
[  557.250194] KernelSU: tp_marker: unmark process: pid:12421, uid: 10505, comm:HeapTaskDaemon
[  557.250198] KernelSU: tp_marker: unmark process: pid:12422, uid: 10505, comm:ReferenceQueueD
[  557.250203] KernelSU: tp_marker: unmark process: pid:12423, uid: 10505, comm:FinalizerDaemon
[  557.250207] KernelSU: tp_marker: unmark process: pid:12424, uid: 10505, comm:FinalizerWatchd
[  557.250211] KernelSU: tp_marker: unmark process: pid:12426, uid: 10505, comm:binder:12416_1
[  557.250216] KernelSU: tp_marker: unmark process: pid:12427, uid: 10505, comm:binder:12416_2
[  557.250220] KernelSU: tp_marker: unmark process: pid:12428, uid: 10505, comm:binder:12416_3
[  557.250224] KernelSU: tp_marker: unmark process: pid:12447, uid: 10505, comm:Profile Saver
[  557.250229] KernelSU: tp_marker: unmark process: pid:12460, uid: 10505, comm:Firebase-Messag
[  557.250234] KernelSU: tp_marker: unmark process: pid:12461, uid: 10505, comm:Firebase-Messag
[  557.250238] KernelSU: tp_marker: unmark process: pid:12462, uid: 10505, comm:Firebase Backgr
[  557.250241] KernelSU: tp_marker: unmark process: pid:12463, uid: 10505, comm:Firebase Backgr
[  557.250245] KernelSU: tp_marker: unmark process: pid:12464, uid: 10505, comm:Firebase Backgr
[  557.250249] KernelSU: tp_marker: unmark process: pid:12465, uid: 10505, comm:Firebase Backgr
[  557.250252] KernelSU: tp_marker: unmark process: pid:12467, uid: 10505, comm:DefaultDispatch
[  557.250255] KernelSU: tp_marker: unmark process: pid:12468, uid: 10505, comm:DefaultDispatch
[  557.250258] KernelSU: tp_marker: unmark process: pid:12469, uid: 10505, comm:DefaultDispatch
[  557.250261] KernelSU: tp_marker: unmark process: pid:12470, uid: 10505, comm:JNA Cleaner
[  557.250265] KernelSU: tp_marker: unmark process: pid:12471, uid: 10505, comm:Cleaner-0
[  557.250269] KernelSU: tp_marker: unmark process: pid:12474, uid: 10505, comm:Cleaner-1
[  557.250273] KernelSU: tp_marker: unmark process: pid:12475, uid: 10505, comm:NimbusDbScope-t
[  557.250276] KernelSU: tp_marker: unmark process: pid:12477, uid: 10505, comm:Gecko
[  557.250280] KernelSU: tp_marker: unmark process: pid:12478, uid: 10505, comm:GeckoBackground
[  557.250284] KernelSU: tp_marker: unmark process: pid:12479, uid: 10505, comm:GleanAPIPool
[  557.250288] KernelSU: tp_marker: unmark process: pid:12499, uid: 10505, comm:Cleaner-2
[  557.250292] KernelSU: tp_marker: unmark process: pid:12500, uid: 10505, comm:DefaultDispatch
[  557.250295] KernelSU: tp_marker: unmark process: pid:12501, uid: 10505, comm:DefaultDispatch
[  557.250298] KernelSU: tp_marker: unmark process: pid:12502, uid: 10505, comm:DefaultDispatch
[  557.250302] KernelSU: tp_marker: unmark process: pid:12503, uid: 10505, comm:DefaultDispatch
[  557.250307] KernelSU: tp_marker: unmark process: pid:12504, uid: 10505, comm:DefaultDispatch
[  557.250311] KernelSU: tp_marker: unmark process: pid:12505, uid: 10505, comm:arch_disk_io_0
[  557.250314] KernelSU: tp_marker: unmark process: pid:12506, uid: 10505, comm:DefaultDispatch
[  557.250318] KernelSU: tp_marker: unmark process: pid:12507, uid: 10505, comm:DefaultDispatch
[  557.250320] KernelSU: tp_marker: unmark process: pid:12508, uid: 10505, comm:WM.task-1
[  557.250324] KernelSU: tp_marker: unmark process: pid:12509, uid: 10505, comm:arch_disk_io_1
[  557.250328] KernelSU: tp_marker: unmark process: pid:12510, uid: 10505, comm:arch_disk_io_2
[  557.250331] KernelSU: tp_marker: unmark process: pid:12511, uid: 10505, comm:AsyncSignalCont
[  557.250334] KernelSU: tp_marker: unmark process: pid:12512, uid: 10505, comm:arch_disk_io_3
[  557.250337] KernelSU: tp_marker: unmark process: pid:12514, uid: 10505, comm:AutoPushFeature
[  557.250340] KernelSU: tp_marker: unmark process: pid:12515, uid: 10505, comm:DefaultDispatch
[  557.250344] KernelSU: tp_marker: unmark process: pid:12516, uid: 10505, comm:DefaultDispatch
[  557.250347] KernelSU: tp_marker: unmark process: pid:12517, uid: 10505, comm:DefaultDispatch
[  557.250351] KernelSU: tp_marker: unmark process: pid:12518, uid: 10505, comm:DefaultDispatch
[  557.250354] KernelSU: tp_marker: unmark process: pid:12520, uid: 10505, comm:Cleaner-3
[  557.250357] KernelSU: tp_marker: unmark process: pid:12521, uid: 10505, comm:Cleaner-4
[  557.250360] KernelSU: tp_marker: unmark process: pid:12522, uid: 10505, comm:queued-work-loo
[  557.250364] KernelSU: tp_marker: unmark process: pid:12524, uid: 10505, comm:FxaAccountManag
[  557.250367] KernelSU: tp_marker: unmark process: pid:12527, uid: 10505, comm:DefaultDispatch
[  557.250371] KernelSU: tp_marker: unmark process: pid:12528, uid: 10505, comm:DefaultDispatch
[  557.250374] KernelSU: tp_marker: unmark process: pid:12529, uid: 10505, comm:DefaultDispatch
[  557.250378] KernelSU: tp_marker: unmark process: pid:12530, uid: 10505, comm:DefaultDispatch
[  557.250381] KernelSU: tp_marker: unmark process: pid:12531, uid: 10505, comm:DefaultDispatch
[  557.250385] KernelSU: tp_marker: unmark process: pid:12552, uid: 10505, comm:Thread-33
[  557.250388] KernelSU: tp_marker: unmark process: pid:12582, uid: 10505, comm:Cleaner-5
[  557.250392] KernelSU: tp_marker: unmark process: pid:12637, uid: 10505, comm:WM.task-2
[  557.250396] KernelSU: tp_marker: unmark process: pid:12652, uid: 10505, comm:WM.task-3
[  557.250399] KernelSU: tp_marker: unmark process: pid:12663, uid: 10505, comm:WM.task-4
[  557.250402] KernelSU: tp_marker: unmark process: pid:12674, uid: 10505, comm:IPC I/O Parent
[  557.250405] KernelSU: tp_marker: unmark process: pid:12714, uid: 10505, comm:Netlink Monitor
[  557.250408] KernelSU: tp_marker: unmark process: pid:12715, uid: 10505, comm:Socket Thread
[  557.250411] KernelSU: tp_marker: unmark process: pid:12721, uid: 10505, comm:IPDL Background
[  557.250414] KernelSU: tp_marker: unmark process: pid:12737, uid: 10505, comm:binder:12416_4
[  557.250419] KernelSU: tp_marker: unmark process: pid:12738, uid: 10505, comm:csPingScheduler
[  557.250422] KernelSU: tp_marker: unmark process: pid:12739, uid: 10505, comm:ConnectivityThr
[  557.250425] KernelSU: tp_marker: unmark process: pid:12742, uid: 10505, comm:HTML5 Parser
[  557.250433] KernelSU: tp_marker: unmark process: pid:12743, uid: 10505, comm:StyleThread#1
[  557.250436] KernelSU: tp_marker: unmark process: pid:12744, uid: 10505, comm:StyleThread#2
[  557.250440] KernelSU: tp_marker: unmark process: pid:12745, uid: 10505, comm:StyleThread#3
[  557.250443] KernelSU: tp_marker: unmark process: pid:12746, uid: 10505, comm:StyleThread#4
[  557.250446] KernelSU: tp_marker: unmark process: pid:12747, uid: 10505, comm:androidx.work-1
[  557.250450] KernelSU: tp_marker: unmark process: pid:12760, uid: 10505, comm:launcher
[  557.250454] KernelSU: tp_marker: unmark process: pid:12761, uid: 10505, comm:Cleaner-6
[  557.250457] KernelSU: tp_marker: unmark process: pid:12765, uid: 10505, comm:JS Watchdog
[  557.250461] KernelSU: tp_marker: unmark process: pid:12769, uid: 10505, comm:Timer
[  557.250465] KernelSU: tp_marker: unmark process: pid:12792, uid: 10505, comm:Cleaner-7
[  557.250469] KernelSU: tp_marker: unmark process: pid:12803, uid: 10505, comm:Cleaner-8
[  557.250472] KernelSU: tp_marker: unmark process: pid:12814, uid: 10505, comm:Cache2 I/O
[  557.250476] KernelSU: tp_marker: unmark process: pid:12815, uid: 10505, comm:Cookie
[  557.250480] KernelSU: tp_marker: unmark process: pid:12819, uid: 10505, comm:TaskController 
[  557.250483] KernelSU: tp_marker: unmark process: pid:12820, uid: 10505, comm:TaskController 
[  557.250487] KernelSU: tp_marker: unmark process: pid:12821, uid: 10505, comm:TaskController 
[  557.250490] KernelSU: tp_marker: unmark process: pid:12822, uid: 10505, comm:TaskController 
[  557.250494] KernelSU: tp_marker: unmark process: pid:12823, uid: 10505, comm:TaskController 
[  557.250498] KernelSU: tp_marker: unmark process: pid:12824, uid: 10505, comm:TaskController 
[  557.250501] KernelSU: tp_marker: unmark process: pid:12825, uid: 10505, comm:TaskController 
[  557.250504] KernelSU: tp_marker: unmark process: pid:12826, uid: 10505, comm:TaskController 
[  557.250507] KernelSU: tp_marker: unmark process: pid:12835, uid: 10505, comm:BgIOThreadPool 
[  557.250510] KernelSU: tp_marker: unmark process: pid:12837, uid: 10505, comm:StreamTrans #2
[  557.250513] KernelSU: tp_marker: unmark process: pid:12838, uid: 10505, comm:StreamTrans #3
[  557.250516] KernelSU: tp_marker: unmark process: pid:12843, uid: 10505, comm:Worker Launcher
[  557.250519] KernelSU: tp_marker: unmark process: pid:12846, uid: 10505, comm:QuotaManager IO
[  557.250524] KernelSU: tp_marker: unmark process: pid:12850, uid: 10505, comm:StreamTrans #4
[  557.250528] KernelSU: tp_marker: unmark process: pid:12852, uid: 10505, comm:StreamTrans #6
[  557.250531] KernelSU: tp_marker: unmark process: pid:12855, uid: 10505, comm:wifi tickler
[  557.250535] KernelSU: tp_marker: unmark process: pid:12860, uid: 10505, comm:BackgroundThrea
[  557.250538] KernelSU: tp_marker: unmark process: pid:12862, uid: 10505, comm:DNS Resolver #1
[  557.250542] KernelSU: tp_marker: unmark process: pid:12863, uid: 10505, comm:DNS Resolver #2
[  557.250546] KernelSU: tp_marker: unmark process: pid:12864, uid: 10505, comm:DNS Resolver #3
[  557.250550] KernelSU: tp_marker: unmark process: pid:12865, uid: 10505, comm:DNS Resolver #4
[  557.250553] KernelSU: tp_marker: unmark process: pid:12879, uid: 10505, comm:IndexedDB IO #1
[  557.250556] KernelSU: tp_marker: unmark process: pid:12902, uid: 10505, comm:SSL Cert #2
[  557.250559] KernelSU: tp_marker: unmark process: pid:12938, uid: 10505, comm:Permission
[  557.250562] KernelSU: tp_marker: unmark process: pid:12947, uid: 10505, comm:DOM Worker
[  557.250565] KernelSU: tp_marker: unmark process: pid:12979, uid: 10505, comm:Cleaner-9
[  557.250568] KernelSU: tp_marker: unmark process: pid:12987, uid: 10505, comm:androidx.work-2
[  557.250571] KernelSU: tp_marker: unmark process: pid:13085, uid: 10505, comm:binder:12416_5
[  557.250576] KernelSU: tp_marker: unmark process: pid:12425, uid: 10480, comm:d.localsend_app
[  557.250580] KernelSU: tp_marker: unmark process: pid:12429, uid: 10480, comm:Signal Catcher
[  557.250584] KernelSU: tp_marker: unmark process: pid:12430, uid: 10480, comm:perfetto_hprof_
[  557.250587] KernelSU: tp_marker: unmark process: pid:12431, uid: 10480, comm:Jit thread pool
[  557.250591] KernelSU: tp_marker: unmark process: pid:12432, uid: 10480, comm:HeapTaskDaemon
[  557.250594] KernelSU: tp_marker: unmark process: pid:12433, uid: 10480, comm:ReferenceQueueD
[  557.250597] KernelSU: tp_marker: unmark process: pid:12434, uid: 10480, comm:FinalizerDaemon
[  557.250600] KernelSU: tp_marker: unmark process: pid:12435, uid: 10480, comm:FinalizerWatchd
[  557.250603] KernelSU: tp_marker: unmark process: pid:12436, uid: 10480, comm:binder:12425_1
[  557.250606] KernelSU: tp_marker: unmark process: pid:12437, uid: 10480, comm:binder:12425_2
[  557.250609] KernelSU: tp_marker: unmark process: pid:12440, uid: 10480, comm:binder:12425_3
[  557.250612] KernelSU: tp_marker: unmark process: pid:12445, uid: 10480, comm:Profile Saver
[  557.250618] KernelSU: tp_marker: unmark process: pid:12480, uid: 10505, comm:able_art_image_
[  557.250621] KernelSU: tp_marker: unmark process: pid:12481, uid: 10505, comm:Signal Catcher
[  557.250625] KernelSU: tp_marker: unmark process: pid:12482, uid: 10505, comm:perfetto_hprof_
[  557.250628] KernelSU: tp_marker: unmark process: pid:12483, uid: 10505, comm:ADB-JDWP Connec
[  557.250631] KernelSU: tp_marker: unmark process: pid:12484, uid: 10505, comm:Jit thread pool
[  557.250635] KernelSU: tp_marker: unmark process: pid:12485, uid: 10505, comm:HeapTaskDaemon
[  557.250638] KernelSU: tp_marker: unmark process: pid:12486, uid: 10505, comm:ReferenceQueueD
[  557.250641] KernelSU: tp_marker: unmark process: pid:12487, uid: 10505, comm:FinalizerDaemon
[  557.250644] KernelSU: tp_marker: unmark process: pid:12489, uid: 10505, comm:FinalizerWatchd
[  557.250648] KernelSU: tp_marker: unmark process: pid:12491, uid: 10505, comm:binder:12480_1
[  557.250652] KernelSU: tp_marker: unmark process: pid:12492, uid: 10505, comm:binder:12480_2
[  557.250655] KernelSU: tp_marker: unmark process: pid:12494, uid: 10505, comm:binder:12480_3
[  557.250659] KernelSU: tp_marker: unmark process: pid:12496, uid: 10505, comm:Profile Saver
[  557.250662] KernelSU: tp_marker: unmark process: pid:12523, uid: 10505, comm:binder:12480_3
[  557.250666] KernelSU: tp_marker: unmark process: pid:12543, uid: 10505, comm:binder:12480_3
[  557.250672] KernelSU: tp_marker: unmark process: pid:12532, uid: 10472, comm:stagram.android
[  557.250675] KernelSU: tp_marker: unmark process: pid:12533, uid: 10472, comm:Signal Catcher
[  557.250679] KernelSU: tp_marker: unmark process: pid:12534, uid: 10472, comm:perfetto_hprof_
[  557.250682] KernelSU: tp_marker: unmark process: pid:12535, uid: 10472, comm:Jit thread pool
[  557.250686] KernelSU: tp_marker: unmark process: pid:12536, uid: 10472, comm:HeapTaskDaemon
[  557.250689] KernelSU: tp_marker: unmark process: pid:12537, uid: 10472, comm:ReferenceQueueD
[  557.250693] KernelSU: tp_marker: unmark process: pid:12538, uid: 10472, comm:FinalizerDaemon
[  557.250696] KernelSU: tp_marker: unmark process: pid:12539, uid: 10472, comm:FinalizerWatchd
[  557.250699] KernelSU: tp_marker: unmark process: pid:12540, uid: 10472, comm:binder:12532_1
[  557.250702] KernelSU: tp_marker: unmark process: pid:12541, uid: 10472, comm:binder:12532_2
[  557.250706] KernelSU: tp_marker: unmark process: pid:12542, uid: 10472, comm:binder:12532_3
[  557.250710] KernelSU: tp_marker: unmark process: pid:12551, uid: 10472, comm:Profile Saver
[  557.250714] KernelSU: tp_marker: unmark process: pid:12557, uid: 10472, comm:pool-4-thread-1
[  557.250717] KernelSU: tp_marker: unmark process: pid:12559, uid: 10472, comm:Lacrima_single_
[  557.250720] KernelSU: tp_marker: unmark process: pid:12560, uid: 10472, comm:ForegroundEntit
[  557.250724] KernelSU: tp_marker: unmark process: pid:12561, uid: 10472, comm:AsyncQueryMulti
[  557.250727] KernelSU: tp_marker: unmark process: pid:12562, uid: 10472, comm:pool-6-thread-1
[  557.250731] KernelSU: tp_marker: unmark process: pid:12563, uid: 10472, comm:Lacrima_sender_
[  557.250735] KernelSU: tp_marker: unmark process: pid:12567, uid: 10472, comm:ackgroundLooper
[  557.250739] KernelSU: tp_marker: unmark process: pid:12568, uid: 10472, comm:HybridData Dest
[  557.250742] KernelSU: tp_marker: unmark process: pid:12569, uid: 10472, comm:pool-3-thread-1
[  557.250745] KernelSU: tp_marker: unmark process: pid:12570, uid: 10472, comm:Prflo:TraceCtl
[  557.250748] KernelSU: tp_marker: unmark process: pid:12571, uid: 10472, comm:IgExecutorSimpl
[  557.250752] KernelSU: tp_marker: unmark process: pid:12573, uid: 10472, comm:SWPool1_t2of3
[  557.250755] KernelSU: tp_marker: unmark process: pid:12574, uid: 10472, comm:SWPool1_t3of3
[  557.250758] KernelSU: tp_marker: unmark process: pid:12575, uid: 10472, comm:SWPool2_t1of2
[  557.250762] KernelSU: tp_marker: unmark process: pid:12576, uid: 10472, comm:SWPool2_t2of2
[  557.250766] KernelSU: tp_marker: unmark process: pid:12578, uid: 10472, comm:SWPool4_t1of1
[  557.250770] KernelSU: tp_marker: unmark process: pid:12579, uid: 10472, comm:SWPool5_t1of1
[  557.250774] KernelSU: tp_marker: unmark process: pid:12583, uid: 10472, comm:AChoreographer_
[  557.250777] KernelSU: tp_marker: unmark process: pid:12590, uid: 10472, comm:IgExecutorV2 #2
[  557.250780] KernelSU: tp_marker: unmark process: pid:12596, uid: 10472, comm:MultiSignalANRD
[  557.250784] KernelSU: tp_marker: unmark process: pid:12600, uid: 10472, comm:ProcessAnrError
[  557.250788] KernelSU: tp_marker: unmark process: pid:12601, uid: 10472, comm:Lacrima_schedul
[  557.250792] KernelSU: tp_marker: unmark process: pid:12602, uid: 10472, comm:queued-work-loo
[  557.250796] KernelSU: tp_marker: unmark process: pid:12603, uid: 10472, comm:LacrimaSigquitN
[  557.250799] KernelSU: tp_marker: unmark process: pid:12605, uid: 10472, comm:LacrimaBroadcas
[  557.250803] KernelSU: tp_marker: unmark process: pid:12606, uid: 10472, comm:Lacrima_schedul
[  557.250807] KernelSU: tp_marker: unmark process: pid:12607, uid: 10472, comm:pool-8-thread-1
[  557.250810] KernelSU: tp_marker: unmark process: pid:12608, uid: 10472, comm:pool-8-thread-2
[  557.250813] KernelSU: tp_marker: unmark process: pid:12609, uid: 10472, comm:pool-8-thread-3
[  557.250817] KernelSU: tp_marker: unmark process: pid:12610, uid: 10472, comm:ConnectivityThr
[  557.250821] KernelSU: tp_marker: unmark process: pid:12613, uid: 10472, comm:IgExecutorV2 #6
[  557.250825] KernelSU: tp_marker: unmark process: pid:12621, uid: 10472, comm:SystemDNS
[  557.250828] KernelSU: tp_marker: unmark process: pid:12623, uid: 10472, comm:SystemDNS
[  557.250832] KernelSU: tp_marker: unmark process: pid:12624, uid: 10472, comm:SystemDNS
[  557.250835] KernelSU: tp_marker: unmark process: pid:12625, uid: 10472, comm:SystemDNS
[  557.250839] KernelSU: tp_marker: unmark process: pid:12626, uid: 10472, comm:pool-10-thread-
[  557.250843] KernelSU: tp_marker: unmark process: pid:12627, uid: 10472, comm:MessageQueueWat
[  557.250846] KernelSU: tp_marker: unmark process: pid:12628, uid: 10472, comm:DefaultDispatch
[  557.250849] KernelSU: tp_marker: unmark process: pid:12629, uid: 10472, comm:DefaultDispatch
[  557.250853] KernelSU: tp_marker: unmark process: pid:12630, uid: 10472, comm:DefaultDispatch
[  557.250857] KernelSU: tp_marker: unmark process: pid:12631, uid: 10472, comm:MNSEventLoop1
[  557.250860] KernelSU: tp_marker: unmark process: pid:12632, uid: 10472, comm:SystemDNS
[  557.250863] KernelSU: tp_marker: unmark process: pid:12633, uid: 10472, comm:SystemDNS
[  557.250867] KernelSU: tp_marker: unmark process: pid:12634, uid: 10472, comm:SystemDNS
[  557.250871] KernelSU: tp_marker: unmark process: pid:12635, uid: 10472, comm:SystemDNS
[  557.250874] KernelSU: tp_marker: unmark process: pid:12636, uid: 10472, comm:SafeStackMNSEve
[  557.250877] KernelSU: tp_marker: unmark process: pid:12638, uid: 10472, comm:uledTasksLooper
[  557.250882] KernelSU: tp_marker: unmark process: pid:12639, uid: 10472, comm:InstagramOxygen
[  557.250885] KernelSU: tp_marker: unmark process: pid:12647, uid: 10472, comm:AsyncDataQueue
[  557.250890] KernelSU: tp_marker: unmark process: pid:12648, uid: 10472, comm:r.CleanupThread
[  557.250894] KernelSU: tp_marker: unmark process: pid:12649, uid: 10472, comm:Image Cache Bac
[  557.250897] KernelSU: tp_marker: unmark process: pid:12650, uid: 10472, comm:DefaultDispatch
[  557.250902] KernelSU: tp_marker: unmark process: pid:12651, uid: 10472, comm:DefaultDispatch
[  557.250905] KernelSU: tp_marker: unmark process: pid:12653, uid: 10472, comm:Fixie-backgroun
[  557.250909] KernelSU: tp_marker: unmark process: pid:12655, uid: 10472, comm:iga2_onefab
[  557.250913] KernelSU: tp_marker: unmark process: pid:12656, uid: 10472, comm:Analytics2-Even
[  557.250916] KernelSU: tp_marker: unmark process: pid:12657, uid: 10472, comm:ig_a2_event_pro
[  557.250920] KernelSU: tp_marker: unmark process: pid:12658, uid: 10472, comm:a2_hc_logger
[  557.250923] KernelSU: tp_marker: unmark process: pid:12659, uid: 10472, comm:ff_evt_listener
[  557.250927] KernelSU: tp_marker: unmark process: pid:12660, uid: 10472, comm:ff_hc_worker
[  557.250931] KernelSU: tp_marker: unmark process: pid:12666, uid: 10472, comm:WM.task-1
[  557.250935] KernelSU: tp_marker: unmark process: pid:12667, uid: 10472, comm:InstagramOxygen
[  557.250938] KernelSU: tp_marker: unmark process: pid:12668, uid: 10472, comm:HeroManagerBack
[  557.250941] KernelSU: tp_marker: unmark process: pid:12672, uid: 10472, comm:MemoryTimeline
[  557.250946] KernelSU: tp_marker: unmark process: pid:12673, uid: 10472, comm:InstagramOxygen
[  557.250949] KernelSU: tp_marker: unmark process: pid:12675, uid: 10472, comm:AsyncTask #1
[  557.250954] KernelSU: tp_marker: unmark process: pid:12676, uid: 10472, comm:IgExecutorV2 #1
[  557.250957] KernelSU: tp_marker: unmark process: pid:12677, uid: 10472, comm:IgExecutorV2 #1
[  557.250961] KernelSU: tp_marker: unmark process: pid:12679, uid: 10472, comm:IgExecutorV2 #1
[  557.250965] KernelSU: tp_marker: unmark process: pid:12681, uid: 10472, comm:ComponentLayout
[  557.250968] KernelSU: tp_marker: unmark process: pid:12682, uid: 10472, comm:dgw_mns_event_l
[  557.250972] KernelSU: tp_marker: unmark process: pid:12684, uid: 10472, comm:DiskCache
[  557.250975] KernelSU: tp_marker: unmark process: pid:12685, uid: 10472, comm:SystemDNS
[  557.250977] KernelSU: tp_marker: unmark process: pid:12686, uid: 10472, comm:SystemDNS
[  557.250982] KernelSU: tp_marker: unmark process: pid:12687, uid: 10472, comm:SystemDNS
[  557.250986] KernelSU: tp_marker: unmark process: pid:12688, uid: 10472, comm:SystemDNS
[  557.250989] KernelSU: tp_marker: unmark process: pid:12689, uid: 10472, comm:fflogger_worker
[  557.250992] KernelSU: tp_marker: unmark process: pid:12691, uid: 10472, comm:DiskCache
[  557.250996] KernelSU: tp_marker: unmark process: pid:12692, uid: 10472, comm:FileObserver
[  557.251000] KernelSU: tp_marker: unmark process: pid:12694, uid: 10472, comm:DiskCache
[  557.251003] KernelSU: tp_marker: unmark process: pid:12695, uid: 10472, comm:DgwExecutor
[  557.251008] KernelSU: tp_marker: unmark process: pid:12696, uid: 10472, comm:DestructorThrea
[  557.251012] KernelSU: tp_marker: unmark process: pid:12698, uid: 10472, comm:UtilityContext
[  557.251016] KernelSU: tp_marker: unmark process: pid:12699, uid: 10472, comm:binder:12532_4
[  557.251020] KernelSU: tp_marker: unmark process: pid:12700, uid: 10472, comm:NetworkContext
[  557.251023] KernelSU: tp_marker: unmark process: pid:12701, uid: 10472, comm:DirectHandlerTh
[  557.251026] KernelSU: tp_marker: unmark process: pid:12705, uid: 10472, comm:DgwPluginExecut
[  557.251030] KernelSU: tp_marker: unmark process: pid:12708, uid: 10472, comm:X.2bi
[  557.251033] KernelSU: tp_marker: unmark process: pid:12716, uid: 10472, comm:MainContext
[  557.251036] KernelSU: tp_marker: unmark process: pid:12748, uid: 10472, comm:CCodecWatchdog
[  557.251040] KernelSU: tp_marker: unmark process: pid:12749, uid: 10472, comm:ff_tb_schedule
[  557.251043] KernelSU: tp_marker: unmark process: pid:12750, uid: 10472, comm:CodecLooper
[  557.251046] KernelSU: tp_marker: unmark process: pid:12751, uid: 10472, comm:CodecLooper
[  557.251049] KernelSU: tp_marker: unmark process: pid:12752, uid: 10472, comm:HwBinder:12532_
[  557.251053] KernelSU: tp_marker: unmark process: pid:12756, uid: 10472, comm:SWPool1_t1of3
[  557.251057] KernelSU: tp_marker: unmark process: pid:12757, uid: 10472, comm:WM.task-2
[  557.251060] KernelSU: tp_marker: unmark process: pid:12764, uid: 10472, comm:WM.task-3
[  557.251064] KernelSU: tp_marker: unmark process: pid:12767, uid: 10472, comm:WM.task-4
[  557.251067] KernelSU: tp_marker: unmark process: pid:12840, uid: 10472, comm:RtcDgwExecutor
[  557.251071] KernelSU: tp_marker: unmark process: pid:12903, uid: 10472, comm:HeroManagerDefa
[  557.251074] KernelSU: tp_marker: unmark process: pid:12906, uid: 10472, comm:DefaultDispatch
[  557.251077] KernelSU: tp_marker: unmark process: pid:12907, uid: 10472, comm:DefaultDispatch
[  557.251080] KernelSU: tp_marker: unmark process: pid:12908, uid: 10472, comm:DefaultDispatch
[  557.251083] KernelSU: tp_marker: unmark process: pid:12909, uid: 10472, comm:BgHandler
[  557.251087] KernelSU: tp_marker: unmark process: pid:12910, uid: 10472, comm:Thread-31
[  557.251090] KernelSU: tp_marker: unmark process: pid:12913, uid: 10472, comm:AudioPortEventH
[  557.251093] KernelSU: tp_marker: unmark process: pid:12943, uid: 10472, comm:RxCachedWorkerP
[  557.251096] KernelSU: tp_marker: unmark process: pid:12972, uid: 10472, comm:SWPool3_t1of1
[  557.251099] KernelSU: tp_marker: unmark process: pid:12973, uid: 10472, comm:FuncSched
[  557.251103] KernelSU: tp_marker: unmark process: pid:13141, uid: 10472, comm:ffloger_upload
[  557.251106] KernelSU: tp_marker: unmark process: pid:13266, uid: 10472, comm:binder:12532_5
[  557.251109] KernelSU: tp_marker: unmark process: pid:13269, uid: 10472, comm:Lacrima_schedul
[  557.251113] KernelSU: tp_marker: unmark process: pid:13653, uid: 10472, comm:binder:12532_6
[  557.251119] KernelSU: tp_marker: unmark process: pid:12772, uid: 10505, comm:le_art_image_17
[  557.251123] KernelSU: tp_marker: unmark process: pid:12778, uid: 10505, comm:Signal Catcher
[  557.251126] KernelSU: tp_marker: unmark process: pid:12779, uid: 10505, comm:perfetto_hprof_
[  557.251130] KernelSU: tp_marker: unmark process: pid:12780, uid: 10505, comm:ADB-JDWP Connec
[  557.251134] KernelSU: tp_marker: unmark process: pid:12781, uid: 10505, comm:Jit thread pool
[  557.251137] KernelSU: tp_marker: unmark process: pid:12782, uid: 10505, comm:HeapTaskDaemon
[  557.251140] KernelSU: tp_marker: unmark process: pid:12784, uid: 10505, comm:ReferenceQueueD
[  557.251144] KernelSU: tp_marker: unmark process: pid:12785, uid: 10505, comm:FinalizerDaemon
[  557.251147] KernelSU: tp_marker: unmark process: pid:12786, uid: 10505, comm:FinalizerWatchd
[  557.251151] KernelSU: tp_marker: unmark process: pid:12787, uid: 10505, comm:binder:12772_1
[  557.251156] KernelSU: tp_marker: unmark process: pid:12788, uid: 10505, comm:binder:12772_2
[  557.251159] KernelSU: tp_marker: unmark process: pid:12794, uid: 10505, comm:binder:12772_3
[  557.251163] KernelSU: tp_marker: unmark process: pid:12800, uid: 10505, comm:Profile Saver
[  557.251167] KernelSU: tp_marker: unmark process: pid:12804, uid: 10505, comm:Gecko
[  557.251173] KernelSU: tp_marker: unmark process: pid:13027, uid: 99002, comm:ocessService0:0
[  557.251178] KernelSU: tp_marker: unmark process: pid:13028, uid: 99002, comm:Signal Catcher
[  557.251182] KernelSU: tp_marker: unmark process: pid:13029, uid: 99002, comm:perfetto_hprof_
[  557.251186] KernelSU: tp_marker: unmark process: pid:13030, uid: 99002, comm:HeapTaskDaemon
[  557.251191] KernelSU: tp_marker: unmark process: pid:13031, uid: 99002, comm:ReferenceQueueD
[  557.251195] KernelSU: tp_marker: unmark process: pid:13032, uid: 99002, comm:FinalizerDaemon
[  557.251198] KernelSU: tp_marker: unmark process: pid:13033, uid: 99002, comm:FinalizerWatchd
[  557.251202] KernelSU: tp_marker: unmark process: pid:13034, uid: 99002, comm:binder:13027_1
[  557.251206] KernelSU: tp_marker: unmark process: pid:13035, uid: 99002, comm:binder:13027_2
[  557.251209] KernelSU: tp_marker: unmark process: pid:13036, uid: 99002, comm:binder:13027_3
[  557.251213] KernelSU: tp_marker: unmark process: pid:13037, uid: 99002, comm:ChildProcessMai
[  557.251219] KernelSU: tp_marker: unmark process: pid:13072, uid: 10498, comm:steam.community
[  557.251223] KernelSU: tp_marker: unmark process: pid:13073, uid: 10498, comm:Signal Catcher
[  557.251228] KernelSU: tp_marker: unmark process: pid:13074, uid: 10498, comm:perfetto_hprof_
[  557.251234] KernelSU: tp_marker: unmark process: pid:13075, uid: 10498, comm:Jit thread pool
[  557.251239] KernelSU: tp_marker: unmark process: pid:13076, uid: 10498, comm:HeapTaskDaemon
[  557.251243] KernelSU: tp_marker: unmark process: pid:13077, uid: 10498, comm:ReferenceQueueD
[  557.251246] KernelSU: tp_marker: unmark process: pid:13078, uid: 10498, comm:FinalizerDaemon
[  557.251249] KernelSU: tp_marker: unmark process: pid:13079, uid: 10498, comm:FinalizerWatchd
[  557.251253] KernelSU: tp_marker: unmark process: pid:13080, uid: 10498, comm:binder:13072_1
[  557.251256] KernelSU: tp_marker: unmark process: pid:13081, uid: 10498, comm:binder:13072_2
[  557.251261] KernelSU: tp_marker: unmark process: pid:13082, uid: 10498, comm:binder:13072_3
[  557.251264] KernelSU: tp_marker: unmark process: pid:13083, uid: 10498, comm:Profile Saver
[  557.251269] KernelSU: tp_marker: unmark process: pid:13086, uid: 10498, comm:Firebase-Messag
[  557.251273] KernelSU: tp_marker: unmark process: pid:13087, uid: 10498, comm:Firebase-Messag
[  557.251276] KernelSU: tp_marker: unmark process: pid:13089, uid: 10498, comm:Firebase Backgr
[  557.251280] KernelSU: tp_marker: unmark process: pid:13090, uid: 10498, comm:Firebase Backgr
[  557.251284] KernelSU: tp_marker: unmark process: pid:13091, uid: 10498, comm:Firebase Backgr
[  557.251288] KernelSU: tp_marker: unmark process: pid:13092, uid: 10498, comm:Firebase Backgr
[  557.251291] KernelSU: tp_marker: unmark process: pid:13093, uid: 10498, comm:WM.task-1
[  557.251295] KernelSU: tp_marker: unmark process: pid:13095, uid: 10498, comm:WM.task-2
[  557.251331] KernelSU: tp_marker: unmark process: pid:14119, uid: 10501, comm:weishu.kernelsu
[  557.251335] KernelSU: tp_marker: unmark process: pid:14121, uid: 10501, comm:Signal Catcher
[  557.251339] KernelSU: tp_marker: unmark process: pid:14122, uid: 10501, comm:perfetto_hprof_
[  557.251345] KernelSU: tp_marker: unmark process: pid:14124, uid: 10501, comm:Jit thread pool
[  557.251348] KernelSU: tp_marker: unmark process: pid:14125, uid: 10501, comm:HeapTaskDaemon
[  557.251352] KernelSU: tp_marker: unmark process: pid:14126, uid: 10501, comm:ReferenceQueueD
[  557.251356] KernelSU: tp_marker: unmark process: pid:14127, uid: 10501, comm:FinalizerDaemon
[  557.251360] KernelSU: tp_marker: unmark process: pid:14128, uid: 10501, comm:FinalizerWatchd
[  557.251364] KernelSU: tp_marker: unmark process: pid:14129, uid: 10501, comm:binder:14119_1
[  557.251367] KernelSU: tp_marker: unmark process: pid:14130, uid: 10501, comm:binder:14119_2
[  557.251371] KernelSU: tp_marker: unmark process: pid:14132, uid: 10501, comm:binder:14119_3
[  557.251374] KernelSU: tp_marker: unmark process: pid:14137, uid: 10501, comm:Profile Saver
[  557.251378] KernelSU: tp_marker: unmark process: pid:14142, uid: 10501, comm:DefaultDispatch
[  557.251382] KernelSU: tp_marker: unmark process: pid:14143, uid: 10501, comm:DefaultDispatch
[  557.251386] KernelSU: tp_marker: unmark process: pid:14144, uid: 10501, comm:DefaultDispatch
[  557.251389] KernelSU: tp_marker: unmark process: pid:14146, uid: 10501, comm:process reaper
[  557.251393] KernelSU: tp_marker: unmark process: pid:14147, uid: 10501, comm:pool-3-thread-1
[  557.251396] KernelSU: tp_marker: unmark process: pid:14154, uid: 10501, comm:binder:14119_4
[  557.251400] KernelSU: tp_marker: unmark process: pid:14162, uid: 10501, comm:process reaper
[  557.251404] KernelSU: tp_marker: unmark process: pid:14177, uid: 10501, comm:RenderThread
[  557.251408] KernelSU: tp_marker: unmark process: pid:14199, uid: 10501, comm:process reaper
[  557.251411] KernelSU: tp_marker: unmark process: pid:14201, uid: 10501, comm:pool-3-thread-2
[  557.251415] KernelSU: tp_marker: unmark process: pid:14204, uid: 10501, comm:VsyncReceiver
[  557.251418] KernelSU: tp_marker: unmark process: pid:14205, uid: 10501, comm:SurfaceSyncGrou
[  557.251422] KernelSU: tp_marker: unmark process: pid:14207, uid: 10501, comm:hwuiTask0
[  557.251425] KernelSU: tp_marker: unmark process: pid:14208, uid: 10501, comm:hwuiTask1
[  557.251429] KernelSU: tp_marker: unmark process: pid:14210, uid: 10501, comm:binder:14119_5
[  557.251433] KernelSU: tp_marker: unmark process: pid:14230, uid: 10501, comm:DefaultDispatch
[  557.251437] KernelSU: tp_marker: unmark process: pid:14231, uid: 10501, comm:DefaultDispatch
[  557.251440] KernelSU: tp_marker: unmark process: pid:14232, uid: 10501, comm:binder:14119_4
[  557.251444] KernelSU: tp_marker: unmark process: pid:14233, uid: 10501, comm:DefaultDispatch
[  557.251448] KernelSU: tp_marker: unmark process: pid:14234, uid: 10501, comm:DefaultDispatch
[  557.251451] KernelSU: tp_marker: unmark process: pid:14235, uid: 10501, comm:DefaultDispatch
[  557.251455] KernelSU: tp_marker: unmark process: pid:14268, uid: 10501, comm:jc2 TaskRunner
[  557.251458] KernelSU: tp_marker: unmark process: pid:14340, uid: 10501, comm:jc2 TaskRunner
[  557.251461] KernelSU: tp_marker: unmark process: pid:14343, uid: 10501, comm:Okio Watchdog
[  557.251465] KernelSU: tp_marker: unmark process: pid:14372, uid: 10501, comm:jc2 ConnectionP
[  557.251469] KernelSU: tp_marker: unmark process: pid:14373, uid: 10501, comm:jc2 TaskRunner
[  557.251475] KernelSU: tp_marker: unmark process: pid:14155, uid: 10501, comm:sh
[  557.251482] KernelSU: tp_marker: unmark process: pid:14169, uid: 10501, comm:sh
[  557.251511] KernelSU: tp_marker: unmark process: pid:14570, uid: 10510, comm:libghostlock.so
[  557.251519] KernelSU: tp_marker: unmark process: pid:22570, uid: 10510, comm:ghostleaf_01234
[  557.251527] KernelSU: tp_marker: unmark process: pid:759, uid: 0, comm:sh
[  557.251533] KernelSU: tp_marker: unmark process: pid:760, uid: 0, comm:sleep
[  557.251536] KernelSU: tp_marker: mark process: pid:771, uid: 0, comm:ksud
[  557.251655] KernelSU: hook_manager: sys_enter tracepoint registered
[  557.251664] KernelSU: feature: registered handler for kernel_umount (id=1)
[  557.251670] KernelSU: feature: registered handler for webview_zygote_umount (id=5)
[  557.251673] KernelSU: feature: registered handler for su_compat (id=0)
[  557.251712] KernelSU: watching /data/system
[  557.251716] KernelSU: observer init done
[  557.310978] KernelSU: Searching manager...
[  557.311076] KernelSU: search_manager: dir: /data/app got magic! 0xf2f52010
[  557.318441] KernelSU: Found new base.apk at path: /data/app/~~GlxzGXtHCVkDyW-lPuMxGg==/com.google.android.apps.bard-WqIcfo7env1X9_dqAf6qWA==/base.apk, is_manager: 0
[  557.318621] KernelSU: Found new base.apk at path: /data/app/~~UceZbic_A8HpgKzo7EM0qQ==/com.google.android.apps.restore-FlSEbDfoqb8WyXHl4KPPVg==/base.apk, is_manager: 0
[  557.318944] KernelSU: Found new base.apk at path: /data/app/~~dKCEczNp8-QJy14lX5x7Ow==/com.sonyericsson.androidapp.sehome-cfv--b8juAkvnc9VKLnsmQ==/base.apk, is_manager: 0
[  557.319945] KernelSU: Found new base.apk at path: /data/app/~~h0H1UX2QeXEdkkV7vhWK3g==/jp.co.sony.mc.videoeditor-EqMINDunOEMMmr8inMmwSg==/base.apk, is_manager: 0
[  557.320704] KernelSU: Found new base.apk at path: /data/app/~~uKjwejnteL6yh2EtuINzfQ==/com.google.android.videos-9gWjuQ_-0Dz8q-svTjL4gw==/base.apk, is_manager: 0
[  557.320858] KernelSU: Found new base.apk at path: /data/app/~~WS6GH4I5Rm2c66TGpAmh1A==/jp.softbank.mb.linemusic-8UqJfaoGV3P6NAr43cAwSw==/base.apk, is_manager: 0
[  557.320931] KernelSU: Found new base.apk at path: /data/app/~~NdQ9RjNhb8LeLMTkxaOaBA==/com.sonypicturescore.xperia-ILdZszhmm13614KZnVvmJw==/base.apk, is_manager: 0
[  557.320996] KernelSU: Found new base.apk at path: /data/app/~~dTmz7Bq7Xf4mXZ4h9KDeYw==/com.sony.drbd.reader.other.jp-ad3VQbfz4uRcB0zEHvn98g==/base.apk, is_manager: 0
[  557.321930] KernelSU: Found new base.apk at path: /data/app/~~XtuUi4OSzR7_dXVY5g334g==/com.example.helpo_preinstall2022-GQdUbE-iMV672Szzgpr4Eg==/base.apk, is_manager: 0
[  557.322868] KernelSU: Found new base.apk at path: /data/app/~~uJa7loBpMDYhfdpY67TAdA==/jp.co.sony.ips.portalapp-1FJzo4cijRosLR4BF49FPQ==/base.apk, is_manager: 0
[  557.322966] KernelSU: Found new base.apk at path: /data/app/~~-lyxkJJtZDBz29gF18h1FA==/com.sonyericsson.music-GVKW8zLxJqsjfEH1_V1FgQ==/base.apk, is_manager: 0
[  557.324252] KernelSU: Found new base.apk at path: /data/app/~~6YQv6LKFWYFzLrpzh0SHXw==/com.facebook.katana-vF_C7Bxw3voZkOARi8cBxQ==/base.apk, is_manager: 0
[  557.324409] KernelSU: Found new base.apk at path: /data/app/~~StbWtbNp24MAjQPqtb6Onw==/com.netflix.mediaclient-gccpfoivS90BByRmyushnw==/base.apk, is_manager: 0
[  557.324759] KernelSU: Found new base.apk at path: /data/app/~~hBjKHSR5FVm_rW6ZvlByGA==/com.sony.nfx.app.sfrc-6r8Y2cOPAlUKTd-njaneow==/base.apk, is_manager: 0
[  557.324853] KernelSU: Found new base.apk at path: /data/app/~~mdK8ocRgciBNa77zP3OHTw==/com.google.android.apps.docs.editors.docs-frfCJSGCZ58uBz7ZZ2YwOA==/base.apk, is_manager: 0
[  557.324922] KernelSU: Found new base.apk at path: /data/app/~~w4ZqpA0KEtVtnTLOyBNt2w==/com.google.mainline.adservices-yocZuA_A1IJqVdlu8LdvTQ==/base.apk, is_manager: 0
[  557.326083] KernelSU: Found new base.apk at path: /data/app/~~NQHBI2Ee7J1FscPUbTn79Q==/com.google.android.apps.adm-WIIsxyH1Yg35Qiv0vRXSUw==/base.apk, is_manager: 0
[  557.326187] KernelSU: Found new base.apk at path: /data/app/~~83shjTrYT7U-gylti-F46g==/com.google.android.projection.gearhead-poZxCbQakGiabRSpnytH7g==/base.apk, is_manager: 0
[  557.326400] KernelSU: Found new base.apk at path: /data/app/~~LFzyqY5tb7bGkpdXOWmGrQ==/com.google.android.gm-FNv1Wz2cuPZq4KLKB2LnEw==/base.apk, is_manager: 0
[  557.326551] KernelSU: Found new base.apk at path: /data/app/~~0PO-v03XmE4UPaDSpZyDbA==/com.google.android.contactkeys-gG3eX7yaqazF7D4yorSiPQ==/base.apk, is_manager: 0
[  557.326630] KernelSU: Found new base.apk at path: /data/app/~~RBE8gmDmEC1vVoVqQw2XfQ==/com.google.android.tts-XLKHpm12zw-yp34RQjv1lg==/base.apk, is_manager: 0
[  557.326722] KernelSU: Found new base.apk at path: /data/app/~~I9XcNqRR4xIVRllBxLKQrA==/com.google.android.dialer-qODlnjO6p-5GRMvfdnYJNA==/base.apk, is_manager: 0
[  557.327314] KernelSU: Found new base.apk at path: /data/app/~~sA6zkEyQd6RlGl6kyED9Ow==/com.scee.psxandroid-6D1JjtdL2KLwzmH1Sdh-AA==/base.apk, is_manager: 0
[  557.327397] KernelSU: Found new base.apk at path: /data/app/~~IQzIOz_TOAZn3elUV5A4Vg==/com.google.android.apps.tachyon-Q6AZLvyH05hqXv0luuvkSg==/base.apk, is_manager: 0
[  557.327474] KernelSU: Found new base.apk at path: /data/app/~~IXAi8jH4JRf5ZnRqixv1_w==/android.autoinstalls.config.sony.xperia-v5tGWJ9Ew3XmEweIQUS4xw==/base.apk, is_manager: 0
[  557.327809] KernelSU: Found new base.apk at path: /data/app/~~r-Lsz9B8vq5DKfmfZJljKg==/jp.co.sony.mc.musicpro-YdHwVsHsWwAmV8TtFWa6Dg==/base.apk, is_manager: 0
[  557.327898] KernelSU: Found new base.apk at path: /data/app/~~_wf-fe7saixnJdQsaXFKzQ==/com.roro.tablethook-MqX9fulPnG_R6Nbc_A-3_Q==/base.apk, is_manager: 0
[  557.327945] KernelSU: Found new base.apk at path: /data/app/~~POZX9RwX3_euC1TQftUkcg==/com.sonymobile.themes.liquid.cid45.black-My4rtB6clpaT4L9H2kk77w==/base.apk, is_manager: 0
[  557.328355] KernelSU: Found new base.apk at path: /data/app/~~asQ3PQZZSItTgfOG7mu69Q==/com.apkpure.aegon-WpQ4MwEwuvsOh9IJh2vpIA==/base.apk, is_manager: 0
[  557.329812] KernelSU: Found new base.apk at path: /data/app/~~DRCfiWTB3wCQOhc9yDQraA==/org.breezyweather-G_dVWq5hQU-xge19TV0_Qg==/base.apk, is_manager: 0
[  557.329889] KernelSU: Found new base.apk at path: /data/app/~~Q2tOpeV5GUK0XAJEFANkQQ==/com.sonymobile.themes.liquid.cid47.pink-10xrCa8gddeY4RG-q3eKgA==/base.apk, is_manager: 0
[  557.329951] KernelSU: Found new base.apk at path: /data/app/~~Sj7BjalPWVRqxkBJ6Yq_Vw==/com.sonymobile.themes.liquid.cid47.green-C6dBsU49lmZEKcRh6y5gdw==/base.apk, is_manager: 0
[  557.330011] KernelSU: Found new base.apk at path: /data/app/~~Lgg9SDytxx79pRU0B-Dd6Q==/com.sonymobile.wallpaper.aq-dnr3BlWDvEFHr-3CQxbCPQ==/base.apk, is_manager: 0
[  557.330641] KernelSU: Found new base.apk at path: /data/app/~~D-Adq9zZOJ0Hj7sZaB11-A==/com.wandoujia.phoenix2-O4b-yuBJtsFZIvmyqAQVdQ==/base.apk, is_manager: 0
[  557.330725] KernelSU: Found new base.apk at path: /data/app/~~i3ZSrewQNf8swqwQFlpj4g==/com.sonymobile.themes.liquid.cid47.silver-MWRuz6j1LvkwMT9-OUeGbA==/base.apk, is_manager: 0
[  557.330819] KernelSU: Found new base.apk at path: /data/app/~~mSKc1lpv51QgQNsr1qd5Lw==/me.piebridge.brevent-6ryDAOxXz5joyiETfvQ0Vw==/base.apk, is_manager: 0
[  557.331471] KernelSU: Found new base.apk at path: /data/app/~~BsvdPF2XbC7ndzHZL97vMw==/com.yingyonghui.market-yw-VatAhbRRhqgqCrY7gfA==/base.apk, is_manager: 0
[  557.331883] KernelSU: Found new base.apk at path: /data/app/~~cDLp-HOaRWmw4btLDcWRyQ==/org.fdroid.fdroid-m9D1ewSDUgvHihVy3X8eEQ==/base.apk, is_manager: 0
[  557.332026] KernelSU: sha256: c371061b19d8c7d7d6133c6a9bafe198fa944e50c1b31c9d8daa8d7f1fc2d2d6, expected: c371061b19d8c7d7d6133c6a9bafe198fa944e50c1b31c9d8daa8d7f1fc2d2d6
[  557.332035] KernelSU: Found new base.apk at path: /data/app/~~v3vRKnexkdkZ9hB-WNTybA==/me.weishu.kernelsu-rG4D5W1YI2LJA7oTTgY1GA==/base.apk, is_manager: 1
[  557.332040] KernelSU: manager pkg: me.weishu.kernelsu
[  557.332068] KernelSU: Crowning manager: me.weishu.kernelsu(uid=10501)
[  557.332083] KernelSU: Stop searching
[  557.332110] KernelSU: Search manager finished
[  557.332303] KernelSU: Permissive SELinux, enforcing
[  557.365456] audit: type=1400 audit(1789703409.244:1849): avc:  denied  { write } for  pid=22570 comm="ghostleaf_01234" path="/data/data/com.ghostlock.app/files/.ghostlock_native.log" dev="dm-54" ino=206076 scontext=u:r:kernel:s0 tcontext=u:object_r:app_data_file:s0:c254,c257,c512,c768 tclass=file permissive=1
[  557.365488] audit: type=1400 audit(1789703409.244:1850): avc:  denied  { search } for  pid=22570 comm="ghostleaf_01234" name="22570" dev="proc" ino=147915 scontext=u:r:kernel:s0 tcontext=u:r:untrusted_app:s0:c254,c257,c512,c768 tclass=dir permissive=1
[  557.500585] KernelSU: ksu fd installed: 5 for pid 771
[  557.500602] KernelSU: [771] install ksu fd: 5
[  557.516053] KernelSU: old config: 1
[  557.516069] KernelSU: adding POLICYDB_CONFIG_ANDROID_NETLINK_ROUTE
[  557.516072] KernelSU: adding POLICYDB_CONFIG_ANDROID_NETLINK_GETNEIGH
[  557.516074] KernelSU: new config: 3221225473
[  557.618239] KernelSU: old config: 1
[  557.618259] KernelSU: adding POLICYDB_CONFIG_ANDROID_NETLINK_ROUTE
[  557.618263] KernelSU: adding POLICYDB_CONFIG_ANDROID_NETLINK_GETNEIGH
[  557.618266] KernelSU: new config: 3221225473
[  557.665624] KernelSU: target type nsfs does not exist
[  557.665659] KernelSU: sepol: cmd #19 failed, cmd=1 subcmd=1.
[  557.665679] KernelSU: target type nsfs does not exist
[  557.665681] KernelSU: sepol: cmd #20 failed, cmd=1 subcmd=1.
[  557.710557] KernelSU: su_compat: set to 1
[  557.710665] KernelSU: sulog: set to 0
[  557.710746] KernelSU: kernel_umount: set to 1
[  557.710826] KernelSU: webview_zygote_umount: set to 0
[  557.710909] KernelSU: selinux_hide: set to 0
[  557.710994] KernelSU: adb_root: set to 0
[  557.874553] SELinux: Multiple same specifications for vendor.qti.gnss.ILocAidlGnss/default.
[  557.876524] SELinux: SELinux: Loaded service context from:
[  557.876541] SELinux: 		/system/etc/selinux/plat_service_contexts
[  557.876554] SELinux: 		/system_ext/etc/selinux/system_ext_service_contexts
[  557.876567] SELinux: 		/product/etc/selinux/product_service_contexts
[  557.876580] SELinux: 		/vendor/etc/selinux/vendor_service_contexts
[  557.888435] SELinux: avc:  denied  { find } for pid=2168 uid=1000 name=vendor.qti.hardware.servicetrackeraidl.IServicetracker/default scontext=u:r:system_server:s0 tcontext=u:object_r:default_android_service:s0 tclass=service_manager permissive=0
[  557.941199] init: Untracked pid 14155 received signal 9
[  557.941213] init: Untracked pid 14155 did not have an associated service entry and will not be reaped
[  557.941591] init: Untracked pid 14169 received signal 9
[  557.941595] init: Untracked pid 14169 did not have an associated service entry and will not be reaped
[  557.947499] SELinux: avc:  denied  { find } for pid=2168 uid=1000 name=vendor.qti.hardware.servicetrackeraidl.IServicetracker/default scontext=u:r:system_server:s0 tcontext=u:object_r:default_android_service:s0 tclass=service_manager permissive=0
[  557.954578] SELinux: avc:  denied  { find } for pid=2168 uid=1000 name=vendor.qti.hardware.servicetrackeraidl.IServicetracker/default scontext=u:r:system_server:s0 tcontext=u:object_r:default_android_service:s0 tclass=service_manager permissive=0
[  558.011458] SELinux: avc:  denied  { find } for pid=2168 uid=1000 name=vendor.qti.hardware.servicetrackeraidl.IServicetracker/default scontext=u:r:system_server:s0 tcontext=u:object_r:default_android_service:s0 tclass=service_manager permissive=0
[  558.104046] KernelSU: handle_setresuid from 0 to 10501
[  558.104054] KernelSU: install fd for manager: 10501
[  558.104058] KernelSU: ksu fd installed: 3 for pid 851
[  558.123442] KernelSU: ksu fd released
[  558.124346] init: Untracked pid 771 exited with status 0
[  558.124368] init: Untracked pid 771 did not have an associated service entry and will not be reaped
[  558.124489] init: Untracked pid 800 exited with status 0
[  558.124499] init: Untracked pid 800 did not have an associated service entry and will not be reaped
[  558.124547] init: Untracked pid 801 exited with status 0
[  558.124557] init: Untracked pid 801 did not have an associated service entry and will not be reaped
[  558.260195] KernelSU: ksu fd installed: 4 for pid 1025
[  558.260201] KernelSU: [1025] install ksu fd: 4
[  558.260205] KernelSU: allow root for: 10501
[  558.260614] KernelSU: ksu fd released
[  558.274183] KernelSU: ksu fd installed: 4 for pid 1036
[  558.274188] KernelSU: [1036] install ksu fd: 4
[  558.274192] KernelSU: allow root for: 10501
[  558.274671] KernelSU: ksu fd released
[  558.294622] KernelSU: ksu fd installed: 4 for pid 1108
[  558.294629] KernelSU: [1108] install ksu fd: 4
[  558.294633] KernelSU: allow root for: 10501
[  558.295269] KernelSU: ksu fd released
[  558.605824] KernelSU: ksu fd installed: 4 for pid 1197
[  558.605831] KernelSU: [1197] install ksu fd: 4
[  558.606112] KernelSU: ksu fd released
[  558.611167] KernelSU: ksu fd installed: 4 for pid 1198
[  558.611173] KernelSU: [1198] install ksu fd: 4
[  558.611442] KernelSU: ksu fd released
[  558.722488] KernelSU: ksu fd installed: 4 for pid 1220
[  558.722494] KernelSU: [1220] install ksu fd: 4
[  558.722771] KernelSU: ksu fd released
[  558.729475] KernelSU: ksu fd installed: 4 for pid 1221
[  558.729482] KernelSU: [1221] install ksu fd: 4
[  558.729784] KernelSU: ksu fd released
[  558.734642] KernelSU: ksu fd installed: 4 for pid 1224
[  558.734649] KernelSU: [1224] install ksu fd: 4
[  558.734941] KernelSU: ksu fd released
[  558.740014] KernelSU: ksu fd installed: 4 for pid 1225
[  558.740020] KernelSU: [1225] install ksu fd: 4
[  558.740277] KernelSU: ksu fd released
[  558.745694] KernelSU: ksu fd installed: 4 for pid 1226
[  558.745700] KernelSU: [1226] install ksu fd: 4
[  558.745971] KernelSU: ksu fd released
[  558.750892] KernelSU: ksu fd installed: 4 for pid 1227
[  558.750898] KernelSU: [1227] install ksu fd: 4
[  558.751144] KernelSU: ksu fd released
[  558.756587] KernelSU: ksu fd installed: 4 for pid 1230
[  558.756592] KernelSU: [1230] install ksu fd: 4
[  558.756831] KernelSU: ksu fd released
[  558.761458] KernelSU: ksu fd installed: 4 for pid 1231
[  558.761464] KernelSU: [1231] install ksu fd: 4
[  558.761728] KernelSU: ksu fd released
[  558.775810] KernelSU: ksu fd installed: 4 for pid 1236
[  558.775816] KernelSU: [1236] install ksu fd: 4
[  558.776061] KernelSU: ksu fd released
[  558.781520] KernelSU: ksu fd installed: 4 for pid 1237
[  558.781526] KernelSU: [1237] install ksu fd: 4
[  558.781769] KernelSU: ksu fd released
[  559.098130] (virq:irq_count)- GICv3:IPI(1):493945 GICv3:arch_timer(11):399442 GICv3:IPI(6):155848 GICv3:ufshcd(35):109765 GICv3:IPI(2):84103 GICv3:apps_rsc-drv-2(20):45674 GICv3:ipcc_0(37):17878 ipcc:glink-native-adsp(385):16574 ITS-MSI:pci0_wlan_ce_7(323):11344 GICv3:msm_drm(243):8140 
[  559.098175] (cpu:irq_count)- 0:389207 1:205749 2:207003 3:124265 4:121142 5:103922 6:110153 7:129072 
[  559.098193] (ipi:irq_count)- 0:493945 1:84103 2:0 3:0 4:0 5:155848 6:0 
[  559.146927] logd: logdr: UID=0 GID=0 PID=824 b tail=0 logMask=11 pid=0 start=0ns deadline=0ns
[  559.633469] kauditd_printk_skb: 11 callbacks suppressed
[  559.633483] audit: type=1400 audit(1789703411.876:1943): avc:  denied  { read } for  pid=851 comm="main" name="u:object_r:adbd_config_prop:s0" dev="tmpfs" ino=112 scontext=u:r:untrusted_app:s0:c245,c257,c512,c768 tcontext=u:object_r:device:s0 tclass=file permissive=0
[  559.633498] audit: type=1400 audit(1789703411.880:1944): avc:  denied  { read } for  pid=851 comm="main" name="u:object_r:shell_prop:s0" dev="tmpfs" ino=383 scontext=u:r:untrusted_app:s0:c245,c257,c512,c768 tcontext=u:object_r:device:s0 tclass=file permissive=0
[  559.633505] audit: type=1400 audit(1789703411.884:1945): avc:  denied  { read } for  pid=4273 comm="ll.splashscreen" name="u:object_r:vendor_display_prop:s0" dev="tmpfs" ino=488 scontext=u:r:platform_app:s0:c512,c768 tcontext=u:object_r:vendor_display_prop:s0 tclass=file permissive=0
[  559.633512] audit: type=1400 audit(1789703412.028:1946): avc:  denied  { search } for  pid=1025 comm="libksud.so" name="tests" dev="dm-54" ino=109 scontext=u:r:untrusted_app:s0:c245,c257,c512,c768 tcontext=u:object_r:shell_test_data_file:s0 tclass=dir permissive=0
[  559.633517] audit: type=1400 audit(1789703412.028:1947): avc:  denied  { search } for  pid=1025 comm="libksud.so" name="tests" dev="dm-54" ino=109 scontext=u:r:untrusted_app:s0:c245,c257,c512,c768 tcontext=u:object_r:shell_test_data_file:s0 tclass=dir permissive=0
[  560.559838] EXT4-fs (dm-9): re-mounted. Opts: discard. Quota mode: none.
[  560.618435] [soft_i][0x288651559][03:50:14.394426] wlan: [0:E:REGULATORY] reg_is_fcc_regdmn: Failed to get reg domain
[  562.398154] i2c_geni 888000.i2c: i2c error :-107
[  562.406467] KernelSU: ksu fd installed: 4 for pid 1409
[  562.406475] KernelSU: [1409] install ksu fd: 4
[  562.406480] KernelSU: allow root for: 10501
[  562.407305] KernelSU: ksu fd released
[  562.422953] KernelSU: ksu fd installed: 4 for pid 1413
[  562.422960] KernelSU: [1413] install ksu fd: 4
[  562.422975] KernelSU: adb_root: set to 1
[  562.423271] KernelSU: ksu fd released
[  562.426150] KernelSU: sys_execve su found
[  562.506460] android_work: did not send uevent (0 0 0000000000000000)
[  562.506485] msm_eusb2_phy 88e3000.hsphy: Avail curr from USB = 0
[  562.507050] dwc3 a600000.dwc3: request 0000000011fe115e was not queued to ep0out
[  562.520154] audit: audit_lost=1208 audit_rate_limit=5 audit_backlog_limit=128
[  562.520164] audit: rate limit exceeded
[  562.524044] KernelSU: escape to root for adb
[  562.525136] KernelSU: ksu fd installed: 4 for pid 1418
[  562.525140] KernelSU: [1418] install ksu fd: 4
[  562.525144] KernelSU: allow root for: 10501
[  562.525811] KernelSU: ksu fd released
[  562.538873] KernelSU: ksu fd installed: 4 for pid 1426
[  562.538880] KernelSU: [1426] install ksu fd: 4
[  562.539619] KernelSU: ksu fd released
[  562.570473] read descriptors
[  562.570654] read strings
[  562.897533] audit: type=1400 audit(1789703412.896:2121): avc:  denied  { search } for  pid=1732 comm=41646170744C61756E636820566D name="759" dev="proc" ino=143130 scontext=u:r:vendor_hal_perf_default:s0 tcontext=u:r:kernel:s0 tclass=dir permissive=0
[  562.897602] audit: type=1400 audit(1789703412.896:2122): avc:  denied  { search } for  pid=1732 comm=41646170744C61756E636820566D name="759" dev="proc" ino=143130 scontext=u:r:vendor_hal_perf_default:s0 tcontext=u:r:kernel:s0 tclass=dir permissive=0
[  562.897620] audit: type=1400 audit(1789703412.896:2124): avc:  denied  { search } for  pid=1732 comm=41646170744C61756E636820566D name="760" dev="proc" ino=158346 scontext=u:r:vendor_hal_perf_default:s0 tcontext=u:r:kernel:s0 tclass=dir permissive=0
[  563.076713] msm-dwc3 a600000.ssusb: DWC3 exited from low power mode
[  563.077504] eusb2-repeater c42d000.qcom,spmi:qcom,pm8550b@7:qcom,eusb2-repeater@fd00: eUSB2 repeater status:OK
[  563.130987] dwc3 a600000.dwc3: Set IRQ thread:irq/360-dwc3 pid:1441 to SCHED_NORMAL prio
[  563.138082] android_work: did not send uevent (0 0 0000000000000000)
[  563.138107] msm_eusb2_phy 88e3000.hsphy: Avail curr from USB = 0
[  563.883812] KernelSU: newfstatat su->ksud!
[  563.883828] KernelSU: faccessat su->ksud!
[  563.885665] KernelSU: sys_execve su found
[  563.885690] KernelSU: Already root, don't escape!
[  563.887534] KernelSU: newfstatat su->ksud!
[  563.887552] KernelSU: faccessat su->ksud!
[  563.888169] KernelSU: sys_execve su found
[  563.888190] KernelSU: Already root, don't escape!
[  563.895409] KernelSU: ksu fd installed: 3 for pid 1495
[  563.895419] KernelSU: [1495] install ksu fd: 3
[  563.895491] KernelSU: handle_setresuid from 0 to 0
[  563.896355] KernelSU: ksu fd released
[  563.898517] KernelSU: ksu fd installed: 3 for pid 1494
[  563.898523] KernelSU: [1494] install ksu fd: 3
[  563.898581] KernelSU: handle_setresuid from 0 to 0
[  563.900050] KernelSU: ksu fd released
[  563.922384] KernelSU: newfstatat su->ksud!
[  563.922398] KernelSU: faccessat su->ksud!
[  563.922988] KernelSU: sys_execve su found
[  563.923012] KernelSU: Already root, don't escape!
[  563.936744] KernelSU: newfstatat su->ksud!
[  563.936761] KernelSU: faccessat su->ksud!
[  563.937418] KernelSU: sys_execve su found
[  563.937448] KernelSU: Already root, don't escape!
[  563.939316] KernelSU: ksu fd installed: 3 for pid 1503
[  563.939322] KernelSU: [1503] install ksu fd: 3
[  563.939388] KernelSU: handle_setresuid from 0 to 0
[  563.941109] KernelSU: ksu fd released
[  563.941431] KernelSU: ksu fd installed: 3 for pid 1507
[  563.941434] KernelSU: [1507] install ksu fd: 3
[  563.941461] KernelSU: handle_setresuid from 0 to 0
[  563.941995] KernelSU: ksu fd released
[  564.008766] KernelSU: newfstatat su->ksud!
[  564.008797] KernelSU: faccessat su->ksud!
[  564.010564] KernelSU: sys_execve su found
[  564.010592] KernelSU: Already root, don't escape!
[  564.020438] init: Untracked pid 759 received signal 15
[  564.020479] init: Untracked pid 759 did not have an associated service entry and will not be reaped
[  564.020797] KernelSU: ksu fd installed: 3 for pid 1518
[  564.020802] KernelSU: [1518] install ksu fd: 3
[  564.020855] KernelSU: handle_setresuid from 0 to 0
[  564.021711] KernelSU: ksu fd released
[  564.024552] KernelSU: newfstatat su->ksud!
[  564.024566] KernelSU: faccessat su->ksud!
[  564.025581] KernelSU: sys_execve su found
[  564.025593] KernelSU: Already root, don't escape!
[  564.029967] KernelSU: ksu fd installed: 3 for pid 1523
[  564.029972] KernelSU: [1523] install ksu fd: 3
[  564.030010] KernelSU: handle_setresuid from 0 to 0
[  564.030536] KernelSU: ksu fd released
[  564.186506] KernelSU: newfstatat su->ksud!
[  564.186597] KernelSU: faccessat su->ksud!
[  564.187469] KernelSU: sys_execve su found
[  564.187496] KernelSU: Already root, don't escape!
[  564.200285] KernelSU: ksu fd installed: 3 for pid 1544
[  564.200293] KernelSU: [1544] install ksu fd: 3
[  564.200407] KernelSU: handle_setresuid from 0 to 0
[  564.203292] KernelSU: ksu fd released
[  564.262214] KernelSU: newfstatat su->ksud!
[  564.262230] KernelSU: faccessat su->ksud!
[  564.262871] KernelSU: sys_execve su found
[  564.262904] KernelSU: Already root, don't escape!
[  564.279135] KernelSU: ksu fd installed: 3 for pid 1549
[  564.279144] KernelSU: [1549] install ksu fd: 3
[  564.279217] KernelSU: handle_setresuid from 0 to 0
[  564.280760] KernelSU: ksu fd released
[  564.300499] msm-dwc3 a600000.ssusb: DWC3 in low power mode
[  564.351282] KernelSU: newfstatat su->ksud!
[  564.351304] KernelSU: faccessat su->ksud!
[  564.351973] KernelSU: sys_execve su found
[  564.351995] KernelSU: Already root, don't escape!
[  564.363244] KernelSU: ksu fd installed: 3 for pid 1552
[  564.363253] KernelSU: [1552] install ksu fd: 3
[  564.363328] KernelSU: handle_setresuid from 0 to 0
[  564.364804] KernelSU: ksu fd released
[  564.414458] KernelSU: newfstatat su->ksud!
[  564.414480] KernelSU: faccessat su->ksud!
[  564.415196] KernelSU: sys_execve su found
[  564.415221] KernelSU: Already root, don't escape!
[  564.422556] KernelSU: ksu fd installed: 3 for pid 1555
[  564.422562] KernelSU: [1555] install ksu fd: 3
[  564.422616] KernelSU: handle_setresuid from 0 to 0
[  564.423476] KernelSU: ksu fd released
[  564.449610] KernelSU: newfstatat su->ksud!
[  564.449622] KernelSU: faccessat su->ksud!
[  564.450249] KernelSU: sys_execve su found
[  564.450283] KernelSU: Already root, don't escape!
[  564.463700] KernelSU: ksu fd installed: 3 for pid 1558
[  564.463707] KernelSU: [1558] install ksu fd: 3
[  564.463770] KernelSU: handle_setresuid from 0 to 0
[  564.465137] KernelSU: ksu fd released
[  564.511532] KernelSU: newfstatat su->ksud!
[  564.511557] KernelSU: faccessat su->ksud!
[  564.512219] KernelSU: sys_execve su found
[  564.512247] KernelSU: Already root, don't escape!
[  564.519874] KernelSU: ksu fd installed: 3 for pid 1563
[  564.519881] KernelSU: [1563] install ksu fd: 3
[  564.519935] KernelSU: handle_setresuid from 0 to 0
[  564.520833] KernelSU: ksu fd released
[  564.547557] KernelSU: newfstatat su->ksud!
[  564.547571] KernelSU: faccessat su->ksud!
[  564.548580] KernelSU: sys_execve su found
[  564.548604] KernelSU: Already root, don't escape!
[  564.555757] KernelSU: ksu fd installed: 3 for pid 1566
[  564.555763] KernelSU: [1566] install ksu fd: 3
[  564.555815] KernelSU: handle_setresuid from 0 to 0
[  564.556728] KernelSU: ksu fd released
[  565.313673] kauditd_printk_skb: 2 callbacks suppressed
[  565.313712] audit: type=1400 audit(1789703416.172:2197): avc:  denied  { search } for  pid=1409 comm="libksud.so" name="tests" dev="dm-54" ino=109 scontext=u:r:untrusted_app:s0:c245,c257,c512,c768 tcontext=u:object_r:shell_test_data_file:s0 tclass=dir permissive=0
[  565.313745] audit: type=1400 audit(1789703416.172:2198): avc:  denied  { search } for  pid=1409 comm="libksud.so" name="tests" dev="dm-54" ino=109 scontext=u:r:untrusted_app:s0:c245,c257,c512,c768 tcontext=u:object_r:shell_test_data_file:s0 tclass=dir permissive=0
[  565.313760] audit: type=1400 audit(1789703416.172:2199): avc:  denied  { search } for  pid=1409 comm="libksud.so" name="tests" dev="dm-54" ino=109 scontext=u:r:untrusted_app:s0:c245,c257,c512,c768 tcontext=u:object_r:shell_test_data_file:s0 tclass=dir permissive=0
[  565.314025] audit: type=1400 audit(1789703416.172:2200): avc:  denied  { search } for  pid=1409 comm="libksud.so" name="tests" dev="dm-54" ino=109 scontext=u:r:untrusted_app:s0:c245,c257,c512,c768 tcontext=u:object_r:shell_test_data_file:s0 tclass=dir permissive=0
[  565.314042] audit: type=1400 audit(1789703416.292:2201): avc:  denied  { search } for  pid=1418 comm="libksud.so" name="tests" dev="dm-54" ino=109 scontext=u:r:untrusted_app:s0:c245,c257,c512,c768 tcontext=u:object_r:shell_test_data_file:s0 tclass=dir permissive=0
[  567.523873] SELinux: avc:  denied  { find } for pid=2168 uid=1000 name=vendor.qti.hardware.servicetrackeraidl.IServicetracker/default scontext=u:r:system_server:s0 tcontext=u:object_r:default_android_service:s0 tclass=service_manager permissive=0
[  567.534150] SELinux: avc:  denied  { find } for pid=2168 uid=1000 name=vendor.qti.hardware.servicetrackeraidl.IServicetracker/default scontext=u:r:system_server:s0 tcontext=u:object_r:default_android_service:s0 tclass=service_manager permissive=0
[  567.539448] SELinux: avc:  denied  { find } for pid=2168 uid=1000 name=vendor.qti.hardware.servicetrackeraidl.IServicetracker/default scontext=u:r:system_server:s0 tcontext=u:object_r:default_android_service:s0 tclass=service_manager permissive=0
[  567.544586] SELinux: avc:  denied  { find } for pid=2168 uid=1000 name=vendor.qti.hardware.servicetrackeraidl.IServicetracker/default scontext=u:r:system_server:s0 tcontext=u:object_r:default_android_service:s0 tclass=service_manager permissive=0
[  567.561663] SELinux: avc:  denied  { find } for pid=2168 uid=1000 name=vendor.qti.hardware.servicetrackeraidl.IServicetracker/default scontext=u:r:system_server:s0 tcontext=u:object_r:default_android_service:s0 tclass=service_manager permissive=0
[  567.562318] SELinux: avc:  denied  { find } for pid=2168 uid=1000 name=vendor.qti.hardware.servicetrackeraidl.IServicetracker/default scontext=u:r:system_server:s0 tcontext=u:object_r:default_android_service:s0 tclass=service_manager permissive=0
[  567.784411] cnss: Runtime suspend start
[  567.788751] [kworke][0x29099c2ea][03:50:21.564740] wlan: [1969:I:PMO] pmo_core_enable_wow_in_fw: drv wow is enabled
[  567.828113] cnss: Setting MHI state: SUSPEND(6)
[  567.828162] cnss: Suspending PCI link
[  567.828173] cnss: Use PCIe DRV suspend
[  567.840168] cnss: Runtime suspend status: 0
[  568.042914] [irq][0x290e438df][03:50:21.818900] wlan: [0:I:HIF] hif_wake_interrupt_handler: wake interrupt received on irq 326
[  568.043989] cnss: Runtime resume start
[  568.044068] cnss: Resuming PCI link
[  568.047235] cnss: Set PCI link status to: 2
[  568.047265] cnss: Setting MHI state: RESUME(7)
[  568.048049] [kworke][0x290e5ba80][03:50:21.824041] wlan: [1969:I:PMO] pmo_core_psoc_send_host_wakeup_ind_to_fw: Host wakeup indication sent to fw
[  568.057260] [soft_i][0x290e86d2f][03:50:21.833251] wlan: [0:I:WMA] WLAN triggered wakeup: BPF_ALLOW (39), vdev: 0 (STA)
[  568.057492] [soft_i][0x290e87ebe][03:50:21.833484] wlan: [0:I:WMA] wma_wake_event_packet: Wake event packet:
[  568.057502] [soft_i][0x290e87f90][03:50:21.833495] wlan: [0:I:WMA] 00000000: 96 ee 47 b4 b6 a4 00 e0 4c 68 03 8b 08 00 45 00
[  568.057508] [soft_i][0x290e8800e][03:50:21.833502] wlan: [0:I:WMA] 00000010: 00 28 5e fb 00 00 40 06 20 bb 0a 00 4e 69 0a 00
[  568.057515] [soft_i][0x290e88084][03:50:21.833508] wlan: [0:I:WMA] 00000020: 98 b1 dc fe 91 df 84 f7 dd c7 d6 18 7d 0d 50 10
[  568.057521] [soft_i][0x290e880fd][03:50:21.833514] wlan: [0:I:WMA] 00000030: 17 ff 77 f7 00 00 00 00 00 00 00 00
[  568.057561] [soft_i][0x290e88404][03:50:21.833555] wlan: [0:I:WMA] wma_log_pkt_ipv4: Pkt_len: 40, src_port: 56574, dst_port: 37343
[  568.058029] cnss: Runtime resume status: 0
[  568.503362] audit: type=1400 audit(1789703418.584:2205): avc:  denied  { read } for  pid=4273 comm="ndroid.systemui" name="u:object_r:vendor_display_prop:s0" dev="tmpfs" ino=488 scontext=u:r:platform_app:s0:c512,c768 tcontext=u:object_r:vendor_display_prop:s0 tclass=file permissive=0
[  568.569990] (virq:irq_count)- GICv3:IPI(1):519152 GICv3:arch_timer(11):408453 GICv3:IPI(6):159779 GICv3:ufshcd(35):110784 GICv3:IPI(2):85398 GICv3:apps_rsc-drv-2(20):46986 GICv3:ipcc_0(37):17938 ipcc:glink-native-adsp(385):16638 ITS-MSI:pci0_wlan_ce_7(323):11716 GICv3:msm_drm(243):9590 
[  568.570087] (cpu:irq_count)- 0:399267 1:217809 2:220132 3:128146 4:123805 5:105537 6:111927 7:129913 
[  568.570126] (ipi:irq_count)- 0:519152 1:85398 2:0 3:0 4:0 5:159779 6:0 
[  568.837349] SELinux: avc:  denied  { find } for pid=2168 uid=1000 name=vendor.qti.hardware.servicetrackeraidl.IServicetracker/default scontext=u:r:system_server:s0 tcontext=u:object_r:default_android_service:s0 tclass=service_manager permissive=0
[  568.838365] SELinux: avc:  denied  { find } for pid=2168 uid=1000 name=vendor.qti.hardware.servicetrackeraidl.IServicetracker/default scontext=u:r:system_server:s0 tcontext=u:object_r:default_android_service:s0 tclass=service_manager permissive=0
[  569.463364] [soft_i][0x292845d61][03:50:23.239333] wlan: [0:E:REGULATORY] reg_freq_to_chan_for_chlist: invalid frequency 5945
[  569.463689] [soft_i][0x292847776][03:50:23.239681] wlan: [0:E:REGULATORY] reg_is_fcc_regdmn: Failed to get reg domain
[  571.095210] cnss: Runtime suspend start
[  571.096583] [kworke][0x29462da46][03:50:24.872572] wlan: [1969:I:PMO] pmo_core_enable_wow_in_fw: drv wow is enabled
[  571.136857] cnss: Setting MHI state: SUSPEND(6)
[  571.136914] cnss: Suspending PCI link
[  571.136930] cnss: Use PCIe DRV suspend
[  571.143819] cnss: Runtime suspend status: 0
[  571.204497] [irq][0x294827654][03:50:24.980468] wlan: [0:I:HIF] hif_wake_interrupt_handler: wake interrupt received on irq 326
[  571.204841] cnss: Runtime resume start
[  571.204947] cnss: Resuming PCI link
[  571.210662] cnss: Set PCI link status to: 2
[  571.210715] cnss: Setting MHI state: RESUME(7)
[  571.212883] [kworke][0x29484ecbe][03:50:24.988871] wlan: [1969:I:PMO] pmo_core_psoc_send_host_wakeup_ind_to_fw: Host wakeup indication sent to fw
[  571.228403] [soft_i][0x2948978b5][03:50:25.004391] wlan: [0:I:WMA] WLAN triggered wakeup: BPF_ALLOW (39), vdev: 0 (STA)
[  571.228600] [soft_i][0x2948987b2][03:50:25.004591] wlan: [0:I:WMA] wma_wake_event_packet: Wake event packet:
[  571.228623] [soft_i][0x294898961][03:50:25.004613] wlan: [0:I:WMA] 00000000: 01 00 5e 00 00 fb a0 36 9f 1e 5a 84 08 00 45 00
[  571.228640] [soft_i][0x294898ab9][03:50:25.004631] wlan: [0:I:WMA] 00000010: 02 7f 3a 32 40 00 ff 11 54 3f 0a 00 00 01 e0 00
[  571.228677] [soft_i][0x294898bf4][03:50:25.004647] wlan: [0:I:WMA] 00000020: 00 fb 14 e9 14 e9 02 6b 8a 94 00 00 84 00 00 00
[  571.228695] [soft_i][0x294898eca][03:50:25.004685] wlan: [0:I:WMA] 00000030: 00 0b 00 00 00 06 0d 22 4f 70 65 6e 57 72 74 20
[  571.228713] [soft_i][0x29489901b][03:50:25.004703] wlan: [0:I:WMA] 00000040: 53 53 48 22 04 5f 73 73 68 04 5f 74 63 70 05 6c
[  571.228729] [soft_i][0x294899164][03:50:25.004720] wlan: [0:I:WMA] 00000050: 6f 63 61 6c 00 00 10 80 01 00 00 11 94 00 13 12
[  571.228745] [soft_i][0x294899298][03:50:25.004736] wlan: [0:I:WMA] 00000060: 4f 70 65 6e 57 72 74 20 53 53 48 20 73 65 72 76
[  571.228762] [soft_i][0x2948993cd][03:50:25.004752] wlan: [0:I:WMA] 00000070: 65 72 09 5f 73 65 72 76 69 63 65 73 07 5f 64 6e
[  571.228778] [soft_i][0x29489950d][03:50:25.004769] wlan: [0:I:WMA] 00000080: 73 2d 73 64 04 5f 75 64 70 c0 24 00 0c 00 01 00
[  571.228794] [soft_i][0x294899644][03:50:25.004785] wlan: [0:I:WMA] 00000090: 00 11 94 00
[  571.228891] [soft_i][0x294899d87][03:50:25.004882] wlan: [0:I:WMA] wma_log_pkt_ipv4: Pkt_len: 639, src_port: 5353, dst_port: 5353
[  571.230435] cnss: Runtime resume status: 0
[  572.062329] cnss: Runtime suspend start
[  572.063854] [kworke][0x2957e353f][03:50:25.839758] wlan: [1969:I:PMO] pmo_core_enable_wow_in_fw: drv wow is enabled
[  572.100436] [kworke][0x29588f387][03:50:25.876428] wlan: [1969:I:HIF] hif_try_complete_tasks: waiting for tasklets 0 grp tasklets 0 work 2
[  572.117411] cnss: Setting MHI state: SUSPEND(6)
[  572.117445] cnss: Suspending PCI link
[  572.117452] cnss: Use PCIe DRV suspend
[  572.121438] cnss: Runtime suspend status: 0
[  572.121460] cnss: Runtime resume start
[  572.121487] cnss: Resuming PCI link
[  572.122901] cnss: Set PCI link status to: 2
[  572.122918] cnss: Setting MHI state: RESUME(7)
[  572.123529] [kworke][0x2958fb791][03:50:25.899522] wlan: [1969:I:PMO] pmo_core_psoc_send_host_wakeup_ind_to_fw: Host wakeup indication sent to fw
[  572.142110] cnss: Runtime resume status: 0
[  577.671836] cnss: Runtime suspend start
[  577.672515] [kworke][0x29be96537][03:50:31.448504] wlan: [1969:I:PMO] pmo_core_enable_wow_in_fw: drv wow is enabled
[  577.711220] [kworke][0x29bf4bbf0][03:50:31.487208] wlan: [1969:I:HIF] hif_try_complete_tasks: waiting for tasklets 0 grp tasklets 0 work 2
[  577.725620] cnss: Setting MHI state: SUSPEND(6)
[  577.725683] cnss: Suspending PCI link
[  577.725702] cnss: Use PCIe DRV suspend
[  577.735471] cnss: Runtime suspend status: 0
[  577.761232] [irq][0x29c036277][03:50:31.537215] wlan: [0:I:HIF] hif_wake_interrupt_handler: wake interrupt received on irq 326
[  577.761529] cnss: Runtime resume start
[  577.761607] cnss: Resuming PCI link
[  577.766624] cnss: Set PCI link status to: 2
[  577.766673] cnss: Setting MHI state: RESUME(7)
[  577.768400] [kworke][0x29c057c82][03:50:31.544388] wlan: [1969:I:PMO] pmo_core_psoc_send_host_wakeup_ind_to_fw: Host wakeup indication sent to fw
[  577.786077] [soft_i][0x29c0aa923][03:50:31.562052] wlan: [0:I:WMA] WLAN triggered wakeup: BPF_ALLOW (39), vdev: 0 (STA)
[  577.786531] [soft_i][0x29c0acc7f][03:50:31.562521] wlan: [0:I:WMA] wma_wake_event_packet: Wake event packet:
[  577.786558] [soft_i][0x29c0ace7c][03:50:31.562548] wlan: [0:I:WMA] 00000000: 33 33 00 00 00 fb a0 36 9f 1e 5a 84 86 dd 60 0b
[  577.786576] [soft_i][0x29c0acfe8][03:50:31.562567] wlan: [0:I:WMA] 00000010: 00 cb 01 45 11 ff fe 80 00 00 00 00 00 00 a2 36
[  577.786594] [soft_i][0x29c0ad12a][03:50:31.562584] wlan: [0:I:WMA] 00000020: 9f ff fe 1e 5a 84 ff 02 00 00 00 00 00 00 00 00
[  577.786610] [soft_i][0x29c0ad26c][03:50:31.562600] wlan: [0:I:WMA] 00000030: 00 00 00 00 00 fb 14 e9 14 e9 01 45 e6 cd 00 00
[  577.786671] [soft_i][0x29c0ad3aa][03:50:31.562617] wlan: [0:I:WMA] 00000040: 84 00 00 00 00 08 00 00 00 03 0d 22 4f 70 65 6e
[  577.786693] [soft_i][0x29c0ad88b][03:50:31.562682] wlan: [0:I:WMA] 00000050: 57 72 74 20 53 53 48 22 04 5f 73 73 68 04 5f 74
[  577.786709] [soft_i][0x29c0ad9da][03:50:31.562699] wlan: [0:I:WMA] 00000060: 63 70 05 6c 6f 63 61 6c 00 00 10 80 01 00 00 11
[  577.786726] [soft_i][0x29c0adb22][03:50:31.562717] wlan: [0:I:WMA] 00000070: 94 00 13 12 4f 70 65 6e 57 72 74 20 53 53 48 20
[  577.786742] [soft_i][0x29c0adc5d][03:50:31.562733] wlan: [0:I:WMA] 00000080: 73 65 72 76 65 72 09 5f 73 65 72 76 69 63 65 73
[  577.786759] [soft_i][0x29c0add92][03:50:31.562749] wlan: [0:I:WMA] 00000090: 07 5f 64 6e
[  577.786871] [soft_i][0x29c0ae601][03:50:31.562861] wlan: [0:I:WMA] wma_log_pkt_ipv6: Pkt_len: 325, src_port: 5353, dst_port: 5353
[  577.789123] cnss: Runtime resume status: 0
[  578.043111] (virq:irq_count)- GICv3:IPI(1):528613 GICv3:arch_timer(11):412791 GICv3:IPI(6):161522 GICv3:ufshcd(35):111077 GICv3:IPI(2):85995 GICv3:apps_rsc-drv-2(20):47634 GICv3:ipcc_0(37):17978 ipcc:glink-native-adsp(385):16681 ITS-MSI:pci0_wlan_ce_7(323):11868 GICv3:msm_drm(243):10181 
[  578.043262] (cpu:irq_count)- 0:405053 1:222838 2:225247 3:130310 4:124134 5:105540 6:112255 7:129916 
[  578.043310] (ipi:irq_count)- 0:528613 1:85995 2:0 3:0 4:0 5:161522 6:0 
[  579.876636] cnss: Runtime suspend start
[  579.877438] [kworke][0x29e6f5e69][03:50:33.653427] wlan: [1969:I:PMO] pmo_core_enable_wow_in_fw: drv wow is enabled
[  579.919000] [kworke][0x29e7b8b9e][03:50:33.694990] wlan: [1969:I:HIF] hif_try_complete_tasks: waiting for tasklets 0 grp tasklets 0 work 2
[  579.933467] cnss: Setting MHI state: SUSPEND(6)
[  579.933532] cnss: Suspending PCI link
[  579.933549] cnss: Use PCIe DRV suspend
[  579.944551] cnss: Runtime suspend status: 0
[  580.018463] [irq][0x29e98adb8][03:50:33.794433] wlan: [0:I:HIF] hif_wake_interrupt_handler: wake interrupt received on irq 326
[  580.019472] cnss: Runtime resume start
[  580.019577] cnss: Resuming PCI link
[  580.024841] cnss: Set PCI link status to: 2
[  580.024896] cnss: Setting MHI state: RESUME(7)
[  580.027290] [kworke][0x29e9b4545][03:50:33.803279] wlan: [1969:I:PMO] pmo_core_psoc_send_host_wakeup_ind_to_fw: Host wakeup indication sent to fw
[  580.037534] [soft_i][0x29e9e4560][03:50:33.813520] wlan: [0:I:WMA] WLAN triggered wakeup: BPF_ALLOW (39), vdev: 0 (STA)
[  580.037896] [soft_i][0x29e9e60d5][03:50:33.813886] wlan: [0:I:WMA] wma_wake_event_packet: Wake event packet:
[  580.037924] [soft_i][0x29e9e62f5][03:50:33.813914] wlan: [0:I:WMA] 00000000: 96 ee 47 b4 b6 a4 00 e0 4c 68 03 8b 08 00 45 00
[  580.037942] [soft_i][0x29e9e643d][03:50:33.813931] wlan: [0:I:WMA] 00000010: 00 28 d2 e3 00 00 40 06 ac d2 0a 00 4e 69 0a 00
[  580.037960] [soft_i][0x29e9e65a8][03:50:33.813950] wlan: [0:I:WMA] 00000020: 98 b1 dc fe 91 df 84 f7 dd f5 d6 18 7d 3b 50 10
[  580.037978] [soft_i][0x29e9e6701][03:50:33.813968] wlan: [0:I:WMA] 00000030: 17 ff 77 9b 00 00 00 00 00 00 00 00
[  580.038083] [soft_i][0x29e9e6ef3][03:50:33.814074] wlan: [0:I:WMA] wma_log_pkt_ipv4: Pkt_len: 40, src_port: 56574, dst_port: 37343
[  580.039830] cnss: Runtime resume status: 0
[  583.290242] cnss: Runtime suspend start
[  583.290953] [kworke][0x2a2576c11][03:50:37.066942] wlan: [1969:I:PMO] pmo_core_enable_wow_in_fw: drv wow is enabled
[  583.333220] cnss: Setting MHI state: SUSPEND(6)
[  583.333284] cnss: Suspending PCI link
[  583.333301] cnss: Use PCIe DRV suspend
[  583.342672] cnss: Runtime suspend status: 0
[  583.397162] [irq][0x2a276886c][03:50:37.173136] wlan: [0:I:HIF] hif_wake_interrupt_handler: wake interrupt received on irq 326
[  583.397386] cnss: Runtime resume start
[  583.397484] cnss: Resuming PCI link
[  583.403182] cnss: Set PCI link status to: 2
[  583.403235] cnss: Setting MHI state: RESUME(7)
[  583.407863] [kworke][0x2a279ac38][03:50:37.183851] wlan: [1969:I:PMO] pmo_core_psoc_send_host_wakeup_ind_to_fw: Host wakeup indication sent to fw
[  583.418400] [soft_i][0x2a27cc24a][03:50:37.194386] wlan: [0:I:WMA] WLAN triggered wakeup: BPF_ALLOW (39), vdev: 0 (STA)
[  583.418838] [soft_i][0x2a27ce38e][03:50:37.194829] wlan: [0:I:WMA] wma_wake_event_packet: Wake event packet:
[  583.418865] [soft_i][0x2a27ce594][03:50:37.194856] wlan: [0:I:WMA] 00000000: 96 ee 47 b4 b6 a4 00 e0 4c 68 03 8b 08 00 45 00
[  583.418880] [soft_i][0x2a27ce6ce][03:50:37.194872] wlan: [0:I:WMA] 00000010: 00 28 ae 2e 00 00 40 06 d1 87 0a 00 4e 69 0a 00
[  583.418895] [soft_i][0x2a27ce7ee][03:50:37.194887] wlan: [0:I:WMA] 00000020: 98 b1 dc fe 91 df 84 f7 dd f5 d6 18 7d 3b 50 10
[  583.418909] [soft_i][0x2a27ce8f6][03:50:37.194901] wlan: [0:I:WMA] 00000030: 17 ff 77 9b 00 00 00 00 00 00 00 00
[  583.419037] [soft_i][0x2a27cf283][03:50:37.195028] wlan: [0:I:WMA] wma_log_pkt_ipv4: Pkt_len: 40, src_port: 56574, dst_port: 37343
[  583.420537] cnss: Runtime resume status: 0
[  587.468460] cnss: Runtime suspend start
[  587.470260] [kworke][0x2a71fd417][03:50:41.246249] wlan: [1969:I:PMO] pmo_core_enable_wow_in_fw: drv wow is enabled
[  587.514612] (virq:irq_count)- GICv3:IPI(1):530010 GICv3:arch_timer(11):414972 GICv3:IPI(6):162388 GICv3:ufshcd(35):111190 GICv3:IPI(2):86158 GICv3:apps_rsc-drv-2(20):48148 GICv3:ipcc_0(37):18009 ipcc:glink-native-adsp(385):16716 ITS-MSI:pci0_wlan_ce_7(323):11973 GICv3:msm_drm(243):10183 
[  587.514752] (cpu:irq_count)- 0:407950 1:224341 2:226554 3:130347 4:124161 5:105542 6:112271 7:129922 
[  587.514800] (ipi:irq_count)- 0:530010 1:86159 2:0 3:0 4:0 5:162388 6:0 
[  587.517400] cnss: Setting MHI state: SUSPEND(6)
[  587.517459] cnss: Suspending PCI link
[  587.517476] cnss: Use PCIe DRV suspend
[  587.527003] cnss: Runtime suspend status: 0
[  587.929029] cnss: Resuming PCI link
[  587.934567] cnss: Set PCI link status to: 2
[  587.934617] cnss: Setting MHI state: RESUME(7)
[  587.956357] cnss: Setting MHI state: SUSPEND(6)
[  587.962238] cnss: Suspending PCI link
[  587.962258] cnss: Use PCIe DRV suspend
[  588.007486] [irq][0x2a7bd36db][03:50:41.783461] wlan: [0:I:HIF] hif_wake_interrupt_handler: wake interrupt received on irq 326
[  588.007803] cnss: Runtime resume start
[  588.007957] cnss: Resuming PCI link
[  588.012764] cnss: Set PCI link status to: 2
[  588.012805] cnss: Setting MHI state: RESUME(7)
[  588.014757] [kworke][0x2a7bf596d][03:50:41.790747] wlan: [1969:I:PMO] pmo_core_psoc_send_host_wakeup_ind_to_fw: Host wakeup indication sent to fw
[  588.026179] [soft_i][0x2a7c2b1ef][03:50:41.802168] wlan: [0:I:WMA] WLAN triggered wakeup: BPF_ALLOW (39), vdev: 0 (STA)
[  588.026446] [soft_i][0x2a7c2c632][03:50:41.802437] wlan: [0:I:WMA] wma_wake_event_packet: Wake event packet:
[  588.026505] [soft_i][0x2a7c2c7d4][03:50:41.802459] wlan: [0:I:WMA] 00000000: 96 ee 47 b4 b6 a4 00 e0 4c 68 03 8b 08 00 45 00
[  588.026526] [soft_i][0x2a7c2cc17][03:50:41.802516] wlan: [0:I:WMA] 00000010: 00 28 2e c6 00 00 40 06 50 f0 0a 00 4e 69 0a 00
[  588.026542] [soft_i][0x2a7c2cd5a][03:50:41.802533] wlan: [0:I:WMA] 00000020: 98 b1 dc fe 91 df 84 f7 dd f5 d6 18 7d 3b 50 10
[  588.026557] [soft_i][0x2a7c2ce82][03:50:41.802548] wlan: [0:I:WMA] 00000030: 17 ff 77 9b 00 00 00 00 00 00 00 00
[  588.026654] [soft_i][0x2a7c2d5b8][03:50:41.802644] wlan: [0:I:WMA] wma_log_pkt_ipv4: Pkt_len: 40, src_port: 56574, dst_port: 37343
[  588.027426] cnss: Runtime resume status: 0
[  588.228405] KernelSU: newfstatat su->ksud!
[  588.228440] KernelSU: faccessat su->ksud!
[  588.229265] KernelSU: sys_execve su found
[  588.229380] KernelSU: Already root, don't escape!
[  590.043695] cnss: Runtime suspend start
[  590.044396] [kworke][0x2aa11f82c][03:50:43.820384] wlan: [13926:I:PMO] pmo_core_enable_wow_in_fw: drv wow is enabled
[  590.082038] [kworke][0x2aa1cff65][03:50:43.858027] wlan: [13926:I:HIF] hif_try_complete_tasks: waiting for tasklets 0 grp tasklets 0 work 2
[  590.097632] cnss: Setting MHI state: SUSPEND(6)
[  590.097696] cnss: Suspending PCI link
[  590.097713] cnss: Use PCIe DRV suspend
[  590.106975] cnss: Runtime suspend status: 0
[  590.148658] [irq][0x2aa308264][03:50:43.924628] wlan: [0:I:HIF] hif_wake_interrupt_handler: wake interrupt received on irq 326
[  590.148879] cnss: Runtime resume start
[  590.148977] cnss: Resuming PCI link
[  590.154492] cnss: Set PCI link status to: 2
[  590.154548] cnss: Setting MHI state: RESUME(7)
[  590.155769] [kworke][0x2aa32994b][03:50:43.931759] wlan: [13926:I:PMO] pmo_core_psoc_send_host_wakeup_ind_to_fw: Host wakeup indication sent to fw
[  590.173647] [soft_i][0x2aa37d5d2][03:50:43.949633] wlan: [0:I:WMA] WLAN triggered wakeup: BPF_ALLOW (39), vdev: 0 (STA)
[  590.174196] [soft_i][0x2aa37ff49][03:50:43.950185] wlan: [0:I:WMA] wma_wake_event_packet: Wake event packet:
[  590.174226] [soft_i][0x2aa38019b][03:50:43.950216] wlan: [0:I:WMA] 00000000: 01 00 5e 00 00 fb a0 36 9f 1e 5a 84 08 00 45 00
[  590.174245] [soft_i][0x2aa38030c][03:50:43.950235] wlan: [0:I:WMA] 00000010: 00 87 3e ae 40 00 ff 11 51 bb 0a 00 00 01 e0 00
[  590.174263] [soft_i][0x2aa38045e][03:50:43.950253] wlan: [0:I:WMA] 00000020: 00 fb 14 e9 14 e9 00 73 4c a1 00 00 84 00 00 00
[  590.174281] [soft_i][0x2aa3805c4][03:50:43.950272] wlan: [0:I:WMA] 00000030: 00 03 00 00 00 00 01 31 01 30 01 30 02 31 30 07
[  590.174299] [soft_i][0x2aa380719][03:50:43.950289] wlan: [0:I:WMA] 00000040: 69 6e 2d 61 64 64 72 04 61 72 70 61 00 00 0c 80
[  590.174316] [soft_i][0x2aa380858][03:50:43.950306] wlan: [0:I:WMA] 00000050: 01 00 00 00 78 00 15 0d 4f 70 65 6e 57 72 74 2d
[  590.174333] [soft_i][0x2aa3809a0][03:50:43.950323] wlan: [0:I:WMA] 00000060: 32 36 37 32 32 05 6c 6f 63 61 6c 00 c0 2d 00 0d
[  590.174351] [soft_i][0x2aa380af6][03:50:43.950341] wlan: [0:I:WMA] 00000070: 80 01 00 00 00 78 00 0d 06 58 38 36 5f 36 34 05
[  590.174368] [soft_i][0x2aa380c36][03:50:43.950358] wlan: [0:I:WMA] 00000080: 4c 49 4e 55 58 c0 2d 00 01 80 01 00 00 00 78 00
[  590.174385] [soft_i][0x2aa380d82][03:50:43.950375] wlan: [0:I:WMA] 00000090: 04 0a 00 00
[  590.174490] [soft_i][0x2aa381574][03:50:43.950481] wlan: [0:I:WMA] wma_log_pkt_ipv4: Pkt_len: 135, src_port: 5353, dst_port: 5353
[  590.176168] cnss: Runtime resume status: 0
[  592.256101] cnss: Runtime suspend start
[  592.256925] [kworke][0x2ac9a2be8][03:50:46.032913] wlan: [14039:I:PMO] pmo_core_enable_wow_in_fw: drv wow is enabled
[  592.300559] [kworke][0x2aca6f422][03:50:46.076543] wlan: [14039:I:HIF] hif_try_complete_tasks: waiting for tasklets 0 grp tasklets 0 work 2
[  592.313768] cnss: Setting MHI state: SUSPEND(6)
[  592.313907] cnss: Suspending PCI link
[  592.313925] cnss: Use PCIe DRV suspend
[  592.322026] cnss: Runtime suspend status: 0
[  592.401278] [irq][0x2acc475b4][03:50:46.177259] wlan: [0:I:HIF] hif_wake_interrupt_handler: wake interrupt received on irq 326
[  592.401564] cnss: Runtime resume start
[  592.401632] cnss: Resuming PCI link
[  592.404271] cnss: Set PCI link status to: 2
[  592.404298] cnss: Setting MHI state: RESUME(7)
[  592.405171] [kworke][0x2acc59ab4][03:50:46.181164] wlan: [13926:I:PMO] pmo_core_psoc_send_host_wakeup_ind_to_fw: Host wakeup indication sent to fw
[  592.416219] [soft_i][0x2acc8d6d3][03:50:46.192206] wlan: [0:I:WMA] WLAN triggered wakeup: BPF_ALLOW (39), vdev: 0 (STA)
[  592.416524] [soft_i][0x2acc8ee03][03:50:46.192515] wlan: [0:I:WMA] wma_wake_event_packet: Wake event packet:
[  592.416543] [soft_i][0x2acc8ef80][03:50:46.192535] wlan: [0:I:WMA] 00000000: 01 00 5e 00 00 fb a0 36 9f 1e 5a 84 08 00 45 00
[  592.416554] [soft_i][0x2acc8f060][03:50:46.192546] wlan: [0:I:WMA] 00000010: 00 87 3f 03 40 00 ff 11 51 66 0a 00 00 01 e0 00
[  592.416565] [soft_i][0x2acc8f121][03:50:46.192556] wlan: [0:I:WMA] 00000020: 00 fb 14 e9 14 e9 00 73 4c a1 00 00 84 00 00 00
[  592.416576] [soft_i][0x2acc8f206][03:50:46.192568] wlan: [0:I:WMA] 00000030: 00 03 00 00 00 00 01 31 01 30 01 30 02 31 30 07
[  592.416586] [soft_i][0x2acc8f2c1][03:50:46.192578] wlan: [0:I:WMA] 00000040: 69 6e 2d 61 64 64 72 04 61 72 70 61 00 00 0c 80
[  592.416610] [soft_i][0x2acc8f379][03:50:46.192588] wlan: [0:I:WMA] 00000050: 01 00 00 00 78 00 15 0d 4f 70 65 6e 57 72 74 2d
[  592.416623] [soft_i][0x2acc8f575][03:50:46.192614] wlan: [0:I:WMA] 00000060: 32 36 37 32 32 05 6c 6f 63 61 6c 00 c0 2d 00 0d
[  592.416634] [soft_i][0x2acc8f653][03:50:46.192626] wlan: [0:I:WMA] 00000070: 80 01 00 00 00 78 00 0d 06 58 38 36 5f 36 34 05
[  592.416645] [soft_i][0x2acc8f739][03:50:46.192638] wlan: [0:I:WMA] 00000080: 4c 49 4e 55 58 c0 2d 00 01 80 01 00 00 00 78 00
[  592.416655] [soft_i][0x2acc8f7ff][03:50:46.192648] wlan: [0:I:WMA] 00000090: 04 0a 00 00
[  592.416727] [soft_i][0x2acc8fd52][03:50:46.192719] wlan: [0:I:WMA] wma_log_pkt_ipv4: Pkt_len: 135, src_port: 5353, dst_port: 5353
[  592.418107] cnss: Runtime resume status: 0
[  593.340280] cnss: Runtime suspend start
[  593.341663] [kworke][0x2add7f746][03:50:47.117652] wlan: [13926:I:PMO] pmo_core_enable_wow_in_fw: drv wow is enabled
[  593.383099] cnss: Setting MHI state: SUSPEND(6)
[  593.383187] cnss: Suspending PCI link
[  593.383204] cnss: Use PCIe DRV suspend
[  593.392647] cnss: Runtime suspend status: 0
[  593.846232] [irq][0x2ae6bc84e][03:50:47.622202] wlan: [0:I:HIF] hif_wake_interrupt_handler: wake interrupt received on irq 326
[  593.846952] cnss: Runtime resume start
[  593.847062] cnss: Resuming PCI link
[  593.854332] cnss: Set PCI link status to: 2
[  593.854383] cnss: Setting MHI state: RESUME(7)
[  593.855850] [kworke][0x2ae6e9b4d][03:50:47.631839] wlan: [13926:I:PMO] pmo_core_psoc_send_host_wakeup_ind_to_fw: Host wakeup indication sent to fw
[  593.866512] [soft_i][0x2ae71b534][03:50:47.642425] wlan: [0:I:WMA] WLAN triggered wakeup: BPF_ALLOW (39), vdev: 0 (STA)
[  593.866932] [soft_i][0x2ae71da79][03:50:47.642921] wlan: [0:I:WMA] wma_wake_event_packet: Wake event packet:
[  593.866960] [soft_i][0x2ae71dc9f][03:50:47.642950] wlan: [0:I:WMA] 00000000: 96 ee 47 b4 b6 a4 00 e0 4c 68 03 8b 08 00 45 00
[  593.866979] [soft_i][0x2ae71de16][03:50:47.642969] wlan: [0:I:WMA] 00000010: 00 28 fd 28 00 00 40 06 82 8d 0a 00 4e 69 0a 00
[  593.866997] [soft_i][0x2ae71df69][03:50:47.642987] wlan: [0:I:WMA] 00000020: 98 b1 dc fe 91 df 84 f7 df 6f d6 18 80 6a 50 10
[  593.867015] [soft_i][0x2ae71e0c2][03:50:47.643005] wlan: [0:I:WMA] 00000030: 17 ff 72 f2 00 00 00 00 00 00 00 00
[  593.867132] [soft_i][0x2ae71e98c][03:50:47.643122] wlan: [0:I:WMA] wma_log_pkt_ipv4: Pkt_len: 40, src_port: 56574, dst_port: 37343
[  593.869173] cnss: Runtime resume status: 0
[  595.582068] cnss: Runtime suspend start
[  595.582885] [kworke][0x2b06892d9][03:50:49.358873] wlan: [13926:I:PMO] pmo_core_enable_wow_in_fw: drv wow is enabled
[  595.626467] cnss: Setting MHI state: SUSPEND(6)
[  595.626552] cnss: Suspending PCI link
[  595.626567] cnss: Use PCIe DRV suspend
[  595.634632] cnss: Runtime suspend status: 0
[  596.092469] [irq][0x2b0fddc2d][03:50:49.868440] wlan: [0:I:HIF] hif_wake_interrupt_handler: wake interrupt received on irq 326
[  596.093164] cnss: Runtime resume start
[  596.093276] cnss: Resuming PCI link
[  596.099220] cnss: Set PCI link status to: 2
[  596.099274] cnss: Setting MHI state: RESUME(7)
[  596.101457] [kworke][0x2b1007fd6][03:50:49.877446] wlan: [13926:I:PMO] pmo_core_psoc_send_host_wakeup_ind_to_fw: Host wakeup indication sent to fw
[  596.112324] [soft_i][0x2b103ae90][03:50:49.888309] wlan: [0:I:WMA] WLAN triggered wakeup: BPF_ALLOW (39), vdev: 0 (STA)
[  596.112625] [soft_i][0x2b103c57c][03:50:49.888615] wlan: [0:I:WMA] wma_wake_event_packet: Wake event packet:
[  596.112651] [soft_i][0x2b103c783][03:50:49.888642] wlan: [0:I:WMA] 00000000: ff ff ff ff ff ff a0 92 08 a6 b0 79 08 00 45 00
[  596.112671] [soft_i][0x2b103c8f6][03:50:49.888661] wlan: [0:I:WMA] 00000010: 00 e8 40 4c 00 00 ff 11 a4 24 0a 00 cc 94 ff ff
[  596.112689] [soft_i][0x2b103ca4f][03:50:49.888679] wlan: [0:I:WMA] 00000020: ff ff e9 4f 1a 0b 00 d4 50 9b 00 00 55 aa 00 00
[  596.112747] [soft_i][0x2b103cbba][03:50:49.888698] wlan: [0:I:WMA] 00000030: 00 00 00 00 00 23 00 00 00 bc 00 00 00 00 d3 0b
[  596.112768] [soft_i][0x2b103d03b][03:50:49.888758] wlan: [0:I:WMA] 00000040: 75 0c 21 64 a6 16 fa 0d 92 0b 5c 6d e4 52 e3 35
[  596.112787] [soft_i][0x2b103d1b8][03:50:49.888778] wlan: [0:I:WMA] 00000050: c3 e4 46 a7 8a 27 b0 52 0a ff 07 99 9f 37 2a fa
[  596.112806] [soft_i][0x2b103d310][03:50:49.888796] wlan: [0:I:WMA] 00000060: 32 86 c0 12 9f 69 89 ff 81 c3 c4 bd af 0a 47 03
[  596.112822] [soft_i][0x2b103d454][03:50:49.888813] wlan: [0:I:WMA] 00000070: 0b c2 7b 4a a2 9a 2b 0f 40 fb 99 d3 e4 93 c2 fb
[  596.112839] [soft_i][0x2b103d59e][03:50:49.888830] wlan: [0:I:WMA] 00000080: 84 59 b1 15 5f c7 5d 4b f6 69 9f 92 cb a4 c0 ba
[  596.112855] [soft_i][0x2b103d6ce][03:50:49.888846] wlan: [0:I:WMA] 00000090: 52 01 48 04
[  596.112960] [soft_i][0x2b103deaa][03:50:49.888950] wlan: [0:I:WMA] wma_log_pkt_ipv4: Pkt_len: 232, src_port: 59727, dst_port: 6667
[  596.114653] cnss: Runtime resume status: 0
[  596.736215] cnss: Runtime suspend start
[  596.738346] [kworke][0x2b1bb1691][03:50:50.514336] wlan: [13926:I:PMO] pmo_core_enable_wow_in_fw: drv wow is enabled
[  596.782939] [kworke][0x2b1c82396][03:50:50.558883] wlan: [13926:I:HIF] hif_try_complete_tasks: waiting for tasklets 0 grp tasklets 0 work 2
[  596.797739] cnss: Setting MHI state: SUSPEND(6)
[  596.797805] cnss: Suspending PCI link
[  596.797821] cnss: Use PCIe DRV suspend
[  596.805889] cnss: Runtime suspend status: 0
[  596.990331] (virq:irq_count)- GICv3:IPI(1):531128 GICv3:arch_timer(11):416882 GICv3:IPI(6):163155 GICv3:ufshcd(35):111198 GICv3:IPI(2):86298 GICv3:apps_rsc-drv-2(20):48622 GICv3:ipcc_0(37):18071 ipcc:glink-native-adsp(385):16779 ITS-MSI:pci0_wlan_ce_7(323):12066 GICv3:msm_drm(243):10192 
[  596.990491] (cpu:irq_count)- 0:410456 1:225614 2:227729 3:130372 4:124173 5:105543 6:112296 7:129922 
[  596.990538] (ipi:irq_count)- 0:531128 1:86298 2:0 3:0 4:0 5:163155 6:0 
[  597.036536] cnss: Resuming PCI link
[  597.041651] cnss: Set PCI link status to: 2
[  597.041701] cnss: Setting MHI state: RESUME(7)
[  597.064240] cnss: Setting MHI state: SUSPEND(6)
[  597.071416] cnss: Suspending PCI link
[  597.071438] cnss: Use PCIe DRV suspend
[  597.223559] [irq][0x2b2493c7b][03:50:50.999536] wlan: [0:I:HIF] hif_wake_interrupt_handler: wake interrupt received on irq 326
[  597.223756] cnss: Runtime resume start
[  597.223896] cnss: Resuming PCI link
[  597.228813] cnss: Set PCI link status to: 2
[  597.228865] cnss: Setting MHI state: RESUME(7)
[  597.230307] [kworke][0x2b24b3794][03:50:51.006296] wlan: [13926:I:PMO] pmo_core_psoc_send_host_wakeup_ind_to_fw: Host wakeup indication sent to fw
[  597.242980] [soft_i][0x2b24eed23][03:50:51.018958] wlan: [0:I:WMA] WLAN triggered wakeup: BPF_ALLOW (39), vdev: 0 (STA)
[  597.243430] [soft_i][0x2b24f0fd8][03:50:51.019419] wlan: [0:I:WMA] wma_wake_event_packet: Wake event packet:
[  597.243546] [soft_i][0x2b24f1217][03:50:51.019449] wlan: [0:I:WMA] 00000000: 96 ee 47 b4 b6 a4 00 e0 4c 68 03 8b 08 00 45 02
[  597.243573] [soft_i][0x2b24f1a8b][03:50:51.019562] wlan: [0:I:WMA] 00000010: 00 62 00 00 40 00 40 06 3f 7a 0a 00 4e 69 0a 00
[  597.243596] [soft_i][0x2b24f1c1a][03:50:51.019583] wlan: [0:I:WMA] 00000020: 98 b1 dc fe 91 df 84 f7 df 70 d6 18 80 6a 80 18
[  597.243615] [soft_i][0x2b24f1dcf][03:50:51.019606] wlan: [0:I:WMA] 00000030: 18 00 37 1d 00 00 01 01 08 0a 5e 6f ba a6 b5 7a
[  597.243633] [soft_i][0x2b24f1f2b][03:50:51.019624] wlan: [0:I:WMA] 00000040: 03 b7 17 03 03 00 29 78 85 06 12 ee 74 11 6a 62
[  597.243652] [soft_i][0x2b24f207e][03:50:51.019641] wlan: [0:I:WMA] 00000050: 50 bf 47 ff eb b8 3e 5b 1d 24 50 99 ba 49 e8 c8
[  597.243670] [soft_i][0x2b24f21da][03:50:51.019659] wlan: [0:I:WMA] 00000060: 56 d3 15 e7 4f 8a 2d 36 b3 f2 03 6a aa 3e 57 a1
[  597.243781] [soft_i][0x2b24f2a40][03:50:51.019771] wlan: [0:I:WMA] wma_log_pkt_ipv4: Pkt_len: 98, src_port: 56574, dst_port: 37343
[  597.245872] cnss: Runtime resume status: 0
[  597.266894] KernelSU: newfstatat su->ksud!
[  597.266906] KernelSU: faccessat su->ksud!
[  597.267832] KernelSU: sys_execve su found
[  597.267896] KernelSU: Already root, don't escape!
[  598.082494] cnss: Runtime suspend start
[  598.083282] [kworke][0x2b3451cb6][03:50:51.859271] wlan: [13926:I:PMO] pmo_core_enable_wow_in_fw: drv wow is enabled
[  598.122661] cnss: Setting MHI state: SUSPEND(6)
[  598.122734] cnss: Suspending PCI link
[  598.122752] cnss: Use PCIe DRV suspend
[  598.131263] cnss: Runtime suspend status: 0
[  598.243140] [irq][0x2b373f090][03:50:52.019111] wlan: [0:I:HIF] hif_wake_interrupt_handler: wake interrupt received on irq 326
[  598.243847] cnss: Runtime resume start
[  598.243956] cnss: Resuming PCI link
[  598.250597] cnss: Set PCI link status to: 2
[  598.250648] cnss: Setting MHI state: RESUME(7)
[  598.256353] [kworke][0x2b377d0fc][03:50:52.032341] wlan: [13926:I:PMO] pmo_core_psoc_send_host_wakeup_ind_to_fw: Host wakeup indication sent to fw
[  598.273800] [soft_i][0x2b37cea98][03:50:52.049750] wlan: [0:I:WMA] WLAN triggered wakeup: BPF_ALLOW (39), vdev: 0 (STA)
[  598.274138] [soft_i][0x2b37d0713][03:50:52.050129] wlan: [0:I:WMA] wma_wake_event_packet: Wake event packet:
[  598.274160] [soft_i][0x2b37d08bf][03:50:52.050151] wlan: [0:I:WMA] 00000000: 33 33 00 00 00 fb 00 e0 4c 68 03 8b 86 dd 60 0e
[  598.274177] [soft_i][0x2b37d0a04][03:50:52.050168] wlan: [0:I:WMA] 00000010: 07 00 00 6b 11 01 fe 80 00 00 00 00 00 00 08 a0
[  598.274190] [soft_i][0x2b37d0b0a][03:50:52.050182] wlan: [0:I:WMA] 00000020: 8f ab 95 91 e6 f8 ff 02 00 00 00 00 00 00 00 00
[  598.274203] [soft_i][0x2b37d0bfd][03:50:52.050195] wlan: [0:I:WMA] 00000030: 00 00 00 00 00 fb 14 e9 14 e9 00 6b 73 12 00 00
[  598.274217] [soft_i][0x2b37d0d08][03:50:52.050208] wlan: [0:I:WMA] 00000040: 00 00 00 03 00 00 00 00 00 00 04 5f 61 64 62 04
[  598.274232] [soft_i][0x2b37d0e30][03:50:52.050224] wlan: [0:I:WMA] 00000050: 5f 74 63 70 05 6c 6f 63 61 6c 00 00 ff 00 ff 10
[  598.274247] [soft_i][0x2b37d0f37][03:50:52.050238] wlan: [0:I:WMA] 00000060: 5f 61 64 62 2d 74 6c 73 2d 63 6f 6e 6e 65 63 74
[  598.274260] [soft_i][0x2b37d103c][03:50:52.050251] wlan: [0:I:WMA] 00000070: 04 5f 74 63 70 05 6c 6f 63 61 6c 00 00 ff 00 ff
[  598.274275] [soft_i][0x2b37d1143][03:50:52.050265] wlan: [0:I:WMA] 00000080: 10 5f 61 64 62 2d 74 6c 73 2d 70 61 69 72 69 6e
[  598.274290] [soft_i][0x2b37d1267][03:50:52.050280] wlan: [0:I:WMA] 00000090: 67 04 5f 74
[  598.274393] [soft_i][0x2b37d1a39][03:50:52.050384] wlan: [0:I:WMA] wma_log_pkt_ipv6: Pkt_len: 107, src_port: 5353, dst_port: 5353
[  598.276243] cnss: Runtime resume status: 0
[  599.085897] cnss: Runtime suspend start
[  599.086934] [kworke][0x2b46b268c][03:50:52.862922] wlan: [13926:I:PMO] pmo_core_enable_wow_in_fw: drv wow is enabled
[  599.128000] [kworke][0x2b4772e53][03:50:52.903986] wlan: [13926:I:HIF] hif_try_complete_tasks: waiting for tasklets 0 grp tasklets 0 work 2
[  599.141479] cnss: Setting MHI state: SUSPEND(6)
[  599.141546] cnss: Suspending PCI link
[  599.141563] cnss: Use PCIe DRV suspend
[  599.151472] cnss: Runtime suspend status: 0
[  599.576239] [irq][0x2b4fa7ef2][03:50:53.352210] wlan: [0:I:HIF] hif_wake_interrupt_handler: wake interrupt received on irq 326
[  599.576609] cnss: Runtime resume start
[  599.576720] cnss: Resuming PCI link
[  599.582473] cnss: Set PCI link status to: 2
[  599.582528] cnss: Setting MHI state: RESUME(7)
[  599.583986] [kworke][0x2b4fcc57a][03:50:53.359975] wlan: [13926:I:PMO] pmo_core_psoc_send_host_wakeup_ind_to_fw: Host wakeup indication sent to fw
[  599.595012] [soft_i][0x2b4ffe8c9][03:50:53.370686] wlan: [0:I:WMA] WLAN triggered wakeup: BPF_ALLOW (39), vdev: 0 (STA)
[  599.595420] [soft_i][0x2b5001f12][03:50:53.371409] wlan: [0:I:WMA] wma_wake_event_packet: Wake event packet:
[  599.595449] [soft_i][0x2b5002148][03:50:53.371438] wlan: [0:I:WMA] 00000000: 96 ee 47 b4 b6 a4 00 e0 4c 68 03 8b 08 00 45 00
[  599.595468] [soft_i][0x2b50022b9][03:50:53.371458] wlan: [0:I:WMA] 00000010: 00 28 c2 12 00 00 40 06 bd a3 0a 00 4e 69 0a 00
[  599.595486] [soft_i][0x2b5002416][03:50:53.371476] wlan: [0:I:WMA] 00000020: 98 b1 dc fe 91 df 84 f7 e2 2f d6 18 84 c2 50 10
[  599.595504] [soft_i][0x2b5002564][03:50:53.371493] wlan: [0:I:WMA] 00000030: 17 ff 6b da 00 00 00 00 00 00 00 00
[  599.595618] [soft_i][0x2b5002e04][03:50:53.371608] wlan: [0:I:WMA] wma_log_pkt_ipv4: Pkt_len: 40, src_port: 56574, dst_port: 37343
[  599.598328] cnss: Runtime resume status: 0
[  601.696603] cnss: Runtime suspend start
[  601.698361] [kworke][0x2b768379b][03:50:55.474350] wlan: [13926:I:PMO] pmo_core_enable_wow_in_fw: drv wow is enabled
[  601.756238] cnss: Setting MHI state: SUSPEND(6)
[  601.756323] cnss: Suspending PCI link
[  601.756345] cnss: Use PCIe DRV suspend
[  601.766070] cnss: Runtime suspend status: 0
[  601.829121] [irq][0x2b78e84fa][03:50:55.605090] wlan: [0:I:HIF] hif_wake_interrupt_handler: wake interrupt received on irq 326
[  601.829785] cnss: Runtime resume start
[  601.829888] cnss: Resuming PCI link
[  601.835252] cnss: Set PCI link status to: 2
[  601.835306] cnss: Setting MHI state: RESUME(7)
[  601.837286] [kworke][0x2b790eaea][03:50:55.613274] wlan: [13926:I:PMO] pmo_core_psoc_send_host_wakeup_ind_to_fw: Host wakeup indication sent to fw
[  601.851042] [soft_i][0x2b794f170][03:50:55.627016] wlan: [0:I:WMA] WLAN triggered wakeup: BPF_ALLOW (39), vdev: 0 (STA)
[  601.851499] [soft_i][0x2b795151c][03:50:55.627490] wlan: [0:I:WMA] wma_wake_event_packet: Wake event packet:
[  601.851529] [soft_i][0x2b7951757][03:50:55.627519] wlan: [0:I:WMA] 00000000: 96 ee 47 b4 b6 a4 00 e0 4c 68 03 8b 08 00 45 00
[  601.851547] [soft_i][0x2b79518ad][03:50:55.627537] wlan: [0:I:WMA] 00000010: 00 28 fc 53 00 00 40 06 83 62 0a 00 4e 69 0a 00
[  601.851563] [soft_i][0x2b79519ec][03:50:55.627554] wlan: [0:I:WMA] 00000020: 98 b1 dc fe 91 df 84 f7 e2 2f d6 18 84 c2 50 10
[  601.851579] [soft_i][0x2b7951b18][03:50:55.627569] wlan: [0:I:WMA] 00000030: 17 ff 6b da 00 00 00 00 00 00 00 00
[  601.851734] [soft_i][0x2b79526b8][03:50:55.627724] wlan: [0:I:WMA] wma_log_pkt_ipv4: Pkt_len: 40, src_port: 56574, dst_port: 37343
[  601.854067] cnss: Runtime resume status: 0
[  602.442315] cnss: Runtime suspend start
[  602.444086] [kworke][0x2b842b100][03:50:56.220075] wlan: [13926:I:PMO] pmo_core_enable_wow_in_fw: drv wow is enabled
[  602.485198] cnss: Setting MHI state: SUSPEND(6)
[  602.485281] cnss: Suspending PCI link
[  602.485300] cnss: Use PCIe DRV suspend
[  602.499731] cnss: Runtime suspend status: 0
[  603.119610] cnss: Resuming PCI link
[  603.125803] cnss: Set PCI link status to: 2
[  603.125858] cnss: Setting MHI state: RESUME(7)
[  603.146570] cnss: Setting MHI state: SUSPEND(6)
[  603.152405] cnss: Suspending PCI link
[  603.152425] cnss: Use PCIe DRV suspend
[  603.266342] [irq][0x2b933947f][03:50:57.042310] wlan: [0:I:HIF] hif_wake_interrupt_handler: wake interrupt received on irq 326
[  603.267060] cnss: Runtime resume start
[  603.267168] cnss: Resuming PCI link
[  603.272251] cnss: Set PCI link status to: 2
[  603.272298] cnss: Setting MHI state: RESUME(7)
[  603.274714] [kworke][0x2b9360a0d][03:50:57.050702] wlan: [13926:I:PMO] pmo_core_psoc_send_host_wakeup_ind_to_fw: Host wakeup indication sent to fw
[  603.286496] [soft_i][0x2b9397dbc][03:50:57.062485] wlan: [0:I:WMA] WLAN triggered wakeup: BPF_ALLOW (39), vdev: 0 (STA)
[  603.286759] [soft_i][0x2b9399199][03:50:57.062749] wlan: [0:I:WMA] wma_wake_event_packet: Wake event packet:
[  603.286833] [soft_i][0x2b9399398][03:50:57.062776] wlan: [0:I:WMA] 00000000: 96 ee 47 b4 b6 a4 00 e0 4c 68 03 8b 08 00 45 00
[  603.286856] [soft_i][0x2b93998ca][03:50:57.062845] wlan: [0:I:WMA] 00000010: 00 28 08 08 00 00 40 06 77 ae 0a 00 4e 69 0a 00
[  603.286876] [soft_i][0x2b9399a4a][03:50:57.062865] wlan: [0:I:WMA] 00000020: 98 b1 dc fe 91 df 84 f7 e2 2f d6 18 84 c2 50 10
[  603.286895] [soft_i][0x2b9399bc6][03:50:57.062885] wlan: [0:I:WMA] 00000030: 17 ff 6b da 00 00 00 00 00 00 00 00
[  603.287007] [soft_i][0x2b939a42a][03:50:57.062997] wlan: [0:I:WMA] wma_log_pkt_ipv4: Pkt_len: 40, src_port: 56574, dst_port: 37343
[  603.288341] cnss: Runtime resume status: 0
[  603.308245] KernelSU: newfstatat su->ksud!
[  603.308257] KernelSU: faccessat su->ksud!
[  603.309201] KernelSU: sys_execve su found
[  603.309261] KernelSU: Already root, don't escape!
[  604.290330] cnss: Runtime suspend start
[  604.291055] [kworke][0x2ba5fcbc4][03:50:58.067045] wlan: [14039:I:PMO] pmo_core_enable_wow_in_fw: drv wow is enabled
[  604.332724] cnss: Setting MHI state: SUSPEND(6)
[  604.332782] cnss: Suspending PCI link
[  604.332798] cnss: Use PCIe DRV suspend
[  604.339802] cnss: Runtime suspend status: 0
[  604.384369] [irq][0x2ba7b2119][03:50:58.160344] wlan: [0:I:HIF] hif_wake_interrupt_handler: wake interrupt received on irq 326
[  604.384541] cnss: Runtime resume start
[  604.384624] cnss: Resuming PCI link
[  604.389912] cnss: Set PCI link status to: 2
[  604.389952] cnss: Setting MHI state: RESUME(7)
[  604.392252] [kworke][0x2ba7d718c][03:50:58.168242] wlan: [13926:I:PMO] pmo_core_psoc_send_host_wakeup_ind_to_fw: Host wakeup indication sent to fw
[  604.408842] [soft_i][0x2ba824d90][03:50:58.184829] wlan: [0:I:WMA] WLAN triggered wakeup: BPF_ALLOW (39), vdev: 0 (STA)
[  604.409152] [soft_i][0x2ba826517][03:50:58.185143] wlan: [0:I:WMA] wma_wake_event_packet: Wake event packet:
[  604.409175] [soft_i][0x2ba8266d5][03:50:58.185166] wlan: [0:I:WMA] 00000000: ff ff ff ff ff ff 3c 22 7f 49 3f 33 08 00 45 00
[  604.409230] [soft_i][0x2ba826832][03:50:58.185184] wlan: [0:I:WMA] 00000010: 01 bc 3b 66 40 00 40 11 a6 dc 0a 00 4c ef ff ff
[  604.409249] [soft_i][0x2ba826c4f][03:50:58.185239] wlan: [0:I:WMA] 00000020: ff ff 07 e5 07 e5 01 a8 24 8b 4e 4f 54 49 46 59
[  604.409267] [soft_i][0x2ba826da9][03:50:58.185257] wlan: [0:I:WMA] 00000030: 20 2a 20 48 54 54 50 2f 31 2e 31 0d 0a 48 6f 73
[  604.409284] [soft_i][0x2ba826eef][03:50:58.185274] wlan: [0:I:WMA] 00000040: 74 3a 20 32 33 39 2e 32 35 35 2e 32 35 35 2e 32
[  604.409300] [soft_i][0x2ba827029][03:50:58.185290] wlan: [0:I:WMA] 00000050: 35 30 3a 31 39 39 30 0d 0a 53 65 72 76 65 72 3a
[  604.409317] [soft_i][0x2ba82716e][03:50:58.185307] wlan: [0:I:WMA] 00000060: 20 55 50 6e 50 2f 31 2e 30 0d 0a 4c 6f 63 61 74
[  604.409442] [soft_i][0x2ba827abd][03:50:58.185431] wlan: [0:I:WMA] 00000070: 69 6f 6e 3a 20 31 30 2e 30 2e 37 36 2e 32 33 39
[  604.409499] [soft_i][0x2ba827f0d][03:50:58.185489] wlan: [0:I:WMA] 00000080: 0d 0a 4e 54 3a 20 75 72 6e 3a 62 61 6d 62 75 6c
[  604.409517] [soft_i][0x2ba828074][03:50:58.185508] wlan: [0:I:WMA] 00000090: 61 62 2d 63
[  604.409615] [soft_i][0x2ba8287ca][03:50:58.185605] wlan: [0:I:WMA] wma_log_pkt_ipv4: Pkt_len: 444, src_port: 2021, dst_port: 2021
[  604.410846] cnss: Runtime resume status: 0
[  606.457996] (virq:irq_count)- GICv3:IPI(1):532882 GICv3:arch_timer(11):419253 GICv3:IPI(6):164020 GICv3:ufshcd(35):111206 GICv3:IPI(2):86455 GICv3:apps_rsc-drv-2(20):49150 GICv3:ipcc_0(37):18137 ipcc:glink-native-adsp(385):16849 ITS-MSI:pci0_wlan_ce_7(323):12198 GICv3:msm_drm(243):10207 
[  606.458093] (cpu:irq_count)- 0:413438 1:227228 2:229401 3:130416 4:124247 5:105543 6:112398 7:129922 
[  606.458118] (ipi:irq_count)- 0:532882 1:86455 2:0 3:0 4:0 5:164020 6:0 
[  609.784416] healthd: battery l=100 v=4315 t=35.0 h=2 st=5 c=0 fc=4495000 cc=10 chg=a
[  611.042806] cnss: Runtime suspend start
[  611.043742] [kworke][0x2c21a1f2a][03:51:04.819730] wlan: [13926:I:PMO] pmo_core_enable_wow_in_fw: drv wow is enabled
[  611.083661] cnss: Setting MHI state: SUSPEND(6)
[  611.083724] cnss: Suspending PCI link
[  611.083742] cnss: Use PCIe DRV suspend
[  611.094190] cnss: Runtime suspend status: 0
[  611.140503] [irq][0x2c23676e9][03:51:04.916476] wlan: [0:I:HIF] hif_wake_interrupt_handler: wake interrupt received on irq 326
[  611.140726] cnss: Runtime resume start
[  611.140832] cnss: Resuming PCI link
[  611.147360] cnss: Set PCI link status to: 2
[  611.147411] cnss: Setting MHI state: RESUME(7)
[  611.154308] [kworke][0x2c23a83af][03:51:04.930297] wlan: [13926:I:PMO] pmo_core_psoc_send_host_wakeup_ind_to_fw: Host wakeup indication sent to fw
[  611.173027] [soft_i][0x2c23ffa7e][03:51:04.948950] wlan: [0:I:WMA] WLAN triggered wakeup: BPF_ALLOW (39), vdev: 0 (STA)
[  611.173715] [soft_i][0x2c240334f][03:51:04.949706] wlan: [0:I:WMA] wma_wake_event_packet: Wake event packet:
[  611.173743] [soft_i][0x2c240356a][03:51:04.949734] wlan: [0:I:WMA] 00000000: ff ff ff ff ff ff a0 92 08 a6 b0 79 08 00 45 00
[  611.173762] [soft_i][0x2c24036cc][03:51:04.949752] wlan: [0:I:WMA] 00000010: 00 e8 40 51 00 00 ff 11 a4 1f 0a 00 cc 94 ff ff
[  611.173780] [soft_i][0x2c2403838][03:51:04.949771] wlan: [0:I:WMA] 00000020: ff ff e9 4f 1a 0b 00 d4 50 9b 00 00 55 aa 00 00
[  611.173797] [soft_i][0x2c2403976][03:51:04.949788] wlan: [0:I:WMA] 00000030: 00 00 00 00 00 23 00 00 00 bc 00 00 00 00 d3 0b
[  611.173814] [soft_i][0x2c2403ac1][03:51:04.949805] wlan: [0:I:WMA] 00000040: 75 0c 21 64 a6 16 fa 0d 92 0b 5c 6d e4 52 e3 35
[  611.173832] [soft_i][0x2c2403c1d][03:51:04.949823] wlan: [0:I:WMA] 00000050: c3 e4 46 a7 8a 27 b0 52 0a ff 07 99 9f 37 2a fa
[  611.173849] [soft_i][0x2c2403d4e][03:51:04.949839] wlan: [0:I:WMA] 00000060: 32 86 c0 12 9f 69 89 ff 81 c3 c4 bd af 0a 47 03
[  611.173866] [soft_i][0x2c2403ea2][03:51:04.949857] wlan: [0:I:WMA] 00000070: 0b c2 7b 4a a2 9a 2b 0f 40 fb 99 d3 e4 93 c2 fb
[  611.173884] [soft_i][0x2c2403ff6][03:51:04.949874] wlan: [0:I:WMA] 00000080: 84 59 b1 15 5f c7 5d 4b f6 69 9f 92 cb a4 c0 ba
[  611.173971] [soft_i][0x2c2404130][03:51:04.949891] wlan: [0:I:WMA] 00000090: 52 01 48 04
[  611.174078] [soft_i][0x2c2404e7c][03:51:04.950068] wlan: [0:I:WMA] wma_log_pkt_ipv4: Pkt_len: 232, src_port: 59727, dst_port: 6667
[  611.175855] cnss: Runtime resume status: 0
[  611.780649] KernelSU: newfstatat su->ksud!
[  611.780670] KernelSU: faccessat su->ksud!
[  611.781658] KernelSU: sys_execve su found
[  611.781722] KernelSU: Already root, don't escape!
[  613.351979] init: Service 'sysauditd' (pid 1877) exited with status 0 oneshot service took 604.062988 seconds in background
[  613.352094] init: Sending signal 9 to service 'sysauditd' (pid 1877) process group...
[  613.353310] libprocessgroup: Removed cgroup /sys/fs/cgroup/uid_0/pid_1877
[  613.607361] cnss: Runtime suspend start
[  613.608613] [kworke][0x2c5098c84][03:51:07.384602] wlan: [13926:I:PMO] pmo_core_enable_wow_in_fw: drv wow is enabled
[  613.645845] cnss: Setting MHI state: SUSPEND(6)
[  613.645903] cnss: Suspending PCI link
[  613.645921] cnss: Use PCIe DRV suspend
[  613.655789] cnss: Runtime suspend status: 0
[  613.696907] cnss: Runtime resume start
[  613.696948] cnss: Resuming PCI link
[  613.701727] cnss: Set PCI link status to: 2
[  613.701755] cnss: Setting MHI state: RESUME(7)
[  613.702526] [kworke][0x2c5251041][03:51:07.478518] wlan: [13926:I:PMO] pmo_core_psoc_send_host_wakeup_ind_to_fw: Host wakeup indication sent to fw
[  613.722814] cnss: Runtime resume status: 0
[  615.932976] (virq:irq_count)- GICv3:IPI(1):534336 GICv3:arch_timer(11):421496 GICv3:IPI(6):164901 GICv3:ufshcd(35):111217 GICv3:IPI(2):86617 GICv3:apps_rsc-drv-2(20):49599 GICv3:ipcc_0(37):18232 ipcc:glink-native-adsp(385):16955 ITS-MSI:pci0_wlan_ce_7(323):12283 GICv3:msm_drm(243):10221 
[  615.933135] (cpu:irq_count)- 0:416226 1:228641 2:230881 3:130523 4:124302 5:105543 6:112469 7:129925 
[  615.933183] (ipi:irq_count)- 0:534336 1:86617 2:0 3:0 4:0 5:164901 6:0 
[  617.849590] cnss: Runtime suspend start
[  617.850638] [kworke][0x2c9e45466][03:51:11.626627] wlan: [13926:I:PMO] pmo_core_enable_wow_in_fw: drv wow is enabled
[  617.894781] cnss: Setting MHI state: SUSPEND(6)
[  617.894873] cnss: Suspending PCI link
[  617.894893] cnss: Use PCIe DRV suspend
[  617.903540] cnss: Runtime suspend status: 0
[  618.098425] SELinux: avc:  denied  { find } for pid=2168 uid=1000 name=vendor.qti.hardware.servicetrackeraidl.IServicetracker/default scontext=u:r:system_server:s0 tcontext=u:object_r:default_android_service:s0 tclass=service_manager permissive=0
[  618.102678] SELinux: avc:  denied  { find } for pid=2168 uid=1000 name=vendor.qti.hardware.servicetrackeraidl.IServicetracker/default scontext=u:r:system_server:s0 tcontext=u:object_r:default_android_service:s0 tclass=service_manager permissive=0
[  618.282909] cnss: Resuming PCI link
[  618.288360] cnss: Set PCI link status to: 2
[  618.288398] cnss: Setting MHI state: RESUME(7)
[  618.313626] [irq][0x2ca6bf85e][03:51:12.089613] wlan: [0:I:HIF] hif_wake_interrupt_handler: wake interrupt received on irq 326
[  618.314057] cnss: Runtime resume start
[  618.316400] [kworke][0x2ca6cc8aa][03:51:12.092390] wlan: [13926:I:PMO] pmo_core_psoc_send_host_wakeup_ind_to_fw: Host wakeup indication sent to fw
[  618.327715] [soft_i][0x2ca70196b][03:51:12.103707] wlan: [0:I:WMA] WLAN triggered wakeup: BPF_ALLOW (39), vdev: 0 (STA)
[  618.327883] [soft_i][0x2ca702605][03:51:12.103875] wlan: [0:I:WMA] wma_wake_event_packet: Wake event packet:
[  618.327901] [soft_i][0x2ca70275b][03:51:12.103893] wlan: [0:I:WMA] 00000000: 96 ee 47 b4 b6 a4 00 e0 4c 68 03 8b 08 00 45 00
[  618.327911] [soft_i][0x2ca702828][03:51:12.103903] wlan: [0:I:WMA] 00000010: 00 28 c3 15 00 00 40 06 bc a0 0a 00 4e 69 0a 00
[  618.327922] [soft_i][0x2ca7028ef][03:51:12.103914] wlan: [0:I:WMA] 00000020: 98 b1 dc fe 91 df 84 f7 eb 60 d6 18 93 9a 50 10
[  618.327933] [soft_i][0x2ca7029c9][03:51:12.103925] wlan: [0:I:WMA] 00000030: 17 ff 53 d1 00 00 00 00 00 00 00 00
[  618.328001] [soft_i][0x2ca702ee8][03:51:12.103993] wlan: [0:I:WMA] wma_log_pkt_ipv4: Pkt_len: 40, src_port: 56574, dst_port: 37343
[  618.328413] cnss: Runtime resume status: 0
[  620.114263] cnss: Runtime suspend start
[  620.115968] [kworke][0x2cc7bfff0][03:51:13.891954] wlan: [13926:I:PMO] pmo_core_enable_wow_in_fw: drv wow is enabled
[  620.158039] [kworke][0x2cc885348][03:51:13.934025] wlan: [13926:I:HIF] hif_try_complete_tasks: waiting for tasklets 0 grp tasklets 0 work 2
[  620.173621] cnss: Setting MHI state: SUSPEND(6)
[  620.173691] cnss: Suspending PCI link
[  620.173708] cnss: Use PCIe DRV suspend
[  620.186030] cnss: Runtime suspend status: 0
[  620.672079] [irq][0x2cd1eeabb][03:51:14.448047] wlan: [0:I:HIF] hif_wake_interrupt_handler: wake interrupt received on irq 326
[  620.672448] cnss: Runtime resume start
[  620.672554] cnss: Resuming PCI link
[  620.678771] cnss: Set PCI link status to: 2
[  620.678823] cnss: Setting MHI state: RESUME(7)
[  620.680242] [kworke][0x2cd2150a5][03:51:14.456230] wlan: [13926:I:PMO] pmo_core_psoc_send_host_wakeup_ind_to_fw: Host wakeup indication sent to fw
[  620.691242] [soft_i][0x2cd248513][03:51:14.467169] wlan: [0:I:WMA] WLAN triggered wakeup: BPF_ALLOW (39), vdev: 0 (STA)
[  620.691925] [soft_i][0x2cd24bd01][03:51:14.467915] wlan: [0:I:WMA] wma_wake_event_packet: Wake event packet:
[  620.691953] [soft_i][0x2cd24bf26][03:51:14.467943] wlan: [0:I:WMA] 00000000: 96 ee 47 b4 b6 a4 00 e0 4c 68 03 8b 08 00 45 00
[  620.691972] [soft_i][0x2cd24c08b][03:51:14.467962] wlan: [0:I:WMA] 00000010: 00 28 8d 28 00 00 40 06 f2 8d 0a 00 4e 69 0a 00
[  620.691987] [soft_i][0x2cd24c1b0][03:51:14.467977] wlan: [0:I:WMA] 00000020: 98 b1 dc fe 91 df 84 f7 eb 60 d6 18 93 9a 50 10
[  620.692002] [soft_i][0x2cd24c2de][03:51:14.467993] wlan: [0:I:WMA] 00000030: 17 ff 53 d1 00 00 00 00 00 00 00 00
[  620.692107] [soft_i][0x2cd24caba][03:51:14.468098] wlan: [0:I:WMA] wma_log_pkt_ipv4: Pkt_len: 40, src_port: 56574, dst_port: 37343
[  620.694560] cnss: Runtime resume status: 0
[  622.434048] KernelSU: newfstatat su->ksud!
[  622.434056] KernelSU: faccessat su->ksud!
[  622.434731] KernelSU: sys_execve su found
[  622.434770] KernelSU: Already root, don't escape!
[  623.742459] cnss: Runtime suspend start
[  623.744118] [kworke][0x2d0a2ef7d][03:51:17.520108] wlan: [1969:I:PMO] pmo_core_enable_wow_in_fw: drv wow is enabled
[  623.787317] cnss: Setting MHI state: SUSPEND(6)
[  623.787403] cnss: Suspending PCI link
[  623.787425] cnss: Use PCIe DRV suspend
[  623.796706] cnss: Runtime suspend status: 0
[  623.951624] [irq][0x2d0dfb8aa][03:51:17.727593] wlan: [0:I:HIF] hif_wake_interrupt_handler: wake interrupt received on irq 326
[  623.952561] cnss: Runtime resume start
[  623.952673] cnss: Resuming PCI link
[  623.958704] cnss: Set PCI link status to: 2
[  623.958758] cnss: Setting MHI state: RESUME(7)
[  623.960989] [kworke][0x2d0e278ba][03:51:17.736978] wlan: [1969:I:PMO] pmo_core_psoc_send_host_wakeup_ind_to_fw: Host wakeup indication sent to fw
[  623.972933] [soft_i][0x2d0e5f825][03:51:17.748917] wlan: [0:I:WMA] WLAN triggered wakeup: BPF_ALLOW (39), vdev: 0 (STA)
[  623.973502] [soft_i][0x2d0e6233e][03:51:17.749492] wlan: [0:I:WMA] wma_wake_event_packet: Wake event packet:
[  623.973527] [soft_i][0x2d0e62547][03:51:17.749518] wlan: [0:I:WMA] 00000000: 96 ee 47 b4 b6 a4 00 e0 4c 68 03 8b 08 00 45 02
[  623.973559] [soft_i][0x2d0e6264e][03:51:17.749532] wlan: [0:I:WMA] 00000010: 00 62 00 00 40 00 40 06 3f 7a 0a 00 4e 69 0a 00
[  623.973574] [soft_i][0x2d0e628d6][03:51:17.749566] wlan: [0:I:WMA] 00000020: 98 b1 dc fe 91 df 84 f7 ed 3e d6 18 95 7a 80 18
[  623.973589] [soft_i][0x2d0e629f1][03:51:17.749581] wlan: [0:I:WMA] 00000030: 18 00 c3 8e 00 00 01 01 08 0a 5e 70 23 43 b5 7a
[  623.973603] [soft_i][0x2d0e62af1][03:51:17.749594] wlan: [0:I:WMA] 00000040: 6c 47 17 03 03 00 29 ed 0b 66 d4 87 eb b9 65 e0
[  623.973615] [soft_i][0x2d0e62be5][03:51:17.749607] wlan: [0:I:WMA] 00000050: 72 7a 8c 9a e9 3c d6 78 cd a1 fa ee 00 18 98 cb
[  623.973629] [soft_i][0x2d0e62cec][03:51:17.749620] wlan: [0:I:WMA] 00000060: 9b ab 47 ee 5f de 80 10 81 93 5a a8 db 8c 9e b7
[  623.973710] [soft_i][0x2d0e632fd][03:51:17.749701] wlan: [0:I:WMA] wma_log_pkt_ipv4: Pkt_len: 98, src_port: 56574, dst_port: 37343
[  623.975525] cnss: Runtime resume status: 0
[  625.404883] (virq:irq_count)- GICv3:IPI(1):535532 GICv3:arch_timer(11):423518 GICv3:IPI(6):165711 GICv3:ufshcd(35):111224 GICv3:IPI(2):86767 GICv3:apps_rsc-drv-2(20):50019 GICv3:ipcc_0(37):18268 ipcc:glink-native-adsp(385):16993 ITS-MSI:pci0_wlan_ce_7(323):12378 GICv3:msm_drm(243):10222 
[  625.405046] (cpu:irq_count)- 0:418715 1:229862 2:232127 3:130560 4:124349 5:105555 6:112551 7:129925 
[  625.405097] (ipi:irq_count)- 0:535532 1:86767 2:0 3:0 4:0 5:165711 6:0 
[  625.605558] KernelSU: newfstatat su->ksud!
[  625.605602] KernelSU: faccessat su->ksud!
[  625.606636] KernelSU: sys_execve su found
[  625.606681] KernelSU: Already root, don't escape!
[  625.818558] SELinux: avc:  denied  { find } for pid=2168 uid=1000 name=vendor.qti.hardware.servicetrackeraidl.IServicetracker/default scontext=u:r:system_server:s0 tcontext=u:object_r:default_android_service:s0 tclass=service_manager permissive=0
[  625.820318] SELinux: avc:  denied  { find } for pid=2168 uid=1000 name=vendor.qti.hardware.servicetrackeraidl.IServicetracker/default scontext=u:r:system_server:s0 tcontext=u:object_r:default_android_service:s0 tclass=service_manager permissive=0
[  627.374126] cnss: Runtime suspend start
[  627.374875] [kworke][0x2d4caa21f][03:51:21.150863] wlan: [13926:I:PMO] pmo_core_enable_wow_in_fw: drv wow is enabled
[  627.418074] cnss: Runtime suspend status: 0
[  627.418151] cnss: Runtime resume start
[  627.419319] [kworke][0x2d4d7a77d][03:51:21.195308] wlan: [13926:I:PMO] pmo_core_psoc_send_host_wakeup_ind_to_fw: Host wakeup indication sent to fw
[  627.447285] cnss: Runtime resume status: 0
[  628.171664] audit: type=1400 audit(1789703421.776:2206): avc:  denied  { write } for  pid=2168 comm="CachedAppOptimi" dev="tmpfs" ino=3073 scontext=u:r:system_server:s0 tcontext=u:object_r:zygote_tmpfs:s0 tclass=file permissive=0
[  628.171699] audit: type=1400 audit(1789703422.128:2207): avc:  denied  { write } for  pid=2168 comm="CachedAppOptimi" dev="tmpfs" ino=3073 scontext=u:r:system_server:s0 tcontext=u:object_r:zygote_tmpfs:s0 tclass=file permissive=0
[  628.171713] audit: type=1400 audit(1789703481.944:2208): avc:  denied  { write } for  pid=2168 comm="CachedAppOptimi" dev="tmpfs" ino=3073 scontext=u:r:system_server:s0 tcontext=u:object_r:zygote_tmpfs:s0 tclass=file permissive=0
[  629.341764] SELinux: avc:  denied  { find } for pid=2168 uid=1000 name=vendor.qti.hardware.servicetrackeraidl.IServicetracker/default scontext=u:r:system_server:s0 tcontext=u:object_r:default_android_service:s0 tclass=service_manager permissive=0
[  629.358946] SELinux: avc:  denied  { find } for pid=2168 uid=1000 name=vendor.qti.hardware.servicetrackeraidl.IServicetracker/default scontext=u:r:system_server:s0 tcontext=u:object_r:default_android_service:s0 tclass=service_manager permissive=0
[  629.361468] SELinux: avc:  denied  { find } for pid=2168 uid=1000 name=vendor.qti.hardware.servicetrackeraidl.IServicetracker/default scontext=u:r:system_server:s0 tcontext=u:object_r:default_android_service:s0 tclass=service_manager permissive=0
[  629.363578] SELinux: avc:  denied  { find } for pid=2168 uid=1000 name=vendor.qti.hardware.servicetrackeraidl.IServicetracker/default scontext=u:r:system_server:s0 tcontext=u:object_r:default_android_service:s0 tclass=service_manager permissive=0
[  629.413702] SELinux: avc:  denied  { find } for pid=2168 uid=1000 name=vendor.qti.hardware.servicetrackeraidl.IServicetracker/default scontext=u:r:system_server:s0 tcontext=u:object_r:default_android_service:s0 tclass=service_manager permissive=0
[  629.414529] SELinux: avc:  denied  { find } for pid=2168 uid=1000 name=vendor.qti.hardware.servicetrackeraidl.IServicetracker/default scontext=u:r:system_server:s0 tcontext=u:object_r:default_android_service:s0 tclass=service_manager permissive=0
[  629.505758] SELinux: avc:  denied  { find } for pid=2168 uid=1000 name=vendor.qti.hardware.servicetrackeraidl.IServicetracker/default scontext=u:r:system_server:s0 tcontext=u:object_r:default_android_service:s0 tclass=service_manager permissive=0
[  629.617037] SELinux: avc:  denied  { find } for pid=2168 uid=1000 name=vendor.qti.hardware.servicetrackeraidl.IServicetracker/default scontext=u:r:system_server:s0 tcontext=u:object_r:default_android_service:s0 tclass=service_manager permissive=0
[  632.086211] SELinux: avc:  denied  { find } for pid=2168 uid=1000 name=vendor.qti.hardware.servicetrackeraidl.IServicetracker/default scontext=u:r:system_server:s0 tcontext=u:object_r:default_android_service:s0 tclass=service_manager permissive=0
[  632.087616] SELinux: avc:  denied  { find } for pid=2168 uid=1000 name=vendor.qti.hardware.servicetrackeraidl.IServicetracker/default scontext=u:r:system_server:s0 tcontext=u:object_r:default_android_service:s0 tclass=service_manager permissive=0
[  632.105200] audit: type=1400 audit(1789703485.876:2209): avc:  denied  { read write } for  pid=1732 comm="TriggerProComp" name="compaction_proactiveness" dev="proc" ino=165141 scontext=u:r:vendor_hal_perf_default:s0 tcontext=u:object_r:proc_compaction_proactiveness:s0 tclass=file permissive=0
[  632.105248] init: processing action (vendor.change.cgroup=bg && vendor.change.cgroup.for.pid=*) from (/vendor/etc/init/vendor.qti.hardware.perf-hal-service.rc:21)
[  632.161006] SELinux: avc:  denied  { find } for pid=2168 uid=1000 name=vendor.qti.hardware.servicetrackeraidl.IServicetracker/default scontext=u:r:system_server:s0 tcontext=u:object_r:default_android_service:s0 tclass=service_manager permissive=0
[  632.161465] SELinux: avc:  denied  { find } for pid=2168 uid=1000 name=vendor.qti.hardware.servicetrackeraidl.IServicetracker/default scontext=u:r:system_server:s0 tcontext=u:object_r:default_android_service:s0 tclass=service_manager permissive=0
[  632.207828] SELinux: avc:  denied  { find } for pid=2168 uid=1000 name=vendor.qti.hardware.servicetrackeraidl.IServicetracker/default scontext=u:r:system_server:s0 tcontext=u:object_r:default_android_service:s0 tclass=service_manager permissive=0
[  632.486223] SELinux: avc:  denied  { find } for pid=2168 uid=1000 name=vendor.qti.hardware.servicetrackeraidl.IServicetracker/default scontext=u:r:system_server:s0 tcontext=u:object_r:default_android_service:s0 tclass=service_manager permissive=0
[  632.489221] SELinux: avc:  denied  { find } for pid=2168 uid=1000 name=vendor.qti.hardware.servicetrackeraidl.IServicetracker/default scontext=u:r:system_server:s0 tcontext=u:object_r:default_android_service:s0 tclass=service_manager permissive=0
[  632.490156] SELinux: avc:  denied  { find } for pid=2168 uid=1000 name=vendor.qti.hardware.servicetrackeraidl.IServicetracker/default scontext=u:r:system_server:s0 tcontext=u:object_r:default_android_service:s0 tclass=service_manager permissive=0
[  632.492123] SELinux: avc:  denied  { find } for pid=2168 uid=1000 name=vendor.qti.hardware.servicetrackeraidl.IServicetracker/default scontext=u:r:system_server:s0 tcontext=u:object_r:default_android_service:s0 tclass=service_manager permissive=0
[  632.492668] SELinux: avc:  denied  { find } for pid=2168 uid=1000 name=vendor.qti.hardware.servicetrackeraidl.IServicetracker/default scontext=u:r:system_server:s0 tcontext=u:object_r:default_android_service:s0 tclass=service_manager permissive=0
[  632.553859] binder: undelivered transaction 312862, process died.
[  632.605803] audit: type=1400 audit(1789703486.380:2210): avc:  denied  { read write } for  pid=1732 comm="TriggerProComp" name="compaction_proactiveness" dev="proc" ino=165141 scontext=u:r:vendor_hal_perf_default:s0 tcontext=u:object_r:proc_compaction_proactiveness:s0 tclass=file permissive=0
[  632.605990] init: processing action (vendor.change.cgroup=def && vendor.change.cgroup.for.pid=*) from (/vendor/etc/init/vendor.qti.hardware.perf-hal-service.rc:26)
[  632.643859] binder: undelivered transaction 225299, process died.
[  632.643883] binder: undelivered transaction 225362, process died.
[  632.643887] binder: undelivered transaction 225430, process died.
[  632.643891] binder: undelivered transaction 257245, process died.
[  632.643895] binder: undelivered transaction 257487, process died.
[  632.644025] binder: undelivered transaction 225237, process died.
[  632.674871] init: processing action (vendor.change.cgroup=bg && vendor.change.cgroup.for.pid=*) from (/vendor/etc/init/vendor.qti.hardware.perf-hal-service.rc:21)
[  632.674977] audit: type=1400 audit(1789703486.448:2211): avc:  denied  { read write } for  pid=1732 comm="TriggerProComp" name="compaction_proactiveness" dev="proc" ino=165141 scontext=u:r:vendor_hal_perf_default:s0 tcontext=u:object_r:proc_compaction_proactiveness:s0 tclass=file permissive=0
[  632.675860] init: processing action (vendor.change.cgroup=bg && vendor.change.cgroup.for.pid=*) from (/vendor/etc/init/vendor.qti.hardware.perf-hal-service.rc:21)
[  632.832394] init: Untracked pid 10495 exited with status 0
[  632.832405] init: Untracked pid 10495 did not have an associated service entry and will not be reaped
[  632.849786] binder: undelivered transaction 308311, process died.
[  632.849809] binder: undelivered transaction 310928, process died.
[  632.849814] binder: undelivered transaction 315009, process died.
[  633.176979] audit: type=1400 audit(1789703486.948:2212): avc:  denied  { read write } for  pid=1732 comm="TriggerProComp" name="compaction_proactiveness" dev="proc" ino=165141 scontext=u:r:vendor_hal_perf_default:s0 tcontext=u:object_r:proc_compaction_proactiveness:s0 tclass=file permissive=0
[  633.177936] init: processing action (vendor.change.cgroup=def && vendor.change.cgroup.for.pid=*) from (/vendor/etc/init/vendor.qti.hardware.perf-hal-service.rc:26)
[  634.878288] (virq:irq_count)- GICv3:IPI(1):543794 GICv3:arch_timer(11):427463 GICv3:IPI(6):169050 GICv3:ufshcd(35):111584 GICv3:IPI(2):87319 GICv3:apps_rsc-drv-2(20):50705 GICv3:ipcc_0(37):18292 ipcc:glink-native-adsp(385):17018 ITS-MSI:pci0_wlan_ce_7(323):12563 GICv3:msm_drm(243):10231 
[  634.878424] (cpu:irq_count)- 0:422244 1:232924 2:235497 3:132732 4:126017 5:107353 6:114052 7:130698 
[  634.878497] (ipi:irq_count)- 0:543796 1:87319 2:0 3:0 4:0 5:169050 6:0 
[  635.840243] cnss: Runtime suspend start
[  635.842673] [kworke][0x2de7b6ee5][03:51:29.618660] wlan: [1969:I:PMO] pmo_core_enable_wow_in_fw: drv wow is enabled
[  635.882449] cnss: Setting MHI state: SUSPEND(6)
[  635.882539] cnss: Suspending PCI link
[  635.882556] cnss: Use PCIe DRV suspend
[  635.891812] cnss: Runtime suspend status: 0
[  636.340061] [irq][0x2df0d2577][03:51:30.116030] wlan: [0:I:HIF] hif_wake_interrupt_handler: wake interrupt received on irq 326
[  636.341081] cnss: Runtime resume start
[  636.341246] cnss: Resuming PCI link
[  636.345105] cnss: Set PCI link status to: 2
[  636.345165] cnss: Setting MHI state: RESUME(7)
[  636.346518] [kworke][0x2df0f0b6e][03:51:30.122507] wlan: [1969:I:PMO] pmo_core_psoc_send_host_wakeup_ind_to_fw: Host wakeup indication sent to fw
[  636.357622] [soft_i][0x2df124bed][03:51:30.133607] wlan: [0:I:WMA] WLAN triggered wakeup: BPF_ALLOW (39), vdev: 0 (STA)
[  636.357996] [soft_i][0x2df126863][03:51:30.133987] wlan: [0:I:WMA] wma_wake_event_packet: Wake event packet:
[  636.358021] [soft_i][0x2df126a3b][03:51:30.134011] wlan: [0:I:WMA] 00000000: 96 ee 47 b4 b6 a4 00 e0 4c 68 03 8b 08 00 45 00
[  636.358036] [soft_i][0x2df126b6d][03:51:30.134027] wlan: [0:I:WMA] 00000010: 00 28 e8 31 00 00 40 06 97 84 0a 00 4e 69 0a 00
[  636.358052] [soft_i][0x2df126ca4][03:51:30.134043] wlan: [0:I:WMA] 00000020: 98 b1 dc fe 91 df 84 f7 ef e3 d6 1a 01 95 50 10
[  636.358068] [soft_i][0x2df126dc9][03:51:30.134058] wlan: [0:I:WMA] 00000030: 17 ff e1 51 00 00 00 00 00 00 00 00
[  636.358155] [soft_i][0x2df12745e][03:51:30.134146] wlan: [0:I:WMA] wma_log_pkt_ipv4: Pkt_len: 40, src_port: 56574, dst_port: 37343
[  636.359480] cnss: Runtime resume status: 0
[  638.558209] cnss: Runtime suspend start
[  638.560122] [kworke][0x2e1978faa][03:51:32.336110] wlan: [1969:I:PMO] pmo_core_enable_wow_in_fw: drv wow is enabled
[  638.600648] cnss: Setting MHI state: SUSPEND(6)
[  638.600741] cnss: Suspending PCI link
[  638.600759] cnss: Use PCIe DRV suspend
[  638.609698] cnss: Runtime suspend status: 0
[  638.690037] [irq][0x2e1bd9e28][03:51:32.466012] wlan: [0:I:HIF] hif_wake_interrupt_handler: wake interrupt received on irq 326
[  638.690381] cnss: Runtime resume start
[  638.690487] cnss: Resuming PCI link
[  638.697011] cnss: Set PCI link status to: 2
[  638.697064] cnss: Setting MHI state: RESUME(7)
[  638.700052] [kworke][0x2e1c08e7d][03:51:32.476041] wlan: [1969:I:PMO] pmo_core_psoc_send_host_wakeup_ind_to_fw: Host wakeup indication sent to fw
[  638.710959] [soft_i][0x2e1c3c04c][03:51:32.486946] wlan: [0:I:WMA] WLAN triggered wakeup: BPF_ALLOW (39), vdev: 0 (STA)
[  638.711260] [soft_i][0x2e1c3d71e][03:51:32.487250] wlan: [0:I:WMA] wma_wake_event_packet: Wake event packet:
[  638.711287] [soft_i][0x2e1c3d926][03:51:32.487277] wlan: [0:I:WMA] 00000000: 96 ee 47 b4 b6 a4 00 e0 4c 68 03 8b 08 00 45 00
[  638.711305] [soft_i][0x2e1c3da89][03:51:32.487295] wlan: [0:I:WMA] 00000010: 00 28 76 66 00 00 40 06 09 50 0a 00 4e 69 0a 00
[  638.711323] [soft_i][0x2e1c3dbea][03:51:32.487314] wlan: [0:I:WMA] 00000020: 98 b1 dc fe 91 df 84 f7 ef e3 d6 1a 01 95 50 10
[  638.711341] [soft_i][0x2e1c3dd42][03:51:32.487332] wlan: [0:I:WMA] 00000030: 17 ff e1 51 00 00 00 00 00 00 00 00
[  638.711488] [soft_i][0x2e1c3e842][03:51:32.487478] wlan: [0:I:WMA] wma_log_pkt_ipv4: Pkt_len: 40, src_port: 56574, dst_port: 37343
[  638.712396] cnss: Runtime resume status: 0
[  639.310789] cnss: Runtime suspend start
[  639.313309] [kworke][0x2e2743864][03:51:33.089294] wlan: [1969:I:PMO] pmo_core_enable_wow_in_fw: drv wow is enabled
[  639.350693] cnss: Setting MHI state: SUSPEND(6)
[  639.350782] cnss: Suspending PCI link
[  639.350799] cnss: Use PCIe DRV suspend
[  639.357552] cnss: Runtime suspend status: 0
[  639.506298] [irq][0x2e2acc1a2][03:51:33.282271] wlan: [0:I:HIF] hif_wake_interrupt_handler: wake interrupt received on irq 326
[  639.506573] cnss: Runtime resume start
[  639.506675] cnss: Resuming PCI link
[  639.511129] cnss: Set PCI link status to: 2
[  639.511185] cnss: Setting MHI state: RESUME(7)
[  639.517676] [kworke][0x2e2b01830][03:51:33.293664] wlan: [1969:I:PMO] pmo_core_psoc_send_host_wakeup_ind_to_fw: Host wakeup indication sent to fw
[  639.533282] [soft_i][0x2e2b4aa46][03:51:33.309266] wlan: [0:I:WMA] WLAN triggered wakeup: BPF_ALLOW (39), vdev: 0 (STA)
[  639.533756] [soft_i][0x2e2b4ce50][03:51:33.309746] wlan: [0:I:WMA] wma_wake_event_packet: Wake event packet:
[  639.533782] [soft_i][0x2e2b4d05b][03:51:33.309773] wlan: [0:I:WMA] 00000000: ff ff ff ff ff ff 3c 22 7f 49 3f 33 08 00 45 00
[  639.533798] [soft_i][0x2e2b4d18b][03:51:33.309789] wlan: [0:I:WMA] 00000010: 01 bc 8a bb 40 00 40 11 57 87 0a 00 4c ef ff ff
[  639.533815] [soft_i][0x2e2b4d2cc][03:51:33.309805] wlan: [0:I:WMA] 00000020: ff ff 07 e5 07 e5 01 a8 24 8b 4e 4f 54 49 46 59
[  639.533829] [soft_i][0x2e2b4d3ef][03:51:33.309821] wlan: [0:I:WMA] 00000030: 20 2a 20 48 54 54 50 2f 31 2e 31 0d 0a 48 6f 73
[  639.533843] [soft_i][0x2e2b4d4f5][03:51:33.309834] wlan: [0:I:WMA] 00000040: 74 3a 20 32 33 39 2e 32 35 35 2e 32 35 35 2e 32
[  639.533858] [soft_i][0x2e2b4d617][03:51:33.309849] wlan: [0:I:WMA] 00000050: 35 30 3a 31 39 39 30 0d 0a 53 65 72 76 65 72 3a
[  639.533872] [soft_i][0x2e2b4d729][03:51:33.309864] wlan: [0:I:WMA] 00000060: 20 55 50 6e 50 2f 31 2e 30 0d 0a 4c 6f 63 61 74
[  639.533886] [soft_i][0x2e2b4d82f][03:51:33.309877] wlan: [0:I:WMA] 00000070: 69 6f 6e 3a 20 31 30 2e 30 2e 37 36 2e 32 33 39
[  639.533900] [soft_i][0x2e2b4d939][03:51:33.309891] wlan: [0:I:WMA] 00000080: 0d 0a 4e 54 3a 20 75 72 6e 3a 62 61 6d 62 75 6c
[  639.533914] [soft_i][0x2e2b4da37][03:51:33.309904] wlan: [0:I:WMA] 00000090: 61 62 2d 63
[  639.534009] [soft_i][0x2e2b4e169][03:51:33.310000] wlan: [0:I:WMA] wma_log_pkt_ipv4: Pkt_len: 444, src_port: 2021, dst_port: 2021
[  639.535312] cnss: Runtime resume status: 0
[  641.746992] cnss: Runtime suspend start
[  641.748562] [kworke][0x2e53dac9a][03:51:35.524550] wlan: [1969:I:PMO] pmo_core_enable_wow_in_fw: drv wow is enabled
[  641.789268] cnss: Setting MHI state: SUSPEND(6)
[  641.789517] cnss: Suspending PCI link
[  641.789541] cnss: Use PCIe DRV suspend
[  641.798656] cnss: Runtime suspend status: 0
[  641.974296] [irq][0x2e57fcd3d][03:51:35.750267] wlan: [0:I:HIF] hif_wake_interrupt_handler: wake interrupt received on irq 326
[  641.975274] cnss: Runtime resume start
[  641.975385] cnss: Resuming PCI link
[  641.980554] cnss: Set PCI link status to: 2
[  641.980602] cnss: Setting MHI state: RESUME(7)
[  641.982419] [kworke][0x2e5822ff8][03:51:35.758408] wlan: [1969:I:PMO] pmo_core_psoc_send_host_wakeup_ind_to_fw: Host wakeup indication sent to fw
[  641.993892] [soft_i][0x2e5858c43][03:51:35.769879] wlan: [0:I:WMA] WLAN triggered wakeup: BPF_ALLOW (39), vdev: 0 (STA)
[  641.994293] [soft_i][0x2e585aa95][03:51:35.770283] wlan: [0:I:WMA] wma_wake_event_packet: Wake event packet:
[  641.994321] [soft_i][0x2e585acb7][03:51:35.770311] wlan: [0:I:WMA] 00000000: 96 ee 47 b4 b6 a4 00 e0 4c 68 03 8b 08 00 45 00
[  641.994341] [soft_i][0x2e585ae3d][03:51:35.770331] wlan: [0:I:WMA] 00000010: 00 28 53 bb 00 00 40 06 2b fb 0a 00 4e 69 0a 00
[  641.994358] [soft_i][0x2e585af88][03:51:35.770349] wlan: [0:I:WMA] 00000020: 98 b1 dc fe 91 df 84 f7 ef e3 d6 1a 01 95 50 10
[  641.994376] [soft_i][0x2e585b0c6][03:51:35.770365] wlan: [0:I:WMA] 00000030: 17 ff e1 51 00 00 00 00 00 00 00 00
[  641.994483] [soft_i][0x2e585b8b7][03:51:35.770471] wlan: [0:I:WMA] wma_log_pkt_ipv4: Pkt_len: 40, src_port: 56574, dst_port: 37343
[  641.995813] cnss: Runtime resume status: 0
[  642.649394] audit: type=1400 audit(1789703496.420:2213): avc:  denied  { write } for  pid=2168 comm="CachedAppOptimi" dev="tmpfs" ino=3073 scontext=u:r:system_server:s0 tcontext=u:object_r:zygote_tmpfs:s0 tclass=file permissive=0
[  644.346157] (virq:irq_count)- GICv3:IPI(1):545194 GICv3:arch_timer(11):429701 GICv3:IPI(6):169964 GICv3:ufshcd(35):111600 GICv3:IPI(2):87472 GICv3:apps_rsc-drv-2(20):51192 GICv3:ipcc_0(37):18334 ipcc:glink-native-adsp(385):17063 ITS-MSI:pci0_wlan_ce_7(323):12646 GICv3:msm_drm(243):10233 
[  644.346301] (cpu:irq_count)- 0:424918 1:234360 2:236869 3:132896 4:126043 5:107366 6:114104 7:130708 
[  644.346352] (ipi:irq_count)- 0:545194 1:87472 2:0 3:0 4:0 5:169964 6:0 
[  644.529497] SELinux: avc:  denied  { find } for pid=2168 uid=1000 name=vendor.qti.hardware.servicetrackeraidl.IServicetracker/default scontext=u:r:system_server:s0 tcontext=u:object_r:default_android_service:s0 tclass=service_manager permissive=0
[  645.134151] cnss: Runtime suspend start
[  645.136133] [kworke][0x2e91e2080][03:51:38.912121] wlan: [1969:I:PMO] pmo_core_enable_wow_in_fw: drv wow is enabled
[  645.177200] cnss: Setting MHI state: SUSPEND(6)
[  645.177291] cnss: Suspending PCI link
[  645.177311] cnss: Use PCIe DRV suspend
[  645.186076] cnss: Runtime suspend status: 0
[  645.352009] [irq][0x2e95d5d84][03:51:39.127978] wlan: [0:I:HIF] hif_wake_interrupt_handler: wake interrupt received on irq 326
[  645.352984] cnss: Runtime resume start
[  645.353097] cnss: Resuming PCI link
[  645.359532] cnss: Set PCI link status to: 2
[  645.359588] cnss: Setting MHI state: RESUME(7)
[  645.360982] [kworke][0x2e9600029][03:51:39.136970] wlan: [1969:I:PMO] pmo_core_psoc_send_host_wakeup_ind_to_fw: Host wakeup indication sent to fw
[  645.372037] [soft_i][0x2e9633cef][03:51:39.148021] wlan: [0:I:WMA] WLAN triggered wakeup: BPF_ALLOW (39), vdev: 0 (STA)
[  645.372588] [soft_i][0x2e96366c4][03:51:39.148578] wlan: [0:I:WMA] wma_wake_event_packet: Wake event packet:
[  645.372614] [soft_i][0x2e96368b3][03:51:39.148604] wlan: [0:I:WMA] 00000000: 96 ee 47 b4 b6 a4 00 e0 4c 68 03 8b 08 00 45 00
[  645.372632] [soft_i][0x2e9636a10][03:51:39.148622] wlan: [0:I:WMA] 00000010: 00 28 c6 4c 00 00 40 06 b9 69 0a 00 4e 69 0a 00
[  645.372647] [soft_i][0x2e9636b36][03:51:39.148638] wlan: [0:I:WMA] 00000020: 98 b1 dc fe 91 df 84 f7 ef e3 d6 1a 01 95 50 10
[  645.372663] [soft_i][0x2e9636c5b][03:51:39.148653] wlan: [0:I:WMA] 00000030: 17 ff e1 51 00 00 00 00 00 00 00 00
[  645.372760] [soft_i][0x2e963739d][03:51:39.148750] wlan: [0:I:WMA] wma_log_pkt_ipv4: Pkt_len: 40, src_port: 56574, dst_port: 37343
[  645.376182] cnss: Runtime resume status: 0
[  647.192703] healthd: battery l=100 v=4315 t=35.0 h=2 st=5 c=0 fc=4493000 cc=10 chg=a
[  647.332259] cnss: Runtime suspend start
[  647.332975] [kworke][0x2eba1bbb8][03:51:41.108964] wlan: [1969:I:PMO] pmo_core_enable_wow_in_fw: drv wow is enabled
[  647.376584] cnss: Setting MHI state: SUSPEND(6)
[  647.376684] cnss: Suspending PCI link
[  647.376702] cnss: Use PCIe DRV suspend
[  647.386857] cnss: Runtime suspend status: 0
[  647.430140] cnss: Runtime resume start
[  647.430249] cnss: Resuming PCI link
[  647.435836] cnss: Set PCI link status to: 2
[  647.435874] cnss: Setting MHI state: RESUME(7)
[  647.440588] [kworke][0x2ebc142ab][03:51:41.216577] wlan: [1969:I:PMO] pmo_core_psoc_send_host_wakeup_ind_to_fw: Host wakeup indication sent to fw
[  647.460096] cnss: Runtime resume status: 0
[  648.076890] cnss: Runtime suspend start
[  648.078666] [kworke][0x2ec7c3284][03:51:41.854655] wlan: [1969:I:PMO] pmo_core_enable_wow_in_fw: drv wow is enabled
[  648.118062] cnss: Setting MHI state: SUSPEND(6)
[  648.118153] cnss: Suspending PCI link
[  648.118169] cnss: Use PCIe DRV suspend
[  648.126096] cnss: Runtime suspend status: 0
[  648.156062] cnss: Runtime resume start
[  648.156114] cnss: Resuming PCI link
[  648.162684] cnss: Set PCI link status to: 2
[  648.162721] cnss: Setting MHI state: RESUME(7)
[  648.163671] [kworke][0x2ec9519ec][03:51:41.939660] wlan: [907:I:PMO] pmo_core_psoc_send_host_wakeup_ind_to_fw: Host wakeup indication sent to fw
[  648.174114] cnss: Runtime resume status: 0
[  649.773569] [kworke][0x2ee6cc00c][03:51:43.549555] wlan: [10:E:WMA] wma_process_rmf_frame: Rx unprotected unicast mgmt frame
[  649.773868] [schedu][0x2ee6cd504][03:51:43.549835] wlan: [5018:W:PE] lim_process_action_frame: Action category: 22 not handled
[  651.065959] SELinux: avc:  denied  { find } for pid=2168 uid=1000 name=vendor.qti.hardware.servicetrackeraidl.IServicetracker/default scontext=u:r:system_server:s0 tcontext=u:object_r:default_android_service:s0 tclass=service_manager permissive=0
[  651.071694] SELinux: avc:  denied  { find } for pid=2168 uid=1000 name=vendor.qti.hardware.servicetrackeraidl.IServicetracker/default scontext=u:r:system_server:s0 tcontext=u:object_r:default_android_service:s0 tclass=service_manager permissive=0
[  651.179654] audit: type=1400 audit(1789703504.952:2214): avc:  denied  { read } for  pid=9440 comm="binder:9440_6" name="u:object_r:usbeng_config_prop:s0" dev="tmpfs" ino=436 scontext=u:r:gmscore_app:s0:c512,c768 tcontext=u:object_r:usbeng_config_prop:s0 tclass=file permissive=0
[  651.180430] audit: type=1400 audit(1789703504.952:2215): avc:  denied  { read } for  pid=9440 comm="binder:9440_6" name="u:object_r:system_adbd_prop:s0" dev="tmpfs" ino=402 scontext=u:r:gmscore_app:s0:c512,c768 tcontext=u:object_r:system_adbd_prop:s0 tclass=file permissive=0
[  651.180483] audit: type=1400 audit(1789703504.952:2216): avc:  denied  { read } for  pid=9440 comm="binder:9440_6" name="u:object_r:adbd_prop:s0" dev="tmpfs" ino=113 scontext=u:r:gmscore_app:s0:c512,c768 tcontext=u:object_r:adbd_prop:s0 tclass=file permissive=0
[  651.214382] SELinux: avc:  denied  { find } for pid=2168 uid=1000 name=vendor.qti.hardware.servicetrackeraidl.IServicetracker/default scontext=u:r:system_server:s0 tcontext=u:object_r:default_android_service:s0 tclass=service_manager permissive=0
[  651.216198] SELinux: avc:  denied  { find } for pid=2168 uid=1000 name=vendor.qti.hardware.servicetrackeraidl.IServicetracker/default scontext=u:r:system_server:s0 tcontext=u:object_r:default_android_service:s0 tclass=service_manager permissive=0
[  651.228876] SELinux: avc:  denied  { find } for pid=2168 uid=1000 name=vendor.qti.hardware.servicetrackeraidl.IServicetracker/default scontext=u:r:system_server:s0 tcontext=u:object_r:default_android_service:s0 tclass=service_manager permissive=0
[  651.230219] SELinux: avc:  denied  { find } for pid=2168 uid=1000 name=vendor.qti.hardware.servicetrackeraidl.IServicetracker/default scontext=u:r:system_server:s0 tcontext=u:object_r:default_android_service:s0 tclass=service_manager permissive=0
[  651.247759] SELinux: avc:  denied  { find } for pid=2168 uid=1000 name=vendor.qti.hardware.servicetrackeraidl.IServicetracker/default scontext=u:r:system_server:s0 tcontext=u:object_r:default_android_service:s0 tclass=service_manager permissive=0
[  651.981232] servicemanager: Caller(pid=2168,uid=1000,sid=u:r:system_server:s0) Since 'artd' could not be found trying to start it as a lazy AIDL service. (if it's not configured to be a lazy service, it may be stuck starting or still starting).
[  651.983838] init: starting service 'artd'...
[  651.987257] SELinux: avc:  denied  { find } for pid=2168 uid=1000 name=vendor.qti.hardware.servicetrackeraidl.IServicetracker/default scontext=u:r:system_server:s0 tcontext=u:object_r:default_android_service:s0 tclass=service_manager permissive=0
[  651.988721] KernelSU: hook_manager: unmark 1973 exec /apex/com.android.art/bin/artd
[  651.989166] init: ... started service 'artd' has pid 1973
[  651.989201] init: Control message: Processed ctl.interface_start for 'aidl/artd' from pid: 1002 (/system/bin/servicemanager)
[  651.991956] init: Untracked pid 22570 received signal 9
[  651.991979] init: Untracked pid 22570 did not have an associated service entry and will not be reaped
[  651.992065] init: Untracked pid 701 exited with status 0
[  651.992073] init: Untracked pid 701 did not have an associated service entry and will not be reaped
[  652.012250] servicemanager: Notifying artd they do (previously: don't) have clients when service is guaranteed to be in use
[  652.052714] KernelSU: packages.list detected: 128
[  652.200785] audit: type=1400 audit(1789703505.972:2217): avc:  denied  { read } for  pid=2168 comm="pool-51-thread-" name="u:object_r:build_bootimage_prop:s0" dev="tmpfs" ino=143 scontext=u:r:system_server:s0 tcontext=u:object_r:build_bootimage_prop:s0 tclass=file permissive=0
[  652.203772] KernelSU: handle_setresuid from 0 to 1000
[  652.204070] audit: type=1400 audit(1789703505.976:2218): avc:  denied  { read } for  pid=1994 comm="main" name="u:object_r:adbd_config_prop:s0" dev="tmpfs" ino=112 scontext=u:r:system_app:s0 tcontext=u:object_r:device:s0 tclass=file permissive=0
[  652.206683] audit: type=1400 audit(1789703505.980:2219): avc:  denied  { read } for  pid=1994 comm="main" name="u:object_r:shell_prop:s0" dev="tmpfs" ino=383 scontext=u:r:system_app:s0 tcontext=u:object_r:device:s0 tclass=file permissive=0
[  652.245086] KernelSU: newfstatat su->ksud!
[  652.245131] KernelSU: faccessat su->ksud!
[  652.246257] KernelSU: sys_execve su found
[  652.246278] KernelSU: Already root, don't escape!
[  652.292433] audit: type=1400 audit(1789703506.064:2220): avc:  denied  { read } for  pid=2168 comm="pool-51-thread-" name="u:object_r:build_bootimage_prop:s0" dev="tmpfs" ino=143 scontext=u:r:system_server:s0 tcontext=u:object_r:build_bootimage_prop:s0 tclass=file permissive=0
[  652.334843] binder: 2168:3904 transaction async to 5093:0 failed 368891/29201/-28, code 1 size 1208392-8 line 3400
[  652.669276] init: processing action (vendor.crashdump.packageinfo=true) from (/system_ext/etc/init/nativedumper.rc:9)
[  652.669453] init: starting service 'nd_abx2xml_exec'...
[  652.676453] init: ... started service 'nd_abx2xml_exec' has pid 2026
[  652.676479] KernelSU: hook_manager: unmark 2026 exec /system/bin/sh
[  652.834351] audit: audit_lost=1211 audit_rate_limit=5 audit_backlog_limit=128
[  652.834357] audit: rate limit exceeded
[  652.835376] audit: type=1400 audit(1789703506.608:2221): avc:  denied  { read } for  pid=2026 comm="main" name="u:object_r:build_attestation_prop:s0" dev="tmpfs" ino=142 scontext=u:r:nativedumper:s0 tcontext=u:object_r:build_attestation_prop:s0 tclass=file permissive=0
[  653.151742] KernelSU: handle_setresuid from 0 to 10432
[  653.156305] KernelSU: handle_setresuid from 0 to 10306
[  653.817662] (virq:irq_count)- GICv3:IPI(1):556813 GICv3:arch_timer(11):435841 GICv3:IPI(6):174592 GICv3:ufshcd(35):115093 GICv3:IPI(2):89775 GICv3:apps_rsc-drv-2(20):52338 GICv3:ipcc_0(37):18642 ipcc:glink-native-adsp(385):17451 ITS-MSI:pci0_wlan_ce_7(323):13037 GICv3:msm_drm(243):10277 
[  653.817693] (cpu:irq_count)- 0:431914 1:239911 2:246714 3:135537 4:128449 5:109283 6:116431 7:131684 
[  653.817702] (ipi:irq_count)- 0:556815 1:89775 2:0 3:0 4:0 5:174592 6:0 
[  655.329059] [soft_i][0x2f4c855cb][03:51:49.105045] wlan: [0:E:REGULATORY] reg_is_fcc_regdmn: Failed to get reg domain
[  655.981535] cnss: Runtime suspend start
[  655.982162] [kworke][0x2f587acf1][03:51:49.758154] wlan: [907:I:PMO] pmo_core_enable_wow_in_fw: drv wow is enabled
[  656.022255] [kworke][0x2f5936b74][03:51:49.798241] wlan: [907:I:HIF] hif_try_complete_tasks: waiting for tasklets 1 grp tasklets 0 work 0
[  656.037573] cnss: Setting MHI state: SUSPEND(6)
[  656.037640] cnss: Suspending PCI link
[  656.037655] cnss: Use PCIe DRV suspend
[  656.044866] cnss: Runtime suspend status: 0
[  656.104844] cnss: Runtime resume start
[  656.104904] cnss: Resuming PCI link
[  656.111765] cnss: Set PCI link status to: 2
[  656.111796] cnss: Setting MHI state: RESUME(7)
[  656.116261] [kworke][0x2f5aef634][03:51:49.892251] wlan: [1969:I:PMO] pmo_core_psoc_send_host_wakeup_ind_to_fw: Host wakeup indication sent to fw
[  656.135401] cnss: Runtime resume status: 0
[  656.243154] SELinux: avc:  denied  { find } for pid=2168 uid=1000 name=vendor.qti.hardware.servicetrackeraidl.IServicetracker/default scontext=u:r:system_server:s0 tcontext=u:object_r:default_android_service:s0 tclass=service_manager permissive=0
[  656.246101] SELinux: avc:  denied  { find } for pid=2168 uid=1000 name=vendor.qti.hardware.servicetrackeraidl.IServicetracker/default scontext=u:r:system_server:s0 tcontext=u:object_r:default_android_service:s0 tclass=service_manager permissive=0
[  656.463801] [soft_i][0x2f614c7b9][03:51:50.239791] wlan: [0:E:REGULATORY] reg_freq_to_chan_for_chlist: invalid frequency 5945
[  656.464188] [soft_i][0x2f614e4de][03:51:50.240180] wlan: [0:E:REGULATORY] reg_is_fcc_regdmn: Failed to get reg domain
[  656.574560] SELinux: avc:  denied  { find } for pid=2168 uid=1000 name=vendor.qti.hardware.servicetrackeraidl.IServicetracker/default scontext=u:r:system_server:s0 tcontext=u:object_r:default_android_service:s0 tclass=service_manager permissive=0
[  656.708982] SELinux: avc:  denied  { find } for pid=2168 uid=1000 name=vendor.qti.hardware.servicetrackeraidl.IServicetracker/default scontext=u:r:system_server:s0 tcontext=u:object_r:default_android_service:s0 tclass=service_manager permissive=0
[  656.756692] SELinux: avc:  denied  { find } for pid=2168 uid=1000 name=vendor.qti.hardware.servicetrackeraidl.IServicetracker/default scontext=u:r:system_server:s0 tcontext=u:object_r:default_android_service:s0 tclass=service_manager permissive=0
[  656.757549] SELinux: avc:  denied  { find } for pid=2168 uid=1000 name=vendor.qti.hardware.servicetrackeraidl.IServicetracker/default scontext=u:r:system_server:s0 tcontext=u:object_r:default_android_service:s0 tclass=service_manager permissive=0
[  657.852675] SELinux: avc:  denied  { find } for pid=2168 uid=1000 name=vendor.qti.hardware.servicetrackeraidl.IServicetracker/default scontext=u:r:system_server:s0 tcontext=u:object_r:default_android_service:s0 tclass=service_manager permissive=0
[  657.858292] SELinux: avc:  denied  { find } for pid=2168 uid=1000 name=vendor.qti.hardware.servicetrackeraidl.IServicetracker/default scontext=u:r:system_server:s0 tcontext=u:object_r:default_android_service:s0 tclass=service_manager permissive=0
[  658.412371] SELinux: avc:  denied  { find } for pid=2168 uid=1000 name=vendor.qti.hardware.servicetrackeraidl.IServicetracker/default scontext=u:r:system_server:s0 tcontext=u:object_r:default_android_service:s0 tclass=service_manager permissive=0
[  658.423993] SELinux: avc:  denied  { find } for pid=2168 uid=1000 name=vendor.qti.hardware.servicetrackeraidl.IServicetracker/default scontext=u:r:system_server:s0 tcontext=u:object_r:default_android_service:s0 tclass=service_manager permissive=0
[  659.170532] [soft_i][0x2f92dc431][03:51:52.946517] wlan: [0:E:REGULATORY] reg_is_fcc_regdmn: Failed to get reg domain
[  660.399172] cnss: Runtime suspend start
[  660.400861] [kworke][0x2fa96370a][03:51:54.176849] wlan: [1969:I:PMO] pmo_core_enable_wow_in_fw: drv wow is enabled
[  660.438032] [kworke][0x2faa11b3e][03:51:54.214025] wlan: [1969:I:HIF] hif_try_complete_tasks: waiting for tasklets 0 grp tasklets 0 work 2
[  660.457502] cnss: Setting MHI state: SUSPEND(6)
[  660.457542] cnss: Suspending PCI link
[  660.457559] cnss: Use PCIe DRV suspend
[  660.463110] cnss: Runtime suspend status: 0
[  660.719507] cnss: Resuming PCI link
[  660.724122] cnss: Set PCI link status to: 2
[  660.724166] cnss: Setting MHI state: RESUME(7)
[  660.745986] cnss: Setting MHI state: SUSPEND(6)
[  660.750017] cnss: Suspending PCI link
[  660.750039] cnss: Use PCIe DRV suspend
[  660.772946] cnss: Runtime resume start
[  660.772992] cnss: Resuming PCI link
[  660.777885] cnss: Set PCI link status to: 2
[  660.777910] cnss: Setting MHI state: RESUME(7)
[  660.782192] [kworke][0x2fb05ef44][03:51:54.558185] wlan: [907:I:PMO] pmo_core_psoc_send_host_wakeup_ind_to_fw: Host wakeup indication sent to fw
[  660.798213] cnss: Runtime resume status: 0
[  661.779171] cnss: Runtime suspend start
[  661.779832] [kworke][0x2fc2a3613][03:51:55.555822] wlan: [907:I:PMO] pmo_core_enable_wow_in_fw: drv wow is enabled
[  661.821669] [kworke][0x2fc367766][03:51:55.597653] wlan: [907:I:HIF] hif_try_complete_tasks: waiting for tasklets 1 grp tasklets 0 work 0
[  661.837557] cnss: Setting MHI state: SUSPEND(6)
[  661.837618] cnss: Suspending PCI link
[  661.837633] cnss: Use PCIe DRV suspend
[  661.846917] cnss: Runtime suspend status: 0
[  662.247217] [irq][0x2fcb3225a][03:51:56.023188] wlan: [0:I:HIF] hif_wake_interrupt_handler: wake interrupt received on irq 326
[  662.248352] cnss: Runtime resume start
[  662.248455] cnss: Resuming PCI link
[  662.253127] cnss: Set PCI link status to: 2
[  662.253175] cnss: Setting MHI state: RESUME(7)
[  662.254284] [kworke][0x2fcb53606][03:51:56.030275] wlan: [1969:I:PMO] pmo_core_psoc_send_host_wakeup_ind_to_fw: Host wakeup indication sent to fw
[  662.264578] [soft_i][0x2fcb83a0c][03:51:56.040569] wlan: [0:I:WMA] WLAN triggered wakeup: BPF_ALLOW (39), vdev: 0 (STA)
[  662.264762] [soft_i][0x2fcb847ec][03:51:56.040754] wlan: [0:I:WMA] wma_wake_event_packet: Wake event packet:
[  662.264779] [soft_i][0x2fcb84936][03:51:56.040771] wlan: [0:I:WMA] 00000000: 96 ee 47 b4 b6 a4 00 e0 4c 68 03 8b 08 00 45 00
[  662.264790] [soft_i][0x2fcb84a13][03:51:56.040782] wlan: [0:I:WMA] 00000010: 00 28 be bb 00 00 40 06 c0 fa 0a 00 4e 69 0a 00
[  662.264801] [soft_i][0x2fcb84adb][03:51:56.040793] wlan: [0:I:WMA] 00000020: 98 b1 dc fe 91 df 88 e5 fc aa d6 1a 22 05 50 10
[  662.264810] [soft_i][0x2fcb84b9f][03:51:56.040803] wlan: [0:I:WMA] 00000030: 17 ff b0 2c 00 00 00 00 00 00 00 00
[  662.264880] [soft_i][0x2fcb850cc][03:51:56.040872] wlan: [0:I:WMA] wma_log_pkt_ipv4: Pkt_len: 40, src_port: 56574, dst_port: 37343
[  662.265287] cnss: Runtime resume status: 0
[  662.290174] SELinux: avc:  denied  { find } for pid=2168 uid=1000 name=vendor.qti.hardware.servicetrackeraidl.IServicetracker/default scontext=u:r:system_server:s0 tcontext=u:object_r:default_android_service:s0 tclass=service_manager permissive=0
[  662.292564] SELinux: avc:  denied  { find } for pid=2168 uid=1000 name=vendor.qti.hardware.servicetrackeraidl.IServicetracker/default scontext=u:r:system_server:s0 tcontext=u:object_r:default_android_service:s0 tclass=service_manager permissive=0
[  662.339336] binder_cleanup_transaction: 34 callbacks suppressed
[  662.339356] binder: undelivered transaction 366937, process died.
[  662.339372] binder: undelivered transaction 367414, process died.
[  662.340209] binder: undelivered transaction 366780, process died.
[  662.343728] SELinux: avc:  denied  { find } for pid=2168 uid=1000 name=vendor.qti.hardware.servicetrackeraidl.IServicetracker/default scontext=u:r:system_server:s0 tcontext=u:object_r:default_android_service:s0 tclass=service_manager permissive=0
[  662.808569] SELinux: avc:  denied  { find } for pid=2168 uid=1000 name=vendor.qti.hardware.servicetrackeraidl.IServicetracker/default scontext=u:r:system_server:s0 tcontext=u:object_r:default_android_service:s0 tclass=service_manager permissive=0
[  662.839303] SELinux: avc:  denied  { find } for pid=2168 uid=1000 name=vendor.qti.hardware.servicetrackeraidl.IServicetracker/default scontext=u:r:system_server:s0 tcontext=u:object_r:default_android_service:s0 tclass=service_manager permissive=0
[  662.840421] SELinux: avc:  denied  { find } for pid=2168 uid=1000 name=vendor.qti.hardware.servicetrackeraidl.IServicetracker/default scontext=u:r:system_server:s0 tcontext=u:object_r:default_android_service:s0 tclass=service_manager permissive=0
[  662.863355] SELinux: avc:  denied  { find } for pid=2168 uid=1000 name=vendor.qti.hardware.servicetrackeraidl.IServicetracker/default scontext=u:r:system_server:s0 tcontext=u:object_r:default_android_service:s0 tclass=service_manager permissive=0
[  662.864380] SELinux: avc:  denied  { find } for pid=2168 uid=1000 name=vendor.qti.hardware.servicetrackeraidl.IServicetracker/default scontext=u:r:system_server:s0 tcontext=u:object_r:default_android_service:s0 tclass=service_manager permissive=0
[  662.874025] SELinux: avc:  denied  { find } for pid=2168 uid=1000 name=vendor.qti.hardware.servicetrackeraidl.IServicetracker/default scontext=u:r:system_server:s0 tcontext=u:object_r:default_android_service:s0 tclass=service_manager permissive=0
[  662.874557] kauditd_printk_skb: 6 callbacks suppressed
[  662.874562] audit: type=1400 audit(1789703516.648:2233): avc:  denied  { write } for  pid=2168 comm="CachedAppOptimi" dev="tmpfs" ino=3073 scontext=u:r:system_server:s0 tcontext=u:object_r:zygote_tmpfs:s0 tclass=file permissive=0
[  662.877899] SELinux: avc:  denied  { find } for pid=2168 uid=1000 name=vendor.qti.hardware.servicetrackeraidl.IServicetracker/default scontext=u:r:system_server:s0 tcontext=u:object_r:default_android_service:s0 tclass=service_manager permissive=0
[  663.292070] (virq:irq_count)- GICv3:IPI(1):563441 GICv3:arch_timer(11):441586 GICv3:IPI(6):176599 GICv3:ufshcd(35):116348 GICv3:IPI(2):90414 GICv3:apps_rsc-drv-2(20):53147 GICv3:ipcc_0(37):18695 ipcc:glink-native-adsp(385):17506 ITS-MSI:pci0_wlan_ce_7(323):13245 GICv3:msm_drm(243):10279 
[  663.292196] (cpu:irq_count)- 0:438196 1:243823 2:251184 3:136930 4:129216 5:109941 6:116987 7:131698 
[  663.292241] (ipi:irq_count)- 0:563442 1:90414 2:0 3:0 4:0 5:176599 6:0 
[  663.646050] audit: type=1400 audit(1789703517.420:2234): avc:  denied  { write } for  pid=2168 comm="CachedAppOptimi" dev="tmpfs" ino=3073 scontext=u:r:system_server:s0 tcontext=u:object_r:zygote_tmpfs:s0 tclass=file permissive=0
[  665.103271] cnss: Runtime suspend start
[  665.103792] [kworke][0x2fff8071f][03:51:58.879783] wlan: [1969:I:PMO] pmo_core_enable_wow_in_fw: drv wow is enabled
[  665.141982] cnss: Setting MHI state: SUSPEND(6)
[  665.142066] cnss: Suspending PCI link
[  665.142085] cnss: Use PCIe DRV suspend
[  665.148784] cnss: Runtime suspend status: 0
[  665.314464] [irq][0x30035bdc5][03:51:59.090435] wlan: [0:I:HIF] hif_wake_interrupt_handler: wake interrupt received on irq 326
[  665.315524] cnss: Runtime resume start
[  665.315639] cnss: Resuming PCI link
[  665.320628] cnss: Set PCI link status to: 2
[  665.320674] cnss: Setting MHI state: RESUME(7)
[  665.325846] [kworke][0x300391508][03:51:59.101835] wlan: [1969:I:PMO] pmo_core_psoc_send_host_wakeup_ind_to_fw: Host wakeup indication sent to fw
[  665.343317] [soft_i][0x3003e3333][03:51:59.119304] wlan: [0:I:WMA] WLAN triggered wakeup: BPF_ALLOW (39), vdev: 0 (STA)
[  665.343532] [soft_i][0x3003e43a5][03:51:59.119523] wlan: [0:I:WMA] wma_wake_event_packet: Wake event packet:
[  665.343555] [soft_i][0x3003e4555][03:51:59.119546] wlan: [0:I:WMA] 00000000: 01 00 5e 00 00 fb a0 36 9f 1e 5a 84 08 00 45 00
[  665.343569] [soft_i][0x3003e4667][03:51:59.119560] wlan: [0:I:WMA] 00000010: 01 74 48 a8 40 00 ff 11 46 d4 0a 00 00 01 e0 00
[  665.343581] [soft_i][0x3003e475a][03:51:59.119573] wlan: [0:I:WMA] 00000020: 00 fb 14 e9 14 e9 01 60 d5 07 00 00 84 00 00 00
[  665.343614] [soft_i][0x3003e4858][03:51:59.119586] wlan: [0:I:WMA] 00000030: 00 03 00 00 00 04 01 31 01 30 01 30 01 30 01 30
[  665.343629] [soft_i][0x3003e4aed][03:51:59.119620] wlan: [0:I:WMA] 00000040: 01 30 01 30 01 30 01 30 01 30 01 30 01 30 01 30
[  665.343643] [soft_i][0x3003e4c03][03:51:59.119635] wlan: [0:I:WMA] 00000050: 01 30 01 30 01 30 01 30 01 30 01 30 01 46 01 38
[  665.343657] [soft_i][0x3003e4cfb][03:51:59.119648] wlan: [0:I:WMA] 00000060: 01 35 01 36 01 35 01 30 01 37 01 39 01 31 01 31
[  665.343670] [soft_i][0x3003e4dfc][03:51:59.119661] wlan: [0:I:WMA] 00000070: 01 30 01 30 01 32 03 69 70 36 04 61 72 70 61 00
[  665.343683] [soft_i][0x3003e4ef5][03:51:59.119674] wlan: [0:I:WMA] 00000080: 00 0c 80 01 00 00 11 94 00 11 09 4f 70 65 6e 57
[  665.343695] [soft_i][0x3003e4fe5][03:51:59.119687] wlan: [0:I:WMA] 00000090: 72 74 2d 35
[  665.343781] [soft_i][0x3003e5656][03:51:59.119773] wlan: [0:I:WMA] wma_log_pkt_ipv4: Pkt_len: 372, src_port: 5353, dst_port: 5353
[  665.344877] cnss: Runtime resume status: 0
[  667.815890] SELinux: avc:  denied  { find } for pid=2168 uid=1000 name=vendor.qti.hardware.servicetrackeraidl.IServicetracker/default scontext=u:r:system_server:s0 tcontext=u:object_r:default_android_service:s0 tclass=service_manager permissive=0
[  667.820351] SELinux: avc:  denied  { find } for pid=2168 uid=1000 name=vendor.qti.hardware.servicetrackeraidl.IServicetracker/default scontext=u:r:system_server:s0 tcontext=u:object_r:default_android_service:s0 tclass=service_manager permissive=0
[  667.824974] SELinux: avc:  denied  { find } for pid=2168 uid=1000 name=vendor.qti.hardware.servicetrackeraidl.IServicetracker/default scontext=u:r:system_server:s0 tcontext=u:object_r:default_android_service:s0 tclass=service_manager permissive=0
[  667.826371] SELinux: avc:  denied  { find } for pid=2168 uid=1000 name=vendor.qti.hardware.servicetrackeraidl.IServicetracker/default scontext=u:r:system_server:s0 tcontext=u:object_r:default_android_service:s0 tclass=service_manager permissive=0
[  667.828241] SELinux: avc:  denied  { find } for pid=2168 uid=1000 name=vendor.qti.hardware.servicetrackeraidl.IServicetracker/default scontext=u:r:system_server:s0 tcontext=u:object_r:default_android_service:s0 tclass=service_manager permissive=0
[  667.829665] SELinux: avc:  denied  { find } for pid=2168 uid=1000 name=vendor.qti.hardware.servicetrackeraidl.IServicetracker/default scontext=u:r:system_server:s0 tcontext=u:object_r:default_android_service:s0 tclass=service_manager permissive=0
[  667.833755] SELinux: avc:  denied  { find } for pid=2168 uid=1000 name=vendor.qti.hardware.servicetrackeraidl.IServicetracker/default scontext=u:r:system_server:s0 tcontext=u:object_r:default_android_service:s0 tclass=service_manager permissive=0
[  667.867001] SELinux: avc:  denied  { find } for pid=2168 uid=1000 name=vendor.qti.hardware.servicetrackeraidl.IServicetracker/default scontext=u:r:system_server:s0 tcontext=u:object_r:default_android_service:s0 tclass=service_manager permissive=0
[  667.881089] SELinux: avc:  denied  { find } for pid=2168 uid=1000 name=vendor.qti.hardware.servicetrackeraidl.IServicetracker/default scontext=u:r:system_server:s0 tcontext=u:object_r:default_android_service:s0 tclass=service_manager permissive=0
[  667.911355] SELinux: avc:  denied  { find } for pid=2168 uid=1000 name=vendor.qti.hardware.servicetrackeraidl.IServicetracker/default scontext=u:r:system_server:s0 tcontext=u:object_r:default_android_service:s0 tclass=service_manager permissive=0
[  669.785886] healthd: battery l=100 v=4315 t=35.0 h=2 st=5 c=0 fc=4493000 cc=10 chg=a
[  670.946012] cnss: Runtime suspend start
[  670.947414] [kworke][0x306a8069d][03:52:04.723403] wlan: [1969:I:PMO] pmo_core_enable_wow_in_fw: drv wow is enabled
[  670.989270] cnss: Setting MHI state: SUSPEND(6)
[  670.989616] cnss: Suspending PCI link
[  670.989638] cnss: Use PCIe DRV suspend
[  670.998970] cnss: Runtime suspend status: 0
[  671.152036] [irq][0x306e3f794][03:52:04.928005] wlan: [0:I:HIF] hif_wake_interrupt_handler: wake interrupt received on irq 326
[  671.153055] cnss: Runtime resume start
[  671.153171] cnss: Resuming PCI link
[  671.158903] cnss: Set PCI link status to: 2
[  671.158953] cnss: Setting MHI state: RESUME(7)
[  671.160932] [kworke][0x306e69483][03:52:04.936922] wlan: [1969:I:PMO] pmo_core_psoc_send_host_wakeup_ind_to_fw: Host wakeup indication sent to fw
[  671.172832] [soft_i][0x306ea1091][03:52:04.948816] wlan: [0:I:WMA] WLAN triggered wakeup: BPF_ALLOW (39), vdev: 0 (STA)
[  671.173210] [soft_i][0x306ea2d7b][03:52:04.949201] wlan: [0:I:WMA] wma_wake_event_packet: Wake event packet:
[  671.173231] [soft_i][0x306ea2f25][03:52:04.949223] wlan: [0:I:WMA] 00000000: ff ff ff ff ff ff a0 92 08 a6 b0 79 08 00 45 00
[  671.173246] [soft_i][0x306ea302f][03:52:04.949237] wlan: [0:I:WMA] 00000010: 00 e8 40 5f 00 00 ff 11 a4 11 0a 00 cc 94 ff ff
[  671.173258] [soft_i][0x306ea312f][03:52:04.949250] wlan: [0:I:WMA] 00000020: ff ff e9 4f 1a 0b 00 d4 50 9b 00 00 55 aa 00 00
[  671.173305] [soft_i][0x306ea320a][03:52:04.949262] wlan: [0:I:WMA] 00000030: 00 00 00 00 00 23 00 00 00 bc 00 00 00 00 d3 0b
[  671.173426] [soft_i][0x306ea35b5][03:52:04.949311] wlan: [0:I:WMA] 00000040: 75 0c 21 64 a6 16 fa 0d 92 0b 5c 6d e4 52 e3 35
[  671.173489] [soft_i][0x306ea3f00][03:52:04.949435] wlan: [0:I:WMA] 00000050: c3 e4 46 a7 8a 27 b0 52 0a ff 07 99 9f 37 2a fa
[  671.173505] [soft_i][0x306ea4389][03:52:04.949495] wlan: [0:I:WMA] 00000060: 32 86 c0 12 9f 69 89 ff 81 c3 c4 bd af 0a 47 03
[  671.173517] [soft_i][0x306ea4489][03:52:04.949508] wlan: [0:I:WMA] 00000070: 0b c2 7b 4a a2 9a 2b 0f 40 fb 99 d3 e4 93 c2 fb
[  671.173528] [soft_i][0x306ea4562][03:52:04.949520] wlan: [0:I:WMA] 00000080: 84 59 b1 15 5f c7 5d 4b f6 69 9f 92 cb a4 c0 ba
[  671.173540] [soft_i][0x306ea4640][03:52:04.949531] wlan: [0:I:WMA] 00000090: 52 01 48 04
[  671.173625] [soft_i][0x306ea4ca6][03:52:04.949617] wlan: [0:I:WMA] wma_log_pkt_ipv4: Pkt_len: 232, src_port: 59727, dst_port: 6667
[  671.175013] cnss: Runtime resume status: 0
[  671.784698] cnss: Runtime suspend start
[  671.786321] [kworke][0x3079dccad][03:52:05.562310] wlan: [1969:I:PMO] pmo_core_enable_wow_in_fw: drv wow is enabled
[  671.828043] cnss: Setting MHI state: SUSPEND(6)
[  671.828130] cnss: Suspending PCI link
[  671.828151] cnss: Use PCIe DRV suspend
[  671.835246] cnss: Runtime suspend status: 0
[  671.867271] [irq][0x307b582fa][03:52:05.643249] wlan: [0:I:HIF] hif_wake_interrupt_handler: wake interrupt received on irq 326
[  671.868228] cnss: Runtime resume start
[  671.869183] cnss: Resuming PCI link
[  671.874115] cnss: Set PCI link status to: 2
[  671.874166] cnss: Setting MHI state: RESUME(7)
[  671.875529] [kworke][0x307b7ef2c][03:52:05.651517] wlan: [1969:I:PMO] pmo_core_psoc_send_host_wakeup_ind_to_fw: Host wakeup indication sent to fw
[  671.893212] [soft_i][0x307bd1c6e][03:52:05.669189] wlan: [0:I:WMA] WLAN triggered wakeup: BPF_ALLOW (39), vdev: 0 (STA)
[  671.893722] [soft_i][0x307bd43c7][03:52:05.669712] wlan: [0:I:WMA] wma_wake_event_packet: Wake event packet:
[  671.893816] [soft_i][0x307bd45c9][03:52:05.669739] wlan: [0:I:WMA] 00000000: 01 00 5e 00 00 fb a0 36 9f 1e 5a 84 08 00 45 00
[  671.893840] [soft_i][0x307bd4c96][03:52:05.669830] wlan: [0:I:WMA] 00000010: 00 87 49 c3 40 00 ff 11 46 a6 0a 00 00 01 e0 00
[  671.893859] [soft_i][0x307bd4e18][03:52:05.669849] wlan: [0:I:WMA] 00000020: 00 fb 14 e9 14 e9 00 73 4a a1 00 00 84 00 00 00
[  671.893876] [soft_i][0x307bd4f59][03:52:05.669866] wlan: [0:I:WMA] 00000030: 00 03 00 00 00 00 01 31 01 30 01 30 02 31 30 07
[  671.893893] [soft_i][0x307bd50a4][03:52:05.669883] wlan: [0:I:WMA] 00000040: 69 6e 2d 61 64 64 72 04 61 72 70 61 00 00 0c 80
[  671.893911] [soft_i][0x307bd51f5][03:52:05.669901] wlan: [0:I:WMA] 00000050: 01 00 00 00 78 00 15 0d 4f 70 65 6e 57 72 74 2d
[  671.893929] [soft_i][0x307bd5340][03:52:05.669918] wlan: [0:I:WMA] 00000060: 32 36 37 32 34 05 6c 6f 63 61 6c 00 c0 2d 00 0d
[  671.893946] [soft_i][0x307bd54a3][03:52:05.669937] wlan: [0:I:WMA] 00000070: 80 01 00 00 00 78 00 0d 06 58 38 36 5f 36 34 05
[  671.893963] [soft_i][0x307bd55f0][03:52:05.669954] wlan: [0:I:WMA] 00000080: 4c 49 4e 55 58 c0 2d 00 01 80 01 00 00 00 78 00
[  671.893980] [soft_i][0x307bd572c][03:52:05.669970] wlan: [0:I:WMA] 00000090: 04 0a 00 00
[  671.894085] [soft_i][0x307bd5f16][03:52:05.670076] wlan: [0:I:WMA] wma_log_pkt_ipv4: Pkt_len: 135, src_port: 5353, dst_port: 5353
[  671.896567] cnss: Runtime resume status: 0
[  672.325855] audit: type=1400 audit(1789703526.100:2235): avc:  denied  { write } for  pid=2168 comm="CachedAppOptimi" dev="tmpfs" ino=3073 scontext=u:r:system_server:s0 tcontext=u:object_r:zygote_tmpfs:s0 tclass=file permissive=0
[  672.765839] (virq:irq_count)- GICv3:IPI(1):566430 GICv3:arch_timer(11):444655 GICv3:IPI(6):177572 GICv3:ufshcd(35):116526 GICv3:IPI(2):90646 GICv3:apps_rsc-drv-2(20):53962 GICv3:ipcc_0(37):18814 ipcc:glink-native-adsp(385):17636 ITS-MSI:pci0_wlan_ce_7(323):13382 GICv3:msm_drm(243):10338 
[  672.765987] (cpu:irq_count)- 0:441709 1:246405 2:253969 3:137102 4:129276 5:109992 6:117003 7:131698 
[  672.766036] (ipi:irq_count)- 0:566430 1:90647 2:0 3:0 4:0 5:177572 6:0 
[  674.172504] cnss: Runtime suspend start
[  674.173227] [kworke][0x30a591697][03:52:07.949216] wlan: [13926:I:PMO] pmo_core_enable_wow_in_fw: drv wow is enabled
[  674.218430] cnss: Setting MHI state: SUSPEND(6)
[  674.218517] cnss: Suspending PCI link
[  674.218535] cnss: Use PCIe DRV suspend
[  674.227574] cnss: Runtime suspend status: 0
[  674.633949] [irq][0x30ae00ef5][03:52:08.409917] wlan: [0:I:HIF] hif_wake_interrupt_handler: wake interrupt received on irq 326
[  674.634788] cnss: Runtime resume start
[  674.634900] cnss: Resuming PCI link
[  674.640926] cnss: Set PCI link status to: 2
[  674.640978] cnss: Setting MHI state: RESUME(7)
[  674.643274] [kworke][0x30ae2cc18][03:52:08.419263] wlan: [13926:I:PMO] pmo_core_psoc_send_host_wakeup_ind_to_fw: Host wakeup indication sent to fw
[  674.654002] [soft_i][0x30ae5f06e][03:52:08.429988] wlan: [0:I:WMA] WLAN triggered wakeup: BPF_ALLOW (39), vdev: 0 (STA)
[  674.654269] [soft_i][0x30ae604ca][03:52:08.430259] wlan: [0:I:WMA] wma_wake_event_packet: Wake event packet:
[  674.654296] [soft_i][0x30ae606d5][03:52:08.430286] wlan: [0:I:WMA] 00000000: ff ff ff ff ff ff 3c 22 7f 49 3f 33 08 00 45 00
[  674.654315] [soft_i][0x30ae60835][03:52:08.430304] wlan: [0:I:WMA] 00000010: 01 bc dd 9a 40 00 40 11 04 a8 0a 00 4c ef ff ff
[  674.654332] [soft_i][0x30ae60989][03:52:08.430322] wlan: [0:I:WMA] 00000020: ff ff 07 e5 07 e5 01 a8 24 8b 4e 4f 54 49 46 59
[  674.654392] [soft_i][0x30ae60ace][03:52:08.430339] wlan: [0:I:WMA] 00000030: 20 2a 20 48 54 54 50 2f 31 2e 31 0d 0a 48 6f 73
[  674.654412] [soft_i][0x30ae60f87][03:52:08.430402] wlan: [0:I:WMA] 00000040: 74 3a 20 32 33 39 2e 32 35 35 2e 32 35 35 2e 32
[  674.654429] [soft_i][0x30ae610d6][03:52:08.430419] wlan: [0:I:WMA] 00000050: 35 30 3a 31 39 39 30 0d 0a 53 65 72 76 65 72 3a
[  674.654447] [soft_i][0x30ae61227][03:52:08.430437] wlan: [0:I:WMA] 00000060: 20 55 50 6e 50 2f 31 2e 30 0d 0a 4c 6f 63 61 74
[  674.654464] [soft_i][0x30ae6136e][03:52:08.430454] wlan: [0:I:WMA] 00000070: 69 6f 6e 3a 20 31 30 2e 30 2e 37 36 2e 32 33 39
[  674.654480] [soft_i][0x30ae614a9][03:52:08.430470] wlan: [0:I:WMA] 00000080: 0d 0a 4e 54 3a 20 75 72 6e 3a 62 61 6d 62 75 6c
[  674.654497] [soft_i][0x30ae615fa][03:52:08.430488] wlan: [0:I:WMA] 00000090: 61 62 2d 63
[  674.654600] [soft_i][0x30ae61da1][03:52:08.430590] wlan: [0:I:WMA] wma_log_pkt_ipv4: Pkt_len: 444, src_port: 2021, dst_port: 2021
[  674.655550] cnss: Runtime resume status: 0
[  675.847934] cnss: Runtime suspend start
[  675.848466] [kworke][0x30c43e1a8][03:52:09.624457] wlan: [13926:I:PMO] pmo_core_enable_wow_in_fw: drv wow is enabled
[  675.886145] cnss: Runtime suspend status: 0
[  675.886198] cnss: Runtime resume start
[  675.886849] [kworke][0x30c4f206e][03:52:09.662840] wlan: [13926:I:PMO] pmo_core_psoc_send_host_wakeup_ind_to_fw: Host wakeup indication sent to fw
[  675.897041] cnss: Runtime resume status: 0
[  675.984051] audit: type=1400 audit(1789703529.756:2236): avc:  denied  { read } for  pid=851 comm="weishu.kernelsu" name="u:object_r:vendor_display_prop:s0" dev="tmpfs" ino=488 scontext=u:r:untrusted_app:s0:c245,c257,c512,c768 tcontext=u:object_r:vendor_display_prop:s0 tclass=file permissive=0
[  676.501655] audit: type=1400 audit(1789703530.276:2237): avc:  denied  { read } for  pid=851 comm="weishu.kernelsu" name="u:object_r:vendor_display_prop:s0" dev="tmpfs" ino=488 scontext=u:r:untrusted_app:s0:c245,c257,c512,c768 tcontext=u:object_r:vendor_display_prop:s0 tclass=file permissive=0
[  676.985672] cnss: Runtime suspend start
[  676.986180] [kworke][0x30d91323d][03:52:10.762171] wlan: [13926:I:PMO] pmo_core_enable_wow_in_fw: drv wow is enabled
[  677.027290] [kworke][0x30d9d3d76][03:52:10.803281] wlan: [13926:I:HIF] hif_try_complete_tasks: waiting for tasklets 0 grp tasklets 0 work 2
[  677.041454] cnss: Setting MHI state: SUSPEND(6)
[  677.041483] cnss: Suspending PCI link
[  677.041493] cnss: Use PCIe DRV suspend
[  677.047510] cnss: Runtime suspend status: 0
[  677.088516] [irq][0x30daf2c1c][03:52:10.864491] wlan: [0:I:HIF] hif_wake_interrupt_handler: wake interrupt received on irq 326
[  677.088872] cnss: Runtime resume start
[  677.088943] cnss: Resuming PCI link
[  677.091874] cnss: Set PCI link status to: 2
[  677.091913] cnss: Setting MHI state: RESUME(7)
[  677.092752] [kworke][0x30db06b21][03:52:10.868743] wlan: [13926:I:PMO] pmo_core_psoc_send_host_wakeup_ind_to_fw: Host wakeup indication sent to fw
[  677.103114] [soft_i][0x30db37443][03:52:10.879105] wlan: [0:I:WMA] WLAN triggered wakeup: BPF_ALLOW (39), vdev: 0 (STA)
[  677.103317] [soft_i][0x30db3839d][03:52:10.879309] wlan: [0:I:WMA] wma_wake_event_packet: Wake event packet:
[  677.103335] [soft_i][0x30db38500][03:52:10.879328] wlan: [0:I:WMA] 00000000: 96 ee 47 b4 b6 a4 00 e0 4c 68 03 8b 08 00 45 00
[  677.103345] [soft_i][0x30db385bc][03:52:10.879338] wlan: [0:I:WMA] 00000010: 00 28 88 eb 00 00 40 06 f6 ca 0a 00 4e 69 0a 00
[  677.103369] [soft_i][0x30db38666][03:52:10.879347] wlan: [0:I:WMA] 00000020: 98 b1 dc fe 91 df 88 e5 fc d8 d6 1a 22 55 50 10
[  677.103379] [soft_i][0x30db38848][03:52:10.879372] wlan: [0:I:WMA] 00000030: 17 ff af ae 00 00 00 00 00 00 00 00
[  677.103435] [soft_i][0x30db38c84][03:52:10.879428] wlan: [0:I:WMA] wma_log_pkt_ipv4: Pkt_len: 40, src_port: 56574, dst_port: 37343
[  677.104095] cnss: Runtime resume status: 0
[  677.635237] audit: type=1400 audit(1789703531.408:2238): avc:  denied  { read } for  pid=4273 comm="ndroid.systemui" name="u:object_r:bluetooth_prop:s0" dev="tmpfs" ino=132 scontext=u:r:platform_app:s0:c512,c768 tcontext=u:object_r:bluetooth_prop:s0 tclass=file permissive=0
[  677.636356] init: processing action (sys.shutdown.requested=*) from (/vendor/etc/init/hw/init.qcom.rc:688)
[  677.639383] cnss: Received shutdown notification
[  677.639864] init: Sending signal 9 to service 'cnss-daemon' (pid 2332) process group...
[  677.647877] libprocessgroup: Removed cgroup /sys/fs/cgroup/uid_1000/pid_2332
[  677.648874] cnss_plat: cnss_plat_ipc_qmi_disconnect_cb: QMI client disconnect. QMI Socket Node:1 Port:16529 ID: 1
[  677.648905] cnss: CNSS Daemon disconnected
[  677.648967] init: Service 'cnss-daemon' (pid 2332) received signal 9
[  677.648986] init: Sending signal 9 to service 'cnss-daemon' (pid 2332) process group...
[  677.649077] libprocessgroup: Failed to write 1 to /sys/fs/cgroup/uid_1000/pid_2332/cgroup.kill: No such file or directory
[  677.649115] libprocessgroup: Failed to open /sys/fs/cgroup/uid_1000/pid_2332/cgroup.procs: No such file or directory
[  677.650518] init: processing action (sys.shutdown.requested=*) from (/vendor/etc/init/hw/init.target.rc:188)
[  677.651790] qcom rproc: Device shutdown requested: true
[  677.652030] init: Sending signal 9 to service 'vendor.per_proxy' (pid 2134) process group...
[  677.655092] libprocessgroup: Removed cgroup /sys/fs/cgroup/uid_1000/pid_2134
[  677.677187] audit: type=1400 audit(1789703531.448:2239): avc:  denied  { read } for  pid=4273 comm="ndroid.systemui" name="u:object_r:vendor_display_prop:s0" dev="tmpfs" ino=488 scontext=u:r:platform_app:s0:c512,c768 tcontext=u:object_r:vendor_display_prop:s0 tclass=file permissive=0
[  677.688860] SELinux: avc:  denied  { find } for pid=2168 uid=1000 name=vendor.qti.hardware.servicetrackeraidl.IServicetracker/default scontext=u:r:system_server:s0 tcontext=u:object_r:default_android_service:s0 tclass=service_manager permissive=0
[  677.695633] SELinux: avc:  denied  { find } for pid=2168 uid=1000 name=vendor.qti.hardware.servicetrackeraidl.IServicetracker/default scontext=u:r:system_server:s0 tcontext=u:object_r:default_android_service:s0 tclass=service_manager permissive=0
[  677.697416] healthd: battery l=100 v=4315 t=34.0 h=2 st=5 c=0 fc=4493000 cc=10 chg=a
[  677.704278] SELinux: avc:  denied  { find } for pid=2168 uid=1000 name=vendor.qti.hardware.servicetrackeraidl.IServicetracker/default scontext=u:r:system_server:s0 tcontext=u:object_r:default_android_service:s0 tclass=service_manager permissive=0
[  677.728770] audit: audit_lost=1216 audit_rate_limit=5 audit_backlog_limit=128
[  677.728778] audit: rate limit exceeded
[  677.728996] audit: type=1400 audit(1789703531.500:2240): avc:  denied  { read } for  pid=1419 comm="binder:1419_8" name="1789051494_10227_175713611" dev="dm-54" ino=162630 scontext=u:r:statsd:s0 tcontext=u:object_r:unlabeled:s0 tclass=file permissive=0
[  677.729012] audit: type=1400 audit(1789703531.500:2241): avc:  denied  { read } for  pid=1419 comm="binder:1419_8" name="1789269543_10227_175713611" dev="dm-54" ino=124176 scontext=u:r:statsd:s0 tcontext=u:object_r:unlabeled:s0 tclass=file permissive=0
[  677.729018] audit: type=1400 audit(1789703531.500:2242): avc:  denied  { read } for  pid=1419 comm="binder:1419_8" name="1789051699_10227_175713611" dev="dm-54" ino=164660 scontext=u:r:statsd:s0 tcontext=u:object_r:unlabeled:s0 tclass=file permissive=0
[  677.729024] audit: type=1400 audit(1789703531.500:2243): avc:  denied  { read } for  pid=1419 comm="binder:1419_8" name="1789056549_10227_175713611" dev="dm-54" ino=179578 scontext=u:r:statsd:s0 tcontext=u:object_r:unlabeled:s0 tclass=file permissive=0
[  677.729030] audit: type=1400 audit(1789703531.500:2244): avc:  denied  { read } for  pid=1419 comm="binder:1419_8" name="1789063427_10227_175713611" dev="dm-54" ino=182716 scontext=u:r:statsd:s0 tcontext=u:object_r:unlabeled:s0 tclass=file permissive=0
[  677.759993] charge_service: Sending idd event for ChargerInsertionRemoval
[  677.899690] SELinux: avc:  denied  { find } for pid=2168 uid=1000 name=vendor.qti.hardware.servicetrackeraidl.IServicetracker/default scontext=u:r:system_server:s0 tcontext=u:object_r:default_android_service:s0 tclass=service_manager permissive=0
[  677.911936] SELinux: avc:  denied  { find } for pid=2168 uid=1000 name=vendor.qti.hardware.servicetrackeraidl.IServicetracker/default scontext=u:r:system_server:s0 tcontext=u:object_r:default_android_service:s0 tclass=service_manager permissive=0
[  677.917137] KernelSU: handle_setresuid from 0 to 10323
[  677.923925] SELinux: avc:  denied  { find } for pid=2168 uid=1000 name=vendor.qti.hardware.servicetrackeraidl.IServicetracker/default scontext=u:r:system_server:s0 tcontext=u:object_r:default_android_service:s0 tclass=service_manager permissive=0
[  677.924292] SELinux: avc:  denied  { find } for pid=2168 uid=1000 name=vendor.qti.hardware.servicetrackeraidl.IServicetracker/default scontext=u:r:system_server:s0 tcontext=u:object_r:default_android_service:s0 tclass=service_manager permissive=0
[  677.924955] SELinux: avc:  denied  { find } for pid=2168 uid=1000 name=vendor.qti.hardware.servicetrackeraidl.IServicetracker/default scontext=u:r:system_server:s0 tcontext=u:object_r:default_android_service:s0 tclass=service_manager permissive=0
[  677.928912] SELinux: avc:  denied  { find } for pid=2168 uid=1000 name=vendor.qti.hardware.servicetrackeraidl.IServicetracker/default scontext=u:r:system_server:s0 tcontext=u:object_r:default_android_service:s0 tclass=service_manager permissive=0
[  677.941130] SELinux: avc:  denied  { find } for pid=2168 uid=1000 name=vendor.qti.hardware.servicetrackeraidl.IServicetracker/default scontext=u:r:system_server:s0 tcontext=u:object_r:default_android_service:s0 tclass=service_manager permissive=0
[  678.109159] bt_ioctl: BT_CMD_PWR_CTRL pwr_cntrl: 0
[  678.209577] BT-OFF:bt-reset-gpio(382) value(0)
[  678.209595] BT-OFF:bt-sw-ctrl-gpio(383) value(1)
[  678.209599] bt_configure_gpios: bt_gpio= 382 on: 0
[  678.521023] binder: undelivered transaction 368847, process died.
[  678.521282] binder: undelivered transaction 366936, process died.
[  678.521290] binder: undelivered transaction 367413, process died.
[  678.521636] binder: undelivered transaction 366779, process died.
[  678.521643] binder: undelivered transaction 368773, process died.
[  678.723891] KernelSU: hook_manager: unmark 2696 exec /system/bin/idmap2d
[  678.942075] adsprpc: fastrpc_restart_notifier_cb: mpss subsystem is restarting
[  678.942088] ipa-wan ipa3_lcl_mdm_ssr_notifier_cb:3960 IPA received MPSS BEFORE_SHUTDOWN
[  678.942098] ipa ipa3_send_msg:537 wlan_msg_process failed
[  678.948604] ipa-wan ipa3_wwan_remove:3719 rmnet_ipa started deinitialization
[  678.948620] rmnet_ctl driver removed
[  678.958148] gsi soc:qcom,msm_gsi: gsi_stop_channel:3615 chan=1 busy try again
[  678.970872] ipa-wan ipa3_wwan_remove:3787 rmnet_ipa completed deinitialization
[  678.972324] ipa ipa3_odl_pipe_cleanup:483 adpl pipe not configured
[  678.972340] ipa-wan ipa3_lcl_mdm_ssr_notifier_cb:3979 IPA BEFORE_SHUTDOWN handling is complete
[  678.972352] qcom_q6v5_pas 4080000.remoteproc-mss: Incrementing tid for modem to 1
[  679.079729] KernelSU: handle_setresuid from 0 to 10237
[  679.080058] audit: type=1400 audit(1789703532.852:2323): avc:  denied  { read } for  pid=2754 comm="main" name="u:object_r:adbd_config_prop:s0" dev="tmpfs" ino=112 scontext=u:r:priv_app:s0:c512,c768 tcontext=u:object_r:device:s0 tclass=file permissive=0
[  679.145688] gsi soc:qcom,msm_gsi: gsi_stop_channel:3615 chan=14 busy try again
[  679.522698] rmt_storage:INFO:rmt_storage_rw_iovec_cb: Write iovec request (req_h 0x8 wr_count 2) received for /boot/modem_fs1
[  679.523084] rmt_storage:INFO:rmt_storage_client_thread: Calling Write [offset=0, size=2621440, req_h 0x8, wr_count 2] for /boot/modem_fs1!
[  679.532444] rmt_storage:INFO:rmt_storage_client_thread: Done Write (bytes = 2621440, req_h 0x8, wr_count 2) for /boot/modem_fs1!
[  679.535112] coresight-remote-etm soc:modem2_etm0: Connection disconnected between QMI handle and 11 service
[  679.535121] coresight-remote-etm soc:modem_etm0: Connection disconnected between QMI handle and 2 service
[  679.535524] [glink_pkt_poll]: DS channel in reset
[  679.535539] cnss: COEX server exit
[  679.536056] cnss: IMS server exit
[  679.536128] cnss: QMI DMS service disconnected, state: 0xec30107
[  679.536333] cnss: QMI DMS Server Exit
[  679.536754] qcom-scm: qcom_scm_pas_shutdown_retry: PAS Shutdown: First call to shutdown failed with error: -22
[  679.557317] KernelSU: hook_manager: unmark 2991 exec /vendor/bin/ims_rtp_daemon
[  679.559379] DFC QMAP exit
[  679.677472] qcom-scm: qcom_scm_pas_shutdown_retry: PAS Shutdown: Attempting to shutdown peripheral 1 time(s)
[  679.678679] adsprpc: fastrpc_restart_notifier_cb: received RAMDUMP notification for mpss
[  679.678684] ipa-wan ipa3_lcl_mdm_ssr_notifier_cb:3997 IPA Received MPSS AFTER_SHUTDOWN
[  679.678687] ipa-wan ipa3_lcl_mdm_ssr_notifier_cb:4001 rmnet_ipa unregister_netdev
[  679.678799] ipa-wan __ipa_wwan_close:1371 [rmnet_ipa0]: ipa3_deregister_intf failed -22
[  679.698131] DATARMNET6e31e62d2e(): Uninitializing on device rmnet_data5
[  679.698274] rmnet_shs deinit rmnet_data5 going down 
[  679.700937] [kworke][0x310ac893b][03:52:13.476931] wlan: [10:E:WMA] wma_process_rmf_frame: Rx unprotected unicast mgmt frame
[  679.700983] [schedu][0x310ac8cb0][03:52:13.476977] wlan: [5018:W:PE] lim_process_action_frame: Action category: 22 not handled
[  679.706404] DATARMNET7dec24813e(): Uninitializing on device rmnet_data5
[  679.755032] binder: 4062:4951 transaction call to 0:0 failed 394657/29189/-22, code 5 size 56-0 line 3220
[  679.755323] binder: 4062:4952 transaction call to 0:0 failed 394659/29189/-22, code 5 size 56-0 line 3220
[  679.755589] KernelSU: hook_manager: unmark 3019 exec /vendor/bin/imsdaemon
[  679.763248] ipa-wan ipa3_lcl_mdm_ssr_notifier_cb:4015 IPA AFTER_SHUTDOWN handling is complete
[  679.764240] remoteproc remoteproc3: stopped remote processor 4080000.remoteproc-mss
[  679.771204] gsi soc:qcom,msm_gsi: gsi_stop_channel:3615 chan=14 busy try again
[  679.849763] KernelSU: hook_manager: unmark 3041 exec /system/bin/blank_screen
[  679.861449] [wpa_su][0x310db8fa2][03:52:13.637443] wlan: [5033:I:OSIF] osif_cm_disconnect_sync: vdevid-0: Received Disconnect reason:3 REASON_DEAUTH_NETWORK_LEAVING
[  679.861810] [wpa_su][0x310dbaac1][03:52:13.637805] wlan: [5033:E:SME] sme_qos_delete_existing_flows: Flow List empty, nothing to delete
[  679.861905] [schedu][0x310dbb1d1][03:52:13.637899] wlan: [5018:I:PE] Deauth TX: vdev 0 seq_num 2054 reason 3 waitForAck 1 to 18:fd:74:fe:34:a4 from 96:ee:47:b4:b6:a4
[  679.879599] [schedu][0x310e0e0ec][03:52:13.655594] wlan: [5018:W:WMA] wma_wait_tx_complete: Waiting for outstanding packet to drain
[  679.893223] binder: undelivered death notification, b400006f7837c140
[  679.895949] [soft_i][0x310e5ab0c][03:52:13.671942] wlan: [0:E:REGULATORY] reg_is_fcc_regdmn: Failed to get reg domain
[  679.897956] smcinvoke: process_tzcb_req: server is defunct, state= 1 tzhandle = -2147483593
[  679.897974] smcinvoke: process_tzcb_req: server invalid, res: -90
[  679.902057] [soft_i][0x310e77523][03:52:13.678050] wlan: [0:F:DP] dp_peer_update_state: Invalid state shift from 2 to 4 peer 18:fd:74:fe:34:a4
[  679.902210] smcinvoke: process_tzcb_req: server is defunct, state= 1 tzhandle = -2147483580
[  679.902217] smcinvoke: process_tzcb_req: server invalid, res: -90
[  679.903359] [schedu][0x310e7d6e9][03:52:13.679353] wlan: [5018:E:WMA] wma_sr_update: Spatial Reuse disabled for vdev_id: 0
[  679.903519] [schedu][0x310e7e2e2][03:52:13.679513] wlan: [5018:I:OSIF] wlan0(vdevid-0): 96:ee:47:b4:b6:a4 locally-generated disconnect 18:fd:74:fe:34:a4 cm_id 0xd000002 source 5 reason:3 REASON_DEAUTH_NETWORK_LEAVING vendor:0 
[  679.903534] [schedu][0x310e7e411][03:52:13.679529] wlan: [5018:E:HDD] __hdd_stop_tsf_sync: Host Target sync has not initialized
[  679.904303] [kworke][0x310e81dc0][03:52:13.680298] wlan: [3207:E:OSIF] osif_twt_concurrency_update_handler: Unexpected number of connections: 0
[  679.911732] smcinvoke: process_tzcb_req: server is defunct, state= 1 tzhandle = -2147483562
[  679.911755] smcinvoke: process_tzcb_req: server invalid, res: -90
[  679.911981] smcinvoke: process_tzcb_req: server is defunct, state= 1 tzhandle = -2147483564
[  679.911991] smcinvoke: process_tzcb_req: server invalid, res: -90
[  679.912129] smcinvoke: process_tzcb_req: server is defunct, state= 1 tzhandle = -2147483557
[  679.912138] smcinvoke: process_tzcb_req: server invalid, res: -90
[  679.919688] binder: undelivered death notification, b400007c78af9740
[  679.920851] smcinvoke: process_tzcb_req: server is defunct, state= 1 tzhandle = -2147483606
[  679.920860] smcinvoke: process_tzcb_req: server invalid, res: -90
[  679.924283] smcinvoke: process_tzcb_req: server is defunct, state= 1 tzhandle = -2147483556
[  679.924293] smcinvoke: process_tzcb_req: server invalid, res: -90
[  679.930882] printk: android.hardwar: 10 output lines suppressed due to ratelimiting
[  679.943959] smcinvoke: process_tzcb_req: server is defunct, state= 1 tzhandle = -2147483607
[  679.943970] smcinvoke: process_tzcb_req: server invalid, res: -90
[  679.944729] smcinvoke: process_tzcb_req: server is defunct, state= 1 tzhandle = -2147483609
[  679.944732] smcinvoke: process_tzcb_req: server invalid, res: -90
[  679.953294] smcinvoke: process_tzcb_req: server is defunct, state= 1 tzhandle = -2147483620
[  679.953307] smcinvoke: process_tzcb_req: server invalid, res: -90
[  679.953579] gunyah: Wait for VM_STATUS 9 interrupted
[  679.954945] smcinvoke: process_tzcb_req: server is defunct, state= 1 tzhandle = -2147483619
[  679.954952] smcinvoke: process_tzcb_req: server invalid, res: -90
[  679.954959] [EGISFP] egisfp_release 
[  679.954961] [EGISFP] egisfp_release : egis_dev->users == 0 
[  679.954962] [EGISFP] egisfp_platformfree : enter 
[  679.954964] [EGISFP] egisfp_interrupt_enable : disable 
[  679.954981] [EGISFP] do_egisfp_reset_set : reset_high_low = 0 
[  679.954997] [EGISFP] do_egisfp_reset_set : reset_pin value = 0 
[  679.955004] [EGISFP] egisfp_platformfree : devm_regulator_put 
[  679.955114] [EGISFP] egisfp_platformfree : devm_pinctrl_put 
[  679.955144] [EGISFP] egisfp_platformfree : successful status = 0 
[  679.956523] smcinvoke: process_tzcb_req: server is defunct, state= 1 tzhandle = -2147483621
[  679.956529] smcinvoke: process_tzcb_req: server invalid, res: -90
[  679.957868] lxs_ts 4-0028: Before: Powerdown
[  679.957872] lxs_ts 4-0028: start@679.928553281
[  679.957874] lxs_ts 4-0028: lxs_ts_suspend: start
[  679.957878] lxs_ts 4-0028: lxs_ts_watchdog_stop
[  679.957879] lxs_ts 4-0028: lxs_hal_touch_mode: state 1(0), lcd 0(1, 1, 0), c 0x1(0)
[  679.957882] lxs_ts 4-0028: SW82907 suspend touch: knock 1, prox 0, sleep 1
[  679.958586] lxs_ts 4-0028: driving quirk - stop(0x0C03, 0x4)
[  679.962697] smcinvoke: process_tzcb_req: server is defunct, state= 1 tzhandle = -2147483622
[  679.962708] smcinvoke: process_tzcb_req: server invalid, res: -90
[  679.962797] smcinvoke: process_tzcb_req: server is defunct, state= 1 tzhandle = -2147483623
[  679.962800] smcinvoke: process_tzcb_req: server invalid, res: -90
[  679.962875] smcinvoke: process_tzcb_req: server is defunct, state= 1 tzhandle = -2147483624
[  679.962879] smcinvoke: process_tzcb_req: server invalid, res: -90
[  679.962944] smcinvoke: process_tzcb_req: server is defunct, state= 1 tzhandle = -2147483625
[  679.962948] smcinvoke: process_tzcb_req: server invalid, res: -90
[  679.963013] smcinvoke: process_tzcb_req: server is defunct, state= 1 tzhandle = -2147483626
[  679.963015] smcinvoke: process_tzcb_req: server invalid, res: -90
[  679.963116] smcinvoke: process_tzcb_req: server is defunct, state= 1 tzhandle = -2147483627
[  679.963118] smcinvoke: process_tzcb_req: server invalid, res: -90
[  679.963183] smcinvoke: process_tzcb_req: server is defunct, state= 1 tzhandle = -2147483628
[  679.963185] smcinvoke: process_tzcb_req: server invalid, res: -90
[  679.963251] smcinvoke: process_tzcb_req: server is defunct, state= 1 tzhandle = -2147483629
[  679.963253] smcinvoke: process_tzcb_req: server invalid, res: -90
[  679.963318] smcinvoke: process_tzcb_req: server is defunct, state= 1 tzhandle = -2147483630
[  679.963320] smcinvoke: process_tzcb_req: server invalid, res: -90
[  679.963400] smcinvoke: process_tzcb_req: server is defunct, state= 1 tzhandle = -2147483631
[  679.963402] smcinvoke: process_tzcb_req: server invalid, res: -90
[  679.963644] gh_rm_call: Reply for seq:7 failed with RM err: 5
[  679.963646] gh_rm_vm_stop: VM_STOP failed with err: 5
[  679.963649] gunyah: Failed to stop the VM:50 ret 5
[  679.966737] binder: release 2583:2583 transaction 379198 out, still active
[  679.966741] binder: undelivered TRANSACTION_COMPLETE
[  679.967925] gh_rm_call: Reply for seq:8 failed with RM err: 5
[  679.967933] gh_rm_vm_stop: VM_STOP failed with err: 5
[  679.967936] gunyah: Failed to stop the VM:50 ret 5
[  679.967939] gunyah: VM:50 force stop has failed
[  679.972541] gh_proxy_sched: Skip unpopulating VCPU affinity info for VM=50
[  679.972547] gh_proxy_sched: Skip unpopulating VCPU affinity info for VM=50
[  679.972548] gh_proxy_sched: Skip unpopulating VCPU affinity info for VM=50
[  679.972549] gh_proxy_sched: Skip unpopulating VCPU affinity info for VM=50
[  679.972550] gh_proxy_sched: Skip unpopulating VCPU affinity info for VM=50
[  679.972551] gh_proxy_sched: Skip unpopulating VCPU affinity info for VM=50
[  679.972552] gh_proxy_sched: Skip unpopulating VCPU affinity info for VM=50
[  679.972553] gh_proxy_sched: Skip unpopulating VCPU affinity info for VM=50
[  679.972554] gh_proxy_sched: Proxy Scheduling isn't supported for VM=50
[  679.977814] gh_rm_call: Reply for seq:10 failed with RM err: -1
[  679.977824] gh_rm_vm_reset: VM_RESET failed with err: -1
[  679.977827] gunyah: Reset is unsuccessful for VM:50
[  679.982748] gh_rm_call: Reply for seq:11 failed with RM err: 11
[  679.982758] gh_rm_mem_release_helper failed with err: -22
[  679.982762] gunyah: Failed to reclaim memory for 50, -22
[  679.992975] batched_hyp_assign: Failed to assign memory protection, ret = -22
[  679.992978] gunyah: Failed to reclaim mem VMID: 50: -99
[  679.993387] lxs_ts 4-0028: display frame rate: 0
[  679.993674] lxs_ts 4-0028: touch frame rate: 6
[  679.993943] lxs_ts 4-0028: current driving mode is LP
[  679.994207] lxs_ts 4-0028: TC Driving[0C03h] wr 0x1
[  679.995113] binder: undelivered death notification, b400007ca25da8d0
[  679.999557] gh_rm_call: Reply for seq:12 failed with RM err: -1
[  679.999571] gh_rm_vm_dealloc_vmid: VM_DEALLOCATE failed with err: -1
[  679.999575] gunyah: Failed to dealloc VMID: 50: -1
[  680.003288] binder: undelivered transaction 960, process died.
[  680.018777] binder: release 1001:1001 transaction 395054 out, still active
[  680.018785] binder: undelivered TRANSACTION_COMPLETE
[  680.033876] lxs_ts 4-0028: command done: mode 0, running_sts 02h
[  680.033885] lxs_ts 4-0028: SW82907 suspend touch(0): lcd_mode 0, driving_mode 0
[  680.033907] lxs_ts 4-0028: lxs_ts_suspend: end
[  680.033909] lxs_ts 4-0028: end@680.4590000
[  680.034953] lxs_ts 4-0028: [1] TC Driving OK
[  680.177228] CAM_WARN: CAM-CRM: cam_req_mgr_close: 204 release invoked associated userspace process has died, open_cnt: 1
[  680.186444] binder: 1003:1003 transaction reply to 0:0 failed 395057/29189/0, code 0 size 8-0 line 3151
[  680.186466] binder: send failed reply for transaction 395054, target dead
[  680.196674] binder: undelivered death notification, b400007491f500a0
[  680.196682] binder: undelivered death notification, b400007491f4fde0
[  680.196684] binder: undelivered death notification, b400007491f50fc0
[  680.202821] binder: undelivered transaction 395056, process died.
[  680.202832] binder: undelivered transaction 395055, process died.
[  680.203813] binder: undelivered transaction 394933, process died.
[  680.203820] binder: undelivered transaction 394936, process died.
[  680.204485] binder: undelivered death notification, b400007491f37760
[  680.205227] binder: undelivered 