------ LAST KMSG (/sys/fs/pstore/console-ramoops-0) ------
[    0.000000][    T0] Linux version 5.15.189-android13-8-00016-g51bba4309aac-ab14546557 (build-user@build-host) (Android (8508608, based on r450784e) clang version 14.0.7 (https://android.googlesource.com/toolchain/llvm-project 4c603efb0cca074e9238af8b4106c30add4418f6), LLD 14.0.7) #1 SMP PREEMPT Fri Dec 5 10:55:34 UTC 2025
[    0.000000][    T0] random: crng init done
[    0.000000][    T0] KVM is not available. Ignoring kvm-arm.mode
[    0.000000][    T0] CPU features: SYS_ID_AA64MMFR1_EL1[11:8]: forced to 0
[    0.000000][    T0] Kernel command line: stack_depot_disable=on kasan.stacktrace=off kvm-arm.mode=protected cgroup_disable=pressure console=ttyMSM0,115200n8 loglevel=6 kpti=0 log_buf_len=256K kernel.panic_on_rcu_stall=1 service_locator.enable=1 msm_rtb.filter=0x237 rcupdate.rcu_expedited=1 rcu_nocbs=0-7 ftrace_dump_on_oops swiotlb=noforce loop.max_part=7 fw_devlink.strict=1 allow_mismatched_32bit_el0 cpufreq.default_governor=performance printk.console_no_auto_verbose=1 kasan=off sysctl.kernel.sched_pelt_multiplier=4 can.stats_timer=0 pcie_ports=compat irqaffinity=0-2 disable_dma32=on no-steal-acc cgroup.memory=nokmem,nosocket video=vfb:640x400,bpp=32,memsize=3072000 nosoftlockup bootconfig  msm_drm.dsi_display0=somc,1_panel: rootwait ro init=/init  oembootloader.startup=0x00008000 oembootloader.warmboot=0x000052d0 oembootloader.securityflags=0x00000002
[    0.000000][    T0] ITS@0x0000000017140000: Devices Table too large, reduce ids 32->19
[    0.000000][    T0] ITS@0x0000000017140000: Devices too large, reduce ITS pages 1024->256
[    0.012729][    T0] CPU features: SANITY CHECK: Unexpected variation in SYS_ID_AA64MMFR1_EL1. Boot CPU: 0x00000011212122, CPU3: 0x00000010212122
[    0.012738][    T0] CPU features: Unsupported CPU feature variation detected.
[    0.014222][    T0] CPU features: SANITY CHECK: Unexpected variation in SYS_ID_AA64MMFR1_EL1. Boot CPU: 0x00000011212122, CPU4: 0x00000010212122
[    0.015684][    T0] CPU features: SANITY CHECK: Unexpected variation in SYS_ID_AA64MMFR1_EL1. Boot CPU: 0x00000011212122, CPU5: 0x00000010212122
[    0.015688][    T0] CPU features: SANITY CHECK: Unexpected variation in SYS_ID_MMFR4_EL1. Boot CPU: 0x00000001021111, CPU5: 0x00000001021110
[    0.016938][    T0] CPU features: SANITY CHECK: Unexpected variation in SYS_ID_AA64MMFR1_EL1. Boot CPU: 0x00000011212122, CPU6: 0x00000010212122
[    0.016942][    T0] CPU features: SANITY CHECK: Unexpected variation in SYS_ID_MMFR4_EL1. Boot CPU: 0x00000001021111, CPU6: 0x00000001021110
[    0.018446][    T0] CPU features: SANITY CHECK: Unexpected variation in SYS_ID_AA64MMFR1_EL1. Boot CPU: 0x00000011212122, CPU7: 0x00000010212122
[    0.123432][   T90] audit: type=2000 audit(0.096:1): state=initialized audit_enabled=0 res=1
[    0.138529][    T1] OF: /soc/spf_core_platform/lpass-cdc/va-macro@6D44000: could not get #gpio-cells for /soc/interrupt-controller@17100000
[    0.138738][    T1] OF: /soc/spf_core_platform/sound: could not get #gpio-cells for /soc/spf_core_platform/sen_mi2s_pinctrl
[    0.156962][    T1] SCSI subsystem initialized
[    0.163666][    T1] VFS: Disk quotas dquot_6.6.0
[    0.182881][    T1] Initialise system trusted keyrings
[    0.193858][    T1] Key type asymmetric registered
[    0.193864][    T1] Asymmetric key parser 'x509' registered
[    0.203244][    T1] Loading compiled-in X.509 certificates
[    0.203619][    T1] Loaded X.509 cert 'Build time autogenerated kernel key: 7910d57c3207b853acd58c5f1c518364e8b18783'
[    0.205116][    T1] Key type .fscrypt registered
[    0.205119][    T1] Key type fscrypt-provisioning registered
[    0.232606][    T1] Warning: unable to open an initial console.
[    0.235394][    T1] gh_arm_drv: module verification failed: signature and/or required key missing - tainting kernel
[    0.267434][    T1] Kernel module BTF mismatch detected, BTF debug info may be unavailable for some modules
[    0.279354][    T1] qtee shmbridge registered default bridge with size 4194304 bytes
[    0.279870][    T1] shmbridge is enabled
[    0.280994][    T1] qcom-scm: scm_mem_protection_init_do: SCM call failed 0, resp 7
[    0.280998][    T1] MEM protection Not enabled, 7
[    0.317933][    T1] rpmh_regulator_allocate_vreg: ldob11: could not find any regulator subnodes
[    0.317939][    T1] rpmh_regulator_probe: ldob11: failed to allocate regulator subnode array, rc=-19
[    0.318084][    T1] qcom,rpmh-regulator 17a00000.rsc:drv@2:rpmh-regulator-ldob12: supply proxy not found, using dummy regulator
[    0.318233][    T1] qcom,rpmh-regulator 17a00000.rsc:drv@2:rpmh-regulator-ldob13: supply proxy not found, using dummy regulator
[    0.319834][    T1] rpmh_regulator_allocate_vreg: ldom4: could not find any regulator subnodes
[    0.319837][    T1] rpmh_regulator_probe: ldom4: failed to allocate regulator subnode array, rc=-19
[    0.329149][   T10] gdsc 150018.qcom,gdsc: supply proxy not found, using dummy regulator
[    0.379369][    T1] disp_cc_pll0 PLL is already enabled
[    0.431091][    T8] qcom-bwmon: Zone thres larger than hw limit: hi:267 med:400 lo:0
[    0.472550][    T1] arm-smmu 15000000.apps-smmu: probing hardware configuration...
[    0.472557][    T1] arm-smmu 15000000.apps-smmu: SMMUv2 with:
[    0.472577][    T1] arm-smmu 15000000.apps-smmu: 	stage 1 translation
[    0.472579][    T1] arm-smmu 15000000.apps-smmu: 	coherent table walk
[    0.472581][    T1] arm-smmu 15000000.apps-smmu: 	stream matching with 105 register groups
[    0.472589][    T1] arm-smmu 15000000.apps-smmu: 	70 context banks (0 stage-2 only)
[    0.472616][    T1] arm-smmu 15000000.apps-smmu: 	Supported page sizes: 0x61311000
[    0.472619][    T1] arm-smmu 15000000.apps-smmu: 	Stage-1: 36-bit VA -> 36-bit IPA
[    0.488501][   T10] arm-scmi soc:qcom,scmi: SCMI protocol 129 not implemented
[    0.489415][   T10] qcom_geni_serial a9c000.qcom,qup_uart: qcom_geni_serial_probe, Console Disabled
[    0.492310][   T10] arm-scmi soc:qcom,scmi: version 1.0
[    0.574213][    T8] scsi 0:0:0:49488: Well-known LUN    SAMSUNG  KLUEG4RHGB-B0E1  0301 PQ: 0 ANSI: 6
[    0.576277][    T8] scsi 0:0:0:49476: Well-known LUN    SAMSUNG  KLUEG4RHGB-B0E1  0301 PQ: 0 ANSI: 6
[    0.577379][    T8] scsi 0:0:0:49456: Well-known LUN    SAMSUNG  KLUEG4RHGB-B0E1  0301 PQ: 0 ANSI: 6
[    0.578565][    T8] scsi 0:0:0:0: Direct-Access     SAMSUNG  KLUEG4RHGB-B0E1  0301 PQ: 0 ANSI: 6
[    0.580354][    T8] scsi 0:0:0:1: Direct-Access     SAMSUNG  KLUEG4RHGB-B0E1  0301 PQ: 0 ANSI: 6
[    0.581428][  T156] sd 0:0:0:0: [sda] 62461952 4096-byte logical blocks: (256 GB/238 GiB)
[    0.581905][  T156] sd 0:0:0:0: [sda] Write Protect is off
[    0.582052][    T8] scsi 0:0:0:2: Direct-Access     SAMSUNG  KLUEG4RHGB-B0E1  0301 PQ: 0 ANSI: 6
[    0.582472][  T156] sd 0:0:0:0: [sda] Disabling FUA
[    0.582475][  T156] sd 0:0:0:0: [sda] Write cache: enabled, read cache: enabled, doesn't support DPO or FUA
[    0.584152][   T10] sd 0:0:0:1: [sdb] 4096 4096-byte logical blocks: (16.8 MB/16.0 MiB)
[    0.584221][   T10] sd 0:0:0:1: [sdb] Write Protect is off
[    0.584782][   T10] sd 0:0:0:1: [sdb] Disabling FUA
[    0.584784][   T10] sd 0:0:0:1: [sdb] Write cache: enabled, read cache: enabled, doesn't support DPO or FUA
[    0.586362][    T8] sd 0:0:0:2: [sdc] 4096 4096-byte logical blocks: (16.8 MB/16.0 MiB)
[    0.590019][    T8] sd 0:0:0:2: [sdc] Write Protect is off
[    0.590706][    T8] sd 0:0:0:2: [sdc] Disabling FUA
[    0.590708][    T8] sd 0:0:0:2: [sdc] Write cache: enabled, read cache: enabled, doesn't support DPO or FUA
[    0.599071][  T156] sd 0:0:0:0: [sda] Attached SCSI disk
[    0.599160][   T10] sd 0:0:0:1: [sdb] Attached SCSI disk
[    0.610637][    T8] sd 0:0:0:2: [sdc] Attached SCSI disk
[    0.616196][    T1] F2FS-fs (sda52): Mounted with checkpoint version = 3df5bccf
[    0.631218][    T1] EXT4-fs (dm-8): mounting with "discard" option, but the device does not support discard
[    0.635086][    T1] EXT4-fs (dm-9): mounting with "discard" option, but the device does not support discard
[    0.638513][    T1] EXT4-fs (dm-10): mounting with "discard" option, but the device does not support discard
[    0.641912][    T1] EXT4-fs (dm-11): mounting with "discard" option, but the device does not support discard
[    0.645332][    T1] EXT4-fs (dm-12): mounting with "discard" option, but the device does not support discard
[    0.648285][    T1] EXT4-fs (dm-13): mounting with "discard" option, but the device does not support discard
[    0.651376][    T1] EXT4-fs (dm-14): mounting with "discard" option, but the device does not support discard
[    0.669428][    T1] printk: init: 252 output lines suppressed due to ratelimiting
[    0.798048][   T90] audit: type=1403 audit(2001412.831:2): auid=4294967295 ses=4294967295 lsm=selinux res=1
[    0.798203][   T90] audit: type=1404 audit(2001412.831:3): enforcing=1 old_enforcing=0 auid=4294967295 ses=4294967295 enabled=1 old-enabled=1 lsm=selinux res=1
[    0.830266][   T90] audit: type=1107 audit(2001412.863:4): pid=1 uid=0 auid=4294967295 ses=4294967295 subj=u:r:init:s0 msg='avc:  denied  { set } for property=ro.adb.secure pid=1 uid=0 gid=0 scontext=u:r:vendor_init:s0 tcontext=u:object_r:build_prop:s0 tclass=property_service permissive=0'
[    0.830289][    T1] init: Do not have permissions to set 'ro.adb.secure' to '1' in property file '/vendor/build.prop': SELinux permission check failed
[    0.830395][   T90] audit: type=1107 audit(2001412.863:5): pid=1 uid=0 auid=4294967295 ses=4294967295 subj=u:r:init:s0 msg='avc:  denied  { set } for property=persist.backup.ntpServer pid=1 uid=0 gid=0 scontext=u:r:vendor_init:s0 tcontext=u:object_r:default_prop:s0 tclass=property_service permissive=0'
[    0.830399][    T1] init: Do not have permissions to set 'persist.backup.ntpServer' to '0.pool.ntp.org' in property file '/vendor/build.prop': SELinux permission check failed
[    0.830585][   T90] audit: type=1107 audit(2001412.863:6): pid=1 uid=0 auid=4294967295 ses=4294967295 subj=u:r:init:s0 msg='avc:  denied  { set } for property=ro.qc.sdk.audio.ssr pid=1 uid=0 gid=0 scontext=u:r:vendor_init:s0 tcontext=u:object_r:default_prop:s0 tclass=property_service permissive=0'
[    0.830602][   T90] audit: type=1107 audit(2001412.863:7): pid=1 uid=0 auid=4294967295 ses=4294967295 subj=u:r:init:s0 msg='avc:  denied  { set } for property=ro.qc.sdk.audio.fluencetype pid=1 uid=0 gid=0 scontext=u:r:vendor_init:s0 tcontext=u:object_r:default_prop:s0 tclass=property_service permissive=0'
[    0.830626][   T90] audit: type=1107 audit(2001412.863:8): pid=1 uid=0 auid=4294967295 ses=4294967295 subj=u:r:init:s0 msg='avc:  denied  { set } for property=persist.audio.fluence.voicecall pid=1 uid=0 gid=0 scontext=u:r:vendor_init:s0 tcontext=u:object_r:audio_prop:s0 tclass=property_service permissive=0'
[    0.830639][   T90] audit: type=1107 audit(2001412.863:9): pid=1 uid=0 auid=4294967295 ses=4294967295 subj=u:r:init:s0 msg='avc:  denied  { set } for property=persist.audio.fluence.voicerec pid=1 uid=0 gid=0 scontext=u:r:vendor_init:s0 tcontext=u:object_r:audio_prop:s0 tclass=property_service permissive=0'
[    0.830652][   T90] audit: type=1107 audit(2001412.863:10): pid=1 uid=0 auid=4294967295 ses=4294967295 subj=u:r:init:s0 msg='avc:  denied  { set } for property=persist.audio.fluence.speaker pid=1 uid=0 gid=0 scontext=u:r:vendor_init:s0 tcontext=u:object_r:audio_prop:s0 tclass=property_service permissive=0'
[    1.022579][  T263] cutils-trace: Error opening trace file: No such file or directory (2)
[    1.144412][  T263] printk: apexd: 56 output lines suppressed due to ratelimiting
[    1.158555][  T319] linkerconfig: Failed to open file /system/etc/vndkcorevariant.libraries.txt: No such file or directory
[    1.310462][  T348] pcie:pcie_init.
[    1.318777][  T348] msm_pcie_get_reg: PCIe: RC0: no mhi resource found.
[    1.318785][  T348] msm_pcie_get_reg: PCIe: RC0: no tcsr resource found.
[    1.318788][  T348] msm_pcie_get_reg: PCIe: RC0: no rumi resource found.
[    1.400948][  T413] rdbg: failed get smem state
[    1.400956][  T413] rdbg_probe: register_smp2p_out failed for rdbg_adsp
[    1.401035][  T413] rdbg: failed get smem state
[    1.401038][  T413] rdbg_probe: register_smp2p_out failed for rdbg_cdsp
[    1.401325][  T198] rdbg: failed get smem state
[    1.401330][  T198] rdbg_probe: register_smp2p_out failed for rdbg_adsp
[    1.401426][  T385] cdsp-loader soc:qcom,msm-cdsp-loader: cdsp_loader_probe: rproc not found
[    1.401947][  T198] rdbg: failed get smem state
[    1.401952][  T198] rdbg_probe: register_smp2p_out failed for rdbg_cdsp
[    1.402304][  T198] rdbg: failed get smem state
[    1.402307][  T198] rdbg_probe: register_smp2p_out failed for rdbg_adsp
[    1.402811][  T198] cdsp-loader soc:qcom,msm-cdsp-loader: cdsp_loader_probe: rproc not found
[    1.403274][  T198] rdbg: failed get smem state
[    1.403277][  T198] rdbg_probe: register_smp2p_out failed for rdbg_cdsp
[    1.403370][  T198] rdbg: failed get smem state
[    1.403372][  T198] rdbg_probe: register_smp2p_out failed for rdbg_adsp
[    1.407698][  T198] cdsp-loader soc:qcom,msm-cdsp-loader: cdsp_loader_probe: rproc not found
[    1.407881][  T198] rdbg: failed get smem state
[    1.407884][  T198] rdbg_probe: register_smp2p_out failed for rdbg_cdsp
[    1.421951][  T409] Regulator OCP event before kernel boot: ppid=0x3C3, mode=2
[    1.444611][  T389] msm_hang_detect_probe: Missing cluster-id.
[    1.447728][  T156] sdhci_msm 8804000.sdhci: Failed to get bus_scale data
[    1.478301][  T198] cdsp-loader soc:qcom,msm-cdsp-loader: cdsp_loader_probe: rproc not found
[    1.478378][  T198] spmi_pmic_arb_debug 10b14000.qcom,spmi-debug: SPMI PMIC arbiter debug bus disabled by fuse
[    1.546167][  T610] cfg80211: Problem loading in-kernel X.509 certificate (-13)
[    1.548301][  T438] register_kretprobe failed for trace_dwc3_ctrl_req, returned -2
[    1.562159][  T438] register_kretprobe failed for trace_dwc3_ep_queue, returned -2
[    1.582129][  T438] register_kretprobe failed for trace_dwc3_ep_dequeue, returned -2
[    1.597820][  T438] register_kretprobe failed for trace_dwc3_gadget_giveback, returned -2
[    1.631253][  T438] register_kretprobe failed for trace_dwc3_gadget_ep_cmd, returned -2
[    1.651682][  T412] Error: adsprpc (2858): modprobe: fastrpc_get_dsp_status: cdsp node not found
[    1.661248][  T438] register_kretprobe failed for trace_dwc3_prepare_trb, returned -2
[    1.683616][  T438] register_kretprobe failed for trace_dwc3_event, returned -2
[    1.684170][  T607] board-ramdump: Initialized rdtag stored memory at ffdc0000-ffdfffff
[    1.719599][  T438] msm-dwc3 a600000.ssusb: IRQ hs_phy_irq not found
[    1.721042][  T698] rtc6226: I2C radio driver for rtc6226 FM Tuner, Version 0.1.0
[    1.721049][  T698] rtc6226: I2C radio driver for rtc6226 FM Tuner, Version 0.1.0
[    1.721053][  T515] uaudio-qmi soc:usb_audio_qmi_dev: failed to register disconnect callback ret = 0
[    1.732808][  T693] bt_dt_parse_clk_info: clocks is not provided in device tree
[    1.741478][    T8] tz_log 146aa720.tz-log: RM log address is not defined
[    1.741479][  T698] rtc6226: rtc6226_i2c_probe enter
[    1.741608][  T698] rtc6226: v4l2_device_register successfully
[    1.744601][  T438] msm-dwc3 a600000.ssusb: unable to get hsphy device
[    1.752536][  T728] [NVT-ts] nvt_driver_init 1993: start
[    1.752561][  T728] [NVT-ts] nvt_driver_init 2001: finished
[    1.765667][  T198] msm-dwc3 a600000.ssusb: IRQ hs_phy_irq not found
[    1.826081][    T8] ERROR: tzdbg_get_tzbsp_log: magic = 0, version = 0x0
[    1.845800][  T698] rtc6226: rtc6226_i2c_probe: rtc6226,vdd-load val 15000
[    1.845811][  T698] rtc6226: rtc6226_pinctrl_init: target does not use pinctrl
[    1.845815][  T698] rtc6226: rtc6226_i2c_probe: rtc6226_pinctrl_init returned -19
[    1.846096][  T698] rtc6226: rtc6226_i2c_probe exit
[    4.351153][  T704] (NULL device *): msm_gsi_probe:5880 No MSIs configured
[    4.359295][  T694] btfm_slim_probe: is_laddr_valid is true
[    4.359355][  T694] btfmslim-driver btfmslim_slave: 
[    4.371168][  T536] spf_core_platform_driver_probe
[    4.382732][  T957] OF: graph: no port node found in /soc/qcom,dsi-display-primary
[    4.382819][  T957] RESET SEQ LENGTH = 8
[    4.393410][  T498] tmc_etr_usb_init: ETR usb property is not configured!
[    4.432504][    T8] ipa ipa_smmu_perph_cb_probe:10939 cb 2 is disabled
[    4.432519][    T8] ipa ipa_smmu_perph_cb_probe:10939 cb 5 is disabled
[    4.432523][    T8] ipa ipa_smmu_perph_cb_probe:10939 cb 6 is disabled
[    4.475815][   T84] msm_pcie_enumerate: PCIe: RC0: has already been enumerated.
[    4.507031][ T1054] cutils-trace: Error opening trace file: No such file or directory (2)
[    4.507159][ T1054] SELinux: avc:  denied  { find } for pid=1053 uid=1069 name=vendor.qti.hardware.perf2.IPerf/default scontext=u:r:lmkd:s0 tcontext=u:object_r:default_android_service:s0 tclass=service_manager permissive=0
[    4.510155][ T1054] SELinux: avc:  denied  { find } for pid=1053 uid=1069 name=vendor.qti.hardware.perf2.IPerf/default scontext=u:r:lmkd:s0 tcontext=u:object_r:default_android_service:s0 tclass=service_manager permissive=0
[    4.674996][  T610] wlan: Loading driver v5.2.1.45E +PANIC_ON_BUG; cld:I1f3a564864; cmn:Ic393d699a2; dev:kiwi_v2
[    6.417074][    T1] init: Control message: Could not find 'aidl/android.system.keystore2.IKeystoreService/default' for ctl.interface_start from pid: 1054 (/system/bin/servicemanager)
[    6.418409][    T1] init: Control message: Could not find 'vendor.semc.system.idd@1.0::IIdd/default' for ctl.interface_start from pid: 1055 (/system/system_ext/bin/hwservicemanager)
[    6.418445][    T1] init: Control message: Could not find 'vendor.semc.system.idd@1.0::IIdd/default' for ctl.interface_start from pid: 1055 (/system/system_ext/bin/hwservicemanager)
[    6.440689][    T8] gsi soc:qcom,msm_gsi: gsi_register_device:1548 GSI irq is wake enabled 242
[    6.446402][    T8] ipa ipa3_rmnet_ctl_register_pm_client:739 rmnet_ctl register done
[    6.446428][    T8] ipa ipa3_rmnet_ll_register_pm_client:964 rmnet_ll register done
[    6.446488][    T8] ipa-lnx-stats ipa_spearhead_stats_ioctl_init:1921 IPA ipa_lnx_stats_ioctl major(464) initial ok :>>>>
[    6.446493][    T8] ipa-lnx-stats ipa_spearhead_stats_init:1949 IPA_LNX_STATS_IOCTL init success
[    6.446717][  T942] ipa-wan ipa3_wwan_register_netdev_pm_client:3497 rmnet_ipa%d register done
[    6.446887][  T942] ipa-wan ipa3_wwan_probe:3692 rmnet_ipa completed initialization
[    6.545979][    T8] gsi soc:qcom,msm_gsi: gsi_stop_channel:3615 chan=14 busy try again
[    6.599579][ T1180] vold: keystore2 Keystore earlyBootEnded returned service specific error: -68
[    6.610965][ T1067] logd: FrameworkListener: read() failed (Connection reset by peer)
[    7.243145][ T1469] WARNING: Unprivileged eBPF is enabled, data leaks possible via Spectre v2 BHB attacks!
[    7.669130][ T1551] synx: session 0 not available, pid: 1551
[    7.669145][ T1551] synx: synx_uninitialize: invalid session id 0
[    7.783041][  T780] cnss: Failed to get INI file wlan-connection-roaming.ini (-2), Backup file: Supported
[    7.788718][  T780] cnss: Failed to get INI file wlan-connection-roaming-backup.ini (-2)
[    8.236008][ T1620] spf_core_probe
[    8.237216][   T84] spf_core_add_child_devices:enumarate machine driver
[    8.237227][   T84] spf-core-platform soc:spf_core_platform: __spf_core_is_apm_ready: send_command ret
[    8.237235][   T84] qcom,gpr 3000000.remoteproc-adsp:glink-edge.adsp_apps.-1.-1: gpr_send_pkt: domain_id[2], Still Dsp is not Up
[    8.237354][ T1620] audio_prm_probe: prm probe success
[    8.287333][   T84] spf-core-platform soc:spf_core_platform: __spf_core_is_apm_ready: send_command ret
[    8.287353][   T84] qcom,gpr 3000000.remoteproc-adsp:glink-edge.adsp_apps.-1.-1: gpr_send_pkt: domain_id[2], Still Dsp is not Up
[    8.337438][   T84] spf-core-platform soc:spf_core_platform: __spf_core_is_apm_ready: send_command ret
[    8.337456][   T84] qcom,gpr 3000000.remoteproc-adsp:glink-edge.adsp_apps.-1.-1: gpr_send_pkt: domain_id[2], Still Dsp is not Up
[    8.387549][   T84] spf-core-platform soc:spf_core_platform: __spf_core_is_apm_ready: send_command ret
[    8.387576][   T84] qcom,gpr 3000000.remoteproc-adsp:glink-edge.adsp_apps.-1.-1: gpr_send_pkt: domain_id[2], Still Dsp is not Up
[    8.434854][ T1779] i2c_geni 888000.i2c: i2c error :-107
[    8.437682][   T84] spf-core-platform soc:spf_core_platform: __spf_core_is_apm_ready: send_command ret
[    8.437700][   T84] qcom,gpr 3000000.remoteproc-adsp:glink-edge.adsp_apps.-1.-1: gpr_send_pkt: domain_id[2], Still Dsp is not Up
[    8.487815][   T84] spf-core-platform soc:spf_core_platform: __spf_core_is_apm_ready: send_command ret
[    8.487845][   T84] qcom,gpr 3000000.remoteproc-adsp:glink-edge.adsp_apps.-1.-1: gpr_send_pkt: domain_id[2], Still Dsp is not Up
[    8.537937][   T84] spf-core-platform soc:spf_core_platform: __spf_core_is_apm_ready: send_command ret
[    8.537963][   T84] qcom,gpr 3000000.remoteproc-adsp:glink-edge.adsp_apps.-1.-1: gpr_send_pkt: domain_id[2], Still Dsp is not Up
[    8.588055][   T84] spf-core-platform soc:spf_core_platform: __spf_core_is_apm_ready: send_command ret
[    8.588084][   T84] qcom,gpr 3000000.remoteproc-adsp:glink-edge.adsp_apps.-1.-1: gpr_send_pkt: domain_id[2], Still Dsp is not Up
[    8.638183][   T84] spf-core-platform soc:spf_core_platform: __spf_core_is_apm_ready: send_command ret
[    8.638211][   T84] qcom,gpr 3000000.remoteproc-adsp:glink-edge.adsp_apps.-1.-1: gpr_send_pkt: domain_id[2], Still Dsp is not Up
[    8.640119][  T939] PDR: service lookup for msm/adsp/charger_pd:tms/servreg failed: -6
[    8.643271][ T1224] Error: adsprpc (4256): sscrpcd: fastrpc_get_info_from_dsp: could not obtain dsp information, err val -2147482112
[    8.688304][   T84] spf-core-platform soc:spf_core_platform: __spf_core_is_apm_ready: send_command ret
[    8.688546][   T84] spf-core-platform soc:spf_core_platform: spf_core_add_child_devices: apm is up
[    8.691095][   T84] msm-audio-ion soc:spf_core_platform:qcom,msm-audio-ion: msm_audio_ion_probe: msm_audio_ion_probe
[    8.691689][   T84] msm-audio-ion soc:spf_core_platform:qcom,msm-audio-ion-cma: msm_audio_ion_probe: msm_audio_ion_probe
[    8.704433][ T1620] msm_cdc_pinctrl_get_gpiodata: platform device not found!
[    8.704456][ T1620] lpass_cdc_va_macro va-macro: lpass_cdc_va_macro_probe: failed to get swr pin state
[    8.704917][ T1620] lpass_cdc_tx_macro tx-macro: lpass_cdc_tx_macro_probe: va-macro not registered yet, defer
[    8.705393][ T1620] lpass_cdc_rx_macro rx-macro: lpass_cdc_rx_macro_probe: va-macro not registered yet, defer
[    8.710355][    T8] msm_cdc_pinctrl_get_gpiodata: platform device not found!
[    8.710364][    T8] lpass_cdc_va_macro va-macro: lpass_cdc_va_macro_probe: failed to get swr pin state
[    8.710458][    T8] lpass_cdc_tx_macro tx-macro: lpass_cdc_tx_macro_probe: va-macro not registered yet, defer
[    8.710557][    T8] lpass_cdc_rx_macro rx-macro: lpass_cdc_rx_macro_probe: va-macro not registered yet, defer
[    8.711397][    T8] msm_cdc_pinctrl_get_gpiodata: platform device not found!
[    8.711400][    T8] lpass_cdc_va_macro va-macro: lpass_cdc_va_macro_probe: failed to get swr pin state
[    8.712786][    T8] lpass_cdc_tx_macro tx-macro: lpass_cdc_tx_macro_probe: va-macro not registered yet, defer
[    8.713275][    T8] lpass_cdc_rx_macro rx-macro: lpass_cdc_rx_macro_probe: va-macro not registered yet, defer
[    8.714362][    T8] msm-cdc-pinctrl soc:spf_core_platform:tx_swr_clk_data_pinctrl: msm_cdc_pinctrl_get_gpiodata: cannot find cdc gpio info
[    8.714367][    T8] lpass_cdc_va_macro va-macro: lpass_cdc_va_macro_probe: failed to get swr pin state
[    8.714591][    T8] lpass_cdc_tx_macro tx-macro: lpass_cdc_tx_macro_probe: va-macro not registered yet, defer
[    8.714680][    T8] lpass_cdc_rx_macro rx-macro: lpass_cdc_rx_macro_probe: va-macro not registered yet, defer
[    8.770868][    C0] audio_prm_callback: Failed response received
[    8.770891][    T8] prm_gpr_send_pkt: DSP returned error 2
[    8.770897][    T8] msm_set_upd_config: upd cdc duty cycling registration failed
[    9.056814][  T261] battchg_ext: somc_bcext_smart_set_suspend: Couldn't set smart charge voter due to unactivated
[    9.096760][    T8] lxs_ts 4-0028: (E) FW upgrade skipped
[    9.362042][    T8] gsi soc:qcom,msm_gsi: gsi_stop_channel:3615 chan=14 busy try again
[    9.439709][ T1758] msm_ext_disp_update_audio_ops: Display not found (EXT_DISPLAY_TYPE_DP) ctld (0) stream (0)
[    9.439722][ T1758] msm_ext_disp_update_audio_ops: Display not found (EXT_DISPLAY_TYPE_HDMI) ctld (0) stream (0)
[    9.439726][ T1758] msm_ext_disp_update_audio_ops: Display not found (EXT_DISPLAY_TYPE_DP) ctld (0) stream (0)
[    9.439729][ T1758] msm_ext_disp_update_audio_ops: Display not found (EXT_DISPLAY_TYPE_DP) ctld (0) stream (0)
[    9.439735][ T1758] msm_ext_disp_update_audio_ops: Display not found (EXT_DISPLAY_TYPE_DP) ctld (0) stream (0)
[    9.439738][ T1758] msm-ext-disp-audio-codec-rx soc:qcom,msm-ext-disp:qcom,msm-ext-disp-audio-codec-rx: msm_ext_disp_audio_type_get: get_audio_edid_blk() or get_intf_id is NULL
[    9.439745][ T1758] msm_ext_disp_update_audio_ops: Display not found (EXT_DISPLAY_TYPE_DP) ctld (0) stream (0)
[    9.439748][ T1758] msm-ext-disp-audio-codec-rx soc:qcom,msm-ext-disp:qcom,msm-ext-disp-audio-codec-rx: msm_ext_disp_audio_type_get: get_audio_edid_blk() or get_intf_id is NULL
[    9.439755][ T1758] msm_ext_disp_update_audio_ops: Display not found (EXT_DISPLAY_TYPE_DP) ctld (0) stream (0)
[    9.439757][ T1758] msm-ext-disp-audio-codec-rx soc:qcom,msm-ext-disp:qcom,msm-ext-disp-audio-codec-rx: msm_ext_disp_audio_type_get: get_audio_edid_blk() or get_intf_id is NULL
[    9.439775][ T1758] msm-ext-disp-audio-codec-rx soc:qcom,msm-ext-disp:qcom,msm-ext-disp-audio-codec-rx: msm_ext_disp_audio_device_get: invalid dai id: 4
[    9.476380][ T2319] smcinvoke: prepare_send_scm_msg: Secure side is busy,will retry after 30 ms, retry_count = 0
[    9.476491][ T2614] smcinvoke: prepare_send_scm_msg: Secure side is busy,will retry after 30 ms, retry_count = 0
[    9.538109][ T2614] smcinvoke: prepare_send_scm_msg: Secure side is busy,will retry after 30 ms, retry_count = 1
[    9.538228][ T2914] smcinvoke: prepare_send_scm_msg: Secure side is busy,will retry after 30 ms, retry_count = 0
[    9.539900][ T1956] smcinvoke: prepare_send_scm_msg: Secure side is busy,will retry after 30 ms, retry_count = 0
[    9.608263][ T2622] smcinvoke: prepare_send_scm_msg: Secure side is busy,will retry after 30 ms, retry_count = 0
[    9.641922][ T2622] smcinvoke: prepare_send_scm_msg: Secure side is busy,will retry after 30 ms, retry_count = 1
[    9.677950][ T2622] smcinvoke: prepare_send_scm_msg: Secure side is busy,will retry after 30 ms, retry_count = 2
[    9.869578][ T2731] Config b/1 of g1 needs at least one function.
[    9.869596][ T2731] udc a600000.dwc3: failed to start g1: -22
[    9.932577][ T2765] msm_ext_disp_update_audio_ops: Display not found (EXT_DISPLAY_TYPE_DP) ctld (0) stream (0)
[    9.932596][ T2765] msm_ext_disp_update_audio_ops: Display not found (EXT_DISPLAY_TYPE_HDMI) ctld (0) stream (0)
[    9.932601][ T2765] msm_ext_disp_update_audio_ops: Display not found (EXT_DISPLAY_TYPE_DP) ctld (0) stream (0)
[    9.932607][ T2765] msm_ext_disp_update_audio_ops: Display not found (EXT_DISPLAY_TYPE_DP) ctld (0) stream (0)
[    9.932615][ T2765] msm_ext_disp_update_audio_ops: Display not found (EXT_DISPLAY_TYPE_DP) ctld (0) stream (0)
[    9.932620][ T2765] msm-ext-disp-audio-codec-rx soc:qcom,msm-ext-disp:qcom,msm-ext-disp-audio-codec-rx: msm_ext_disp_audio_type_get: get_audio_edid_blk() or get_intf_id is NULL
[    9.932628][ T2765] msm_ext_disp_update_audio_ops: Display not found (EXT_DISPLAY_TYPE_DP) ctld (0) stream (0)
[    9.932631][ T2765] msm-ext-disp-audio-codec-rx soc:qcom,msm-ext-disp:qcom,msm-ext-disp-audio-codec-rx: msm_ext_disp_audio_type_get: get_audio_edid_blk() or get_intf_id is NULL
[    9.932637][ T2765] msm_ext_disp_update_audio_ops: Display not found (EXT_DISPLAY_TYPE_DP) ctld (0) stream (0)
[    9.932640][ T2765] msm-ext-disp-audio-codec-rx soc:qcom,msm-ext-disp:qcom,msm-ext-disp-audio-codec-rx: msm_ext_disp_audio_type_get: get_audio_edid_blk() or get_intf_id is NULL
[    9.932657][ T2765] msm-ext-disp-audio-codec-rx soc:qcom,msm-ext-disp:qcom,msm-ext-disp-audio-codec-rx: msm_ext_disp_audio_device_get: invalid dai id: 4
[   10.011080][ T2927] cs35l45 2-0030: Preload DSP before boot
[   10.871800][ T1965] ipa ipa3_odl_pipe_open:371 adpl pipe not configured
[   10.877381][    C0] qrtr: Modem QMI Readiness RX cmd:0x2 node[0x0]
[   11.022881][ T2927] cs35l45 2-0031: Preload DSP before boot
[   11.149927][  T760] ipa-wan ipa3_handle_indication_req:147 not send indication
[   11.164456][  T156] ipa ipa3_uc_wdi_event_log_info_handler:371 WDI protocol missing 0x1
[   11.164473][  T156] ipa ipa3_uc_ntn_event_log_info_handler:19 NTN protocol missing 0x1
[   11.164506][  T156] ipa ipa_pc_qmp_enable:12130 mailbox channel request failed, ret=-2
[   11.164545][    T8] ipa ipa3_uc_send_cmd_64b_param:1086 uC cmd(17): Received status 4, Expected status 0
[   11.164555][    T8] ipa ipa3_deferred_holb_work:387 Failed to enable HOLB monitoring -14
[   11.266576][    T8] gsi soc:qcom,msm_gsi: gsi_stop_channel:3615 chan=14 busy try again
[   12.048529][    T1] init: Control message: Could not find 'aidl/activity' for ctl.interface_start from pid: 1054 (/system/bin/servicemanager)
[   12.068408][ T2609] USB cable not connected
[   12.086859][ T2455] ip_local_port_range: prefer different parity for start/end values.
[   12.094275][    T1] libprocessgroup: Failed to write 1 to /sys/fs/cgroup/uid_1001/pid_2401/cgroup.kill: No such file or directory
[   12.094286][    T1] libprocessgroup: Failed to open /sys/fs/cgroup/uid_1001/pid_2401/cgroup.procs: No such file or directory
[   12.220733][ T2493] ipa ipa3_setup_apps_low_lat_prod_pipe:349 Configuring low lat prod with rmnet config
[   12.221324][ T2493] ipa ipa3_setup_apps_low_lat_data_prod_pipe:510 Configuring low lat data prod with rmnet config
[   12.221330][ T2493] ipa ipa3_setup_apps_low_lat_data_prod_pipe:538 Not enabling deaggr on low_lat_prod
[   12.222890][ T2493] ipa ipa3_set_aggr_limit:5610 set rx_buff_sz config from netmngr 32768
[   12.227217][ T2493] ipa ipa3_set_aggr_limit:5610 set rx_buff_sz config from netmngr 32768
[   12.237692][ T2493] ipa ipa3_set_aggr_limit:5610 set rx_buff_sz config from netmngr 8192
[   12.276634][ T2493] ipa-wan ipa3_wwan_ioctl:2910 dev(rmnet_data0) register to IPA
[   12.742057][  T102] gsi soc:qcom,msm_gsi: gsi_stop_channel:3615 chan=1 busy try again
[   12.744193][  T102] gsi soc:qcom,msm_gsi: gsi_stop_channel:3615 chan=14 busy try again
[   13.094077][  T102] gsi soc:qcom,msm_gsi: gsi_stop_channel:3615 chan=1 busy try again
[   13.096215][  T102] gsi soc:qcom,msm_gsi: gsi_stop_channel:3615 chan=14 busy try again
[   13.634051][    T8] gsi soc:qcom,msm_gsi: gsi_stop_channel:3615 chan=1 busy try again
[   13.635893][    T8] gsi soc:qcom,msm_gsi: gsi_stop_channel:3615 chan=14 busy try again
[   14.351531][    T8] gsi soc:qcom,msm_gsi: gsi_stop_channel:3615 chan=1 busy try again
[   14.353855][    T8] gsi soc:qcom,msm_gsi: gsi_stop_channel:3615 chan=14 busy try again
[   14.532374][ T1054] SELinux: avc:  denied  { find } for pid=4206 uid=10372 name=vendor.qti.hardware.perf2.IPerf/default scontext=u:r:platform_app:s0:c512,c768 tcontext=u:object_r:default_android_service:s0 tclass=service_manager permissive=0
[   14.540592][ T4234] audit: rate limit exceeded
[   14.542921][ T1054] SELinux: avc:  denied  { find } for pid=4213 uid=1001 name=vendor.qti.hardware.perf2.IPerf/default scontext=u:r:vendor_dataservice_app:s0 tcontext=u:object_r:default_android_service:s0 tclass=service_manager permissive=0
[   14.576960][ T1054] SELinux: avc:  denied  { find } for pid=4165 uid=1002 name=vendor.qti.hardware.perf2.IPerf/default scontext=u:r:bluetooth:s0 tcontext=u:object_r:default_android_service:s0 tclass=service_manager permissive=0
[   14.579964][ T1054] SELinux: avc:  denied  { find } for pid=2085 uid=1000 name=vendor.qti.hardware.servicetrackeraidl.IServicetracker/default scontext=u:r:system_server:s0 tcontext=u:object_r:default_android_service:s0 tclass=service_manager permissive=0
[   14.581295][ T1054] SELinux: avc:  denied  { find } for pid=2085 uid=1000 name=vendor.qti.hardware.servicetrackeraidl.IServicetracker/default scontext=u:r:system_server:s0 tcontext=u:object_r:default_android_service:s0 tclass=service_manager permissive=0
[   14.586969][ T1054] SELinux: avc:  denied  { find } for pid=4232 uid=10197 name=vendor.qti.hardware.perf2.IPerf/default scontext=u:r:vendor_qtidataservices_app:s0:c197,c256,c512,c768 tcontext=u:object_r:default_android_service:s0 tclass=service_manager permissive=0
[   14.607840][ T1054] SELinux: avc:  denied  { find } for pid=4213 uid=1001 name=vendor.qti.data.factoryservice.IFactory/default scontext=u:r:vendor_dataservice_app:s0 tcontext=u:object_r:default_android_service:s0 tclass=service_manager permissive=0
[   14.613327][ T1054] SELinux: avc:  denied  { find } for pid=4208 uid=10314 name=vendor.qti.hardware.perf2.IPerf/default scontext=u:r:platform_app:s0:c512,c768 tcontext=u:object_r:default_android_service:s0 tclass=service_manager permissive=0
[   14.618955][ T1054] SELinux: avc:  denied  { find } for pid=2085 uid=1000 name=vendor.qti.hardware.servicetrackeraidl.IServicetracker/default scontext=u:r:system_server:s0 tcontext=u:object_r:default_android_service:s0 tclass=service_manager permissive=0
[   15.087599][ T4607] smcinvoke: prepare_send_scm_msg: Secure side is busy,will retry after 30 ms, retry_count = 0
[   15.087645][ T4631] smcinvoke: prepare_send_scm_msg: Secure side is busy,will retry after 30 ms, retry_count = 0
[   15.092892][ T4702] bt_ioctl: BT chip state is already: 0 no change
[   15.122793][ T1878] smcinvoke: prepare_send_scm_msg: Secure side is busy,will retry after 30 ms, retry_count = 0
[   15.122825][ T4631] smcinvoke: prepare_send_scm_msg: Secure side is busy,will retry after 30 ms, retry_count = 1
[   15.714096][  T780] gsi soc:qcom,msm_gsi: gsi_stop_channel:3615 chan=1 busy try again
[   15.716221][  T780] gsi soc:qcom,msm_gsi: gsi_stop_channel:3615 chan=14 busy try again
[   16.434166][  T102] gsi soc:qcom,msm_gsi: gsi_stop_channel:3615 chan=1 busy try again
[   16.436297][  T102] gsi soc:qcom,msm_gsi: gsi_stop_channel:3615 chan=14 busy try again
[   16.455203][ T4988] ueventd: firmware: could not find firmware for wlan-connection-roaming.ini
[   16.455216][ T4988] ueventd: firmware: attempted /etc/firmware/wlan-connection-roaming.ini, open failed: No such file or directory
[   16.455221][ T4988] ueventd: firmware: attempted /odm/firmware/wlan-connection-roaming.ini, open failed: No such file or directory
[   16.455352][  T156] cnss: Failed to get INI file wlan-connection-roaming.ini (-2), Backup file: Supported
[   16.459605][  T156] cnss: Failed to get INI file wlan-connection-roaming-backup.ini (-2)
[   16.523721][  T156] cnss: QMI_DMS_GET_MAC_ADDRESS_REQ_V01 failed, result: 1, err: 16
[   16.546193][  T156] [kworke][0x19639e99][12:05:05.978793] wlan: [156:E:HIF] hif_print_hal_shadow_register_cfg: v3: num_config 36
[   16.546200][  T156] [kworke][0x19639f21][12:05:05.978801] wlan: [156:E:HIF] hif_print_hal_shadow_register_cfg: i 0, val a3b04c
[   16.546203][  T156] [kworke][0x19639f67][12:05:05.978804] wlan: [156:E:HIF] hif_print_hal_shadow_register_cfg: i 1, val a3b054
[   16.546207][  T156] [kworke][0x19639fa1][12:05:05.978807] wlan: [156:E:HIF] hif_print_hal_shadow_register_cfg: i 2, val a3b05c
[   16.546210][  T156] [kworke][0x19639fdf][12:05:05.978810] wlan: [156:E:HIF] hif_print_hal_shadow_register_cfg: i 3, val a3b064
[   16.546213][  T156] [kworke][0x1963a01b][12:05:05.978814] wlan: [156:E:HIF] hif_print_hal_shadow_register_cfg: i 4, val a3b06c
[   16.546216][  T156] [kworke][0x1963a054][12:05:05.978817] wlan: [156:E:HIF] hif_print_hal_shadow_register_cfg: i 5, val a3b074
[   16.546219][  T156] [kworke][0x1963a091][12:05:05.978820] wlan: [156:E:HIF] hif_print_hal_shadow_register_cfg: i 6, val a3b07c
[   16.546222][  T156] [kworke][0x1963a0ce][12:05:05.978823] wlan: [156:E:HIF] hif_print_hal_shadow_register_cfg: i 7, val a3b084
[   16.546225][  T156] [kworke][0x1963a108][12:05:05.978826] wlan: [156:E:HIF] hif_print_hal_shadow_register_cfg: i 8, val a3b08c
[   16.546228][  T156] [kworke][0x1963a141][12:05:05.978829] wlan: [156:E:HIF] hif_print_hal_shadow_register_cfg: i 9, val a3b028
[   16.546236][  T156] [kworke][0x1963a17c][12:05:05.978832] wlan: [156:E:HIF] hif_print_hal_shadow_register_cfg: i 10, val a3b020
[   16.546239][  T156] [kworke][0x1963a20f][12:05:05.978840] wlan: [156:E:HIF] hif_print_hal_shadow_register_cfg: i 11, val a3b0ac
[   16.546242][  T156] [kworke][0x1963a247][12:05:05.978842] wlan: [156:E:HIF] hif_print_hal_shadow_register_cfg: i 12, val a46000
[   16.546245][  T156] [kworke][0x1963a283][12:05:05.978846] wlan: [156:E:HIF] hif_print_hal_shadow_register_cfg: i 13, val a46008
[   16.546248][  T156] [kworke][0x1963a2c2][12:05:05.978849] wlan: [156:E:HIF] hif_print_hal_shadow_register_cfg: i 14, val a46010
[   16.546251][  T156] [kworke][0x1963a2ff][12:05:05.978852] wlan: [156:E:HIF] hif_print_hal_shadow_register_cfg: i 15, val a46018
[   16.546254][  T156] [kworke][0x1963a33a][12:05:05.978855] wlan: [156:E:HIF] hif_print_hal_shadow_register_cfg: i 16, val a46020
[   16.546258][  T156] [kworke][0x1963a375][12:05:05.978858] wlan: [156:E:HIF] hif_print_hal_shadow_register_cfg: i 17, val a370b8
[   16.546261][  T156] [kworke][0x1963a3b3][12:05:05.978861] wlan: [156:E:HIF] hif_print_hal_shadow_register_cfg: i 18, val a37010
[   16.546264][  T156] [kworke][0x1963a3ee][12:05:05.978864] wlan: [156:E:HIF] hif_print_hal_shadow_register_cfg: i 19, val a370cc
[   16.546267][  T156] [kworke][0x1963a42a][12:05:05.978868] wlan: [156:E:HIF] hif_print_hal_shadow_register_cfg: i 20, val a370d4
[   16.546270][  T156] [kworke][0x1963a467][12:05:05.978871] wlan: [156:E:HIF] hif_print_hal_shadow_register_cfg: i 21, val a370dc
[   16.546273][  T156] [kworke][0x1963a4a4][12:05:05.978874] wlan: [156:E:HIF] hif_print_hal_shadow_register_cfg: i 22, val a370e4
[   16.546276][  T156] [kworke][0x1963a4e1][12:05:05.978877] wlan: [156:E:HIF] hif_print_hal_shadow_register_cfg: i 23, val a370ec
[   16.546280][  T156] [kworke][0x1963a51f][12:05:05.978880] wlan: [156:E:HIF] hif_print_hal_shadow_register_cfg: i 24, val a370f4
[   16.546283][  T156] [kworke][0x1963a559][12:05:05.978883] wlan: [156:E:HIF] hif_print_hal_shadow_register_cfg: i 25, val a370fc
[   16.546286][  T156] [kworke][0x1963a597][12:05:05.978887] wlan: [156:E:HIF] hif_print_hal_shadow_register_cfg: i 26, val a37104
[   16.546298][  T156] [kworke][0x1963a67e][12:05:05.978899] wlan: [156:E:HIF] hif_print_hal_shadow_register_cfg: i 27, val 1b80400
[   16.546302][  T156] [kworke][0x1963a6be][12:05:05.978902] wlan: [156:E:HIF] hif_print_hal_shadow_register_cfg: i 28, val 1b83400
[   16.546305][  T156] [kworke][0x1963a6ff][12:05:05.978905] wlan: [156:E:HIF] hif_print_hal_shadow_register_cfg: i 29, val 1b8340c
[   16.546308][  T156] [kworke][0x1963a73e][12:05:05.978909] wlan: [156:E:HIF] hif_print_hal_shadow_register_cfg: i 30, val 1b85400
[   16.546311][  T156] [kworke][0x1963a77c][12:05:05.978912] wlan: [156:E:HIF] hif_print_hal_shadow_register_cfg: i 31, val 1b8540c
[   16.546314][  T156] [kworke][0x1963a7b7][12:05:05.978915] wlan: [156:E:HIF] hif_print_hal_shadow_register_cfg: i 32, val 1b86400
[   16.546317][  T156] [kworke][0x1963a7f3][12:05:05.978918] wlan: [156:E:HIF] hif_print_hal_shadow_register_cfg: i 33, val 1b88400
[   16.546320][  T156] [kworke][0x1963a82d][12:05:05.978921] wlan: [156:E:HIF] hif_print_hal_shadow_register_cfg: i 34, val 1b8f400
[   16.546323][  T156] [kworke][0x1963a864][12:05:05.978924] wlan: [156:E:HIF] hif_print_hal_shadow_register_cfg: i 35, val 1b8f40c
[   16.588630][  T156] wlan_pld:pld_is_ipa_offload_disabled:3344:: Not supported on type 0
[   16.588680][  T156] [kworke][0x19701123][12:05:06.021281] wlan: [156:E:POLICY_MGR] policy_mgr_init_cfg: max_conc_cxns 4 non-nan
[   16.588807][  T156] [kworke][0x19701aaa][12:05:06.021408] wlan: [156:E:QDF] __cds_get_context: Module ID 66 context is Null (via hdd_update_ol_config)
[   16.590155][  T156] [kworke][0x19707f4a][12:05:06.022749] wlan: [156:E:QDF] __cds_get_context: Module ID 66 context is Null (via cds_open)
[   16.591881][  T156] [kworke][0x1971012e][12:05:06.024481] wlan: [156:F:WMA] WMA --> wmi_unified_attach - success
[   16.593909][  T156] [kworke][0x19719942][12:05:06.026509] wlan: [156:E:QDF] htc_wait_target: Target Ready! TX resource : 1 size:2176, MaxMsgsPerHTCBundle = 1
[   16.593919][  T156] [kworke][0x19719a15][12:05:06.026520] wlan: [156:E:QDF] htc_setup_target_buffer_assignments: SVS Index : 1 TX : 0x100 : alloc:1
[   16.603315][  T156] [kworke][0x19745ac5][12:05:06.035916] wlan: [156:E:DP] dp_rx_fst_attach: FST setup params FT size 256, hash_mask 0xff, skid_length 16
[   16.604857][  T156] [kworke][0x1974ce6c][12:05:06.037458] wlan: [156:E:DP] dp_rx_buffer_pool_init: RX buffer pool support is disabled
[   16.637776][  T102] [kworke][0x197e735c][12:05:06.070377] wlan: [102:E:WMA] wma_update_supported_bands: wrong supported band
[   16.637880][  T102] [kworke][0x197e7b2d][12:05:06.070481] wlan: [102:E:QDF] copy_fw_abi_version_tlv: copy_fw_abi_version_tlv: INIT_CMD version: 1, 0, 0x5f414351, 0x4c4d, 0x0, 0x0
[   16.737339][  T102] [kworke][0x199b9e90][12:05:06.169940] wlan: [102:E:QDF] ready_extract_init_status_tlv: ready_extract_init_status_tlv:0
[   16.741370][  T102] [kworke][0x199ccce0][12:05:06.173970] wlan: [102:E:REGULATORY] reg_is_fcc_regdmn: Failed to get reg domain
[   16.741579][  T102] [kworke][0x199cdc8d][12:05:06.174179] wlan: [102:E:CFR] cfr_streamfs_init: Directory create failed
[   16.741582][  T102] [kworke][0x199cdcd1][12:05:06.174183] wlan: [102:E:CFR] wlan_cfr_pdev_open: cfr_streamfs_init failed with 16
[   16.741582][  T102] 
[   16.742044][  T156] [kworke][0x199cff6c][12:05:06.174644] wlan: [156:E:DP] dp_rxdma_ring_config: pdev_id 0 max_mac_rings 2
[   16.742049][  T156] [kworke][0x199cffc8][12:05:06.174649] wlan: [156:E:TXRX] dp_rxdma_ring_config: mac_id 0
[   16.742075][  T156] [kworke][0x199d01c8][12:05:06.174676] wlan: [156:E:TXRX] dp_rxdma_ring_config: mac_id 1
[   16.756864][  T156] [kworke][0x19a15543][12:05:06.189442] wlan: [156:E:fwol] ucfg_fwol_send_get_thermal_stats_cmd: Command Disabled in Ini gThermalStatsTempOffset 5 or not enabled in FW 0
[   16.756878][  T156] [kworke][0x19a157f5][12:05:06.189478] wlan: [156:E:OSIF] os_if_fwol_get_thermal_stats_req: Failed to send get thermal stats cmd to FW, 4
[   16.757012][  T156] [kworke][0x19a1620a][12:05:06.189613] wlan: [156:E:WMI] send_action_oui_cmd_tlv: Invalid action id
[   16.757019][  T156] [kworke][0x19a1628a][12:05:06.189619] wlan: [156:E:WMI] send_action_oui_cmd_tlv: Invalid action id
[   16.757385][  T156] cnss_utils: WLAN MAC address is not set, type 0
[   16.768695][ T1780] [wifi@1][0x19a4ce46][12:05:06.201296] wlan: [1780:E:HDD] hdd_sysfs_bmiss_create: could not create bmiss sysfs file
[   16.768947][ T1780] [wifi@1][0x19a4e12c][12:05:06.201548] wlan: [1780:E:TWT] wlan_twt_is_setup_done: Peer object not found 00:00:00:00:00:00
[   16.782385][ T1780] [wifi@1][0x19a8d0f8][12:05:06.214985] wlan: [1780:E:HDD] hdd_convert_nl80211_to_reg_band_mask: band: 2 not supported
[   16.823181][ T1780] [wifi@1][0x19b4c4a6][12:05:06.255781] wlan: [1780:E:HDD] hdd_convert_nl80211_to_reg_band_mask: band: 2 not supported
[   16.829227][ T1780] [wifi@1][0x19b68a19][12:05:06.261827] wlan: [1780:E:DP] dp_rx_flush_rx_cached: txrx_peer NULL!! peer mac_addr(3c:38:f4:2e:16:56)
[   16.829250][ T1780] [wifi@1][0x19b68be8][12:05:06.261851] wlan: [1780:E:DP] dp_tx_flow_pool_unmap_handler: flow pool id: 0 is inactive, ignore unmap
[   16.912302][  T978] [kworke][0x19cee0d3][12:05:06.344903] wlan: [978:E:HDD] hdd_reg_set_band: Failed to send RSO update to fw on set band
[   16.933198][ T1780] [wifi@1][0x19d50006][12:05:06.365799] wlan: [1780:E:OSIF] wlan_hdd_set_station_stats_request_pending: peer is null
[   16.974015][    T8] gsi soc:qcom,msm_gsi: gsi_stop_channel:3615 chan=1 busy try again
[   16.975651][    T8] gsi soc:qcom,msm_gsi: gsi_stop_channel:3615 chan=14 busy try again
[   17.345956][  T102] gsi soc:qcom,msm_gsi: gsi_stop_channel:3615 chan=1 busy try again
[   17.348001][  T102] gsi soc:qcom,msm_gsi: gsi_stop_channel:3615 chan=14 busy try again
[   19.295151][ T2540] USB cable not connected
[   21.063606][ T1054] SELinux: avc:  denied  { find } for pid=2085 uid=1000 name=vendor.qti.hardware.servicetrackeraidl.IServicetracker/default scontext=u:r:system_server:s0 tcontext=u:object_r:default_android_service:s0 tclass=service_manager permissive=0
[   21.064518][ T1054] SELinux: avc:  denied  { find } for pid=2085 uid=1000 name=vendor.qti.hardware.servicetrackeraidl.IServicetracker/default scontext=u:r:system_server:s0 tcontext=u:object_r:default_android_service:s0 tclass=service_manager permissive=0
[   21.241542][ T1054] SELinux: avc:  denied  { find } for pid=2085 uid=1000 name=vendor.qti.hardware.servicetrackeraidl.IServicetracker/default scontext=u:r:system_server:s0 tcontext=u:object_r:default_android_service:s0 tclass=service_manager permissive=0
[   21.242159][ T1054] SELinux: avc:  denied  { find } for pid=2085 uid=1000 name=vendor.qti.hardware.servicetrackeraidl.IServicetracker/default scontext=u:r:system_server:s0 tcontext=u:object_r:default_android_service:s0 tclass=service_manager permissive=0
[   22.968006][    T1] libprocessgroup: Failed to write 1 to /sys/fs/cgroup/uid_1000/pid_2365/cgroup.kill: No such file or directory
[   22.968018][    T1] libprocessgroup: Failed to open /sys/fs/cgroup/uid_1000/pid_2365/cgroup.procs: No such file or directory
[   23.322710][ T1054] SELinux: avc:  denied  { find } for pid=2085 uid=1000 name=vendor.qti.hardware.servicetrackeraidl.IServicetracker/default scontext=u:r:system_server:s0 tcontext=u:object_r:default_android_service:s0 tclass=service_manager permissive=0
[   23.326289][ T1054] SELinux: avc:  denied  { find } for pid=2085 uid=1000 name=vendor.qti.hardware.servicetrackeraidl.IServicetracker/default scontext=u:r:system_server:s0 tcontext=u:object_r:default_android_service:s0 tclass=service_manager permissive=0
[   23.335064][ T1054] SELinux: avc:  denied  { find } for pid=2085 uid=1000 name=vendor.qti.hardware.servicetrackeraidl.IServicetracker/default scontext=u:r:system_server:s0 tcontext=u:object_r:default_android_service:s0 tclass=service_manager permissive=0
[   23.338216][ T1054] SELinux: avc:  denied  { find } for pid=2085 uid=1000 name=vendor.qti.hardware.servicetrackeraidl.IServicetracker/default scontext=u:r:system_server:s0 tcontext=u:object_r:default_android_service:s0 tclass=service_manager permissive=0
[   23.357446][ T1054] SELinux: avc:  denied  { find } for pid=2085 uid=1000 name=vendor.qti.hardware.servicetrackeraidl.IServicetracker/default scontext=u:r:system_server:s0 tcontext=u:object_r:default_android_service:s0 tclass=service_manager permissive=0
[   23.768082][ T1054] SELinux: avc:  denied  { find } for pid=2085 uid=1000 name=vendor.qti.hardware.servicetrackeraidl.IServicetracker/default scontext=u:r:system_server:s0 tcontext=u:object_r:default_android_service:s0 tclass=service_manager permissive=0
[   23.846005][  T102] gsi soc:qcom,msm_gsi: gsi_stop_channel:3615 chan=1 busy try again
[   23.848104][  T102] gsi soc:qcom,msm_gsi: gsi_stop_channel:3615 chan=14 busy try again
[   24.115330][ T1780] [wifi@1][0x220d23e0][12:05:13.547930] wlan: [1780:E:REGULATORY] reg_get_channel_flags_for_freq: chan freq is not valid
[   24.115338][ T1780] [wifi@1][0x220d2482][12:05:13.547939] wlan: [1780:E:REGULATORY] reg_get_channel_flags_for_freq: chan freq is not valid
[   24.115341][ T1780] [wifi@1][0x220d24c3][12:05:13.547942] wlan: [1780:E:REGULATORY] reg_get_channel_flags_for_freq: chan freq is not valid
[   24.115345][ T1780] [wifi@1][0x220d2501][12:05:13.547945] wlan: [1780:E:REGULATORY] reg_get_channel_flags_for_freq: chan freq is not valid
[   24.115348][ T1780] [wifi@1][0x220d253b][12:05:13.547949] wlan: [1780:E:REGULATORY] reg_get_channel_flags_for_freq: chan freq is not valid
[   24.115351][ T1780] [wifi@1][0x220d2576][12:05:13.547952] wlan: [1780:E:REGULATORY] reg_get_channel_flags_for_freq: chan freq is not valid
[   24.115354][ T1780] [wifi@1][0x220d25b1][12:05:13.547955] wlan: [1780:E:REGULATORY] reg_get_channel_flags_for_freq: chan freq is not valid
[   24.115357][ T1780] [wifi@1][0x220d25e7][12:05:13.547957] wlan: [1780:E:REGULATORY] reg_get_channel_flags_for_freq: chan freq is not valid
[   24.115360][ T1780] [wifi@1][0x220d2622][12:05:13.547961] wlan: [1780:E:REGULATORY] reg_get_channel_flags_for_freq: chan freq is not valid
[   24.115368][ T1780] [wifi@1][0x220d26c1][12:05:13.547969] wlan: [1780:E:REGULATORY] reg_get_channel_flags_for_freq: chan freq is not valid
[   24.115371][ T1780] [wifi@1][0x220d26fb][12:05:13.547972] wlan: [1780:E:REGULATORY] reg_get_channel_flags_for_freq: chan freq is not valid
[   24.115374][ T1780] [wifi@1][0x220d2731][12:05:13.547975] wlan: [1780:E:REGULATORY] reg_get_channel_flags_for_freq: chan freq is not valid
[   24.123539][ T1780] [wifi@1][0x220f8b8f][12:05:13.556140] wlan: [1780:E:OSIF] wlan_hdd_set_station_stats_request_pending: peer is null
[   24.178034][ T5256] audit: rate limit exceeded
[   24.392900][ T5383] [cnd][0x225e759a][12:05:13.825500] wlan: [5383:E:HDD] wlan_hdd_state_ctrl_param_write: WiFi is already enabled
[   24.754203][    C0] [soft_i][0x22c84f3f][12:05:14.186802] wlan: [0:E:REGULATORY] reg_is_fcc_regdmn: Failed to get reg domain
[   25.802734][    T8] gsi soc:qcom,msm_gsi: gsi_stop_channel:3615 chan=1 busy try again
[   25.805219][    T8] gsi soc:qcom,msm_gsi: gsi_stop_channel:3615 chan=14 busy try again
[   26.123243][ T1779] i2c_geni 888000.i2c: i2c error :-107
[   26.591623][ T1780] [wifi@1][0x24e29da6][12:05:16.024221] wlan: [1780:E:OSIF] wlan_hdd_set_station_stats_request_pending: peer is null
[   26.632585][ T1780] [wifi@1][0x24ee9deb][12:05:16.065184] wlan: [1780:E:DP] dp_rx_flush_rx_cached: txrx_peer NULL!! peer mac_addr(12:27:26:9d:8e:f3)
[   26.632657][ T1780] [wifi@1][0x24eea34e][12:05:16.065257] wlan: [1780:E:DP] dp_tx_flow_pool_unmap_handler: flow pool id: 0 is inactive, ignore unmap
[   26.703277][ T1054] SELinux: avc:  denied  { find } for pid=5873 uid=10302 name=vendor.qti.hardware.perf2.IPerf/default scontext=u:r:platform_app:s0:c512,c768 tcontext=u:object_r:default_android_service:s0 tclass=service_manager permissive=0
[   26.787426][ T5033] [schedu][0x251bfab5][12:05:16.220022] wlan: [5033:E:WMA] wma_sr_update: Spatial Reuse disabled for vdev_id: 0
[   26.849015][  T102] [kworke][0x252e0609][12:05:16.281613] wlan: [102:E:OSIF] osif_twt_enable_complete_cb: obsolete request
[   26.985647][    C2] [soft_i][0x25560aab][12:05:16.418208] wlan: [0:E:DP] dp_tx_update_peer_stats: Release source:3 is not from TQM
[   27.915965][    C2] [soft_i][0x2666984d][12:05:17.348523] wlan: [0:E:DP] dp_tx_update_peer_stats: Release source:3 is not from TQM
[   28.207378][ T1054] SELinux: avc:  denied  { find } for pid=2085 uid=1000 name=vendor.qti.hardware.servicetrackeraidl.IServicetracker/default scontext=u:r:system_server:s0 tcontext=u:object_r:default_android_service:s0 tclass=service_manager permissive=0
[   28.208253][ T1054] SELinux: avc:  denied  { find } for pid=2085 uid=1000 name=vendor.qti.hardware.servicetrackeraidl.IServicetracker/default scontext=u:r:system_server:s0 tcontext=u:object_r:default_android_service:s0 tclass=service_manager permissive=0
[   28.213997][ T1054] SELinux: avc:  denied  { find } for pid=2085 uid=1000 name=vendor.qti.hardware.servicetrackeraidl.IServicetracker/default scontext=u:r:system_server:s0 tcontext=u:object_r:default_android_service:s0 tclass=service_manager permissive=0
[   28.215807][ T1054] SELinux: avc:  denied  { find } for pid=2085 uid=1000 name=vendor.qti.hardware.servicetrackeraidl.IServicetracker/default scontext=u:r:system_server:s0 tcontext=u:object_r:default_android_service:s0 tclass=service_manager permissive=0
[   28.216323][ T1054] SELinux: avc:  denied  { find } for pid=2085 uid=1000 name=vendor.qti.hardware.servicetrackeraidl.IServicetracker/default scontext=u:r:system_server:s0 tcontext=u:object_r:default_android_service:s0 tclass=service_manager permissive=0
[   28.219088][ T1054] SELinux: avc:  denied  { find } for pid=2085 uid=1000 name=vendor.qti.hardware.servicetrackeraidl.IServicetracker/default scontext=u:r:system_server:s0 tcontext=u:object_r:default_android_service:s0 tclass=service_manager permissive=0
[   28.223191][ T1054] SELinux: avc:  denied  { find } for pid=2085 uid=1000 name=vendor.qti.hardware.servicetrackeraidl.IServicetracker/default scontext=u:r:system_server:s0 tcontext=u:object_r:default_android_service:s0 tclass=service_manager permissive=0
[   28.224372][ T1054] SELinux: avc:  denied  { find } for pid=2085 uid=1000 name=vendor.qti.hardware.servicetrackeraidl.IServicetracker/default scontext=u:r:system_server:s0 tcontext=u:object_r:default_android_service:s0 tclass=service_manager permissive=0
[   28.225508][ T1054] SELinux: avc:  denied  { find } for pid=2085 uid=1000 name=vendor.qti.hardware.servicetrackeraidl.IServicetracker/default scontext=u:r:system_server:s0 tcontext=u:object_r:default_android_service:s0 tclass=service_manager permissive=0
[   31.515152][ T5198] audit: rate limit exceeded
[   31.740113][  T978] i2c_geni 988000.i2c: i2c error :-107
[   31.740446][  T978] i2c_geni 988000.i2c: i2c error :-107
[   31.740614][  T978] i2c_geni 988000.i2c: i2c error :-107
[   31.740788][  T978] i2c_geni 988000.i2c: i2c error :-107
[   31.740962][  T978] i2c_geni 988000.i2c: i2c error :-107
[   31.741143][  T978] i2c_geni 988000.i2c: i2c error :-107
[   31.741303][  T978] i2c_geni 988000.i2c: i2c error :-107
[   32.047828][ T1054] SELinux: avc:  denied  { find } for pid=2085 uid=1000 name=vendor.qti.hardware.servicetrackeraidl.IServicetracker/default scontext=u:r:system_server:s0 tcontext=u:object_r:default_android_service:s0 tclass=service_manager permissive=0
[   32.364021][    C0] [soft_i][0x2b7dbefe][12:05:21.796612] wlan: [0:E:REGULATORY] reg_is_fcc_regdmn: Failed to get reg domain
[   34.944623][ T1054] SELinux: avc:  denied  { find } for pid=2085 uid=1000 name=vendor.qti.hardware.servicetrackeraidl.IServicetracker/default scontext=u:r:system_server:s0 tcontext=u:object_r:default_android_service:s0 tclass=service_manager permissive=0
[   34.946248][ T1054] SELinux: avc:  denied  { find } for pid=2085 uid=1000 name=vendor.qti.hardware.servicetrackeraidl.IServicetracker/default scontext=u:r:system_server:s0 tcontext=u:object_r:default_android_service:s0 tclass=service_manager permissive=0
[   35.822929][ T5966] ipa ipa_pm_notify:506 Entry
[   35.822966][ T5966] ipa ipa_pm_notify:518 Exit
[   35.826412][ T1270] gunyah: Wait for VM_STATUS 9 interrupted
[   35.913882][ T5966] rtc6226: rtc6226_i2c_suspend 100
[   35.927137][ T5966] PM: Some devices failed to suspend, or early wake event detected
[   35.927561][ T5966] rtc6226: rtc6226_i2c_resume 100
[   35.946060][  T200] [kworke][0x2f972c7d][12:05:25.378659] wlan: [200:E:PMO] pmo_core_is_gtk_enabled_in_fwr: cache request mac:00:00:00:00:00:00, peer mac:e0:23:ff:e4:a6:cb are not same
[   35.946074][  T200] [kworke][0x2f972d94][12:05:25.378673] wlan: [200:E:HDD] hdd_disable_gtk_offload: Failed to send get gtk rsp status:4
[   35.946358][  T200] [kworke][0x2f9742da][12:05:25.378957] wlan: [200:E:HDD] hdd_restart_tsf_sync_post_wlan_resume: Host TSF sync is not initialized!!
[   35.950759][ T1124] smcinvoke: process_accept_req: process_accept_req txn 3 either invalid or removed from Q
[   35.950808][ T1124] smcinvoke: process_accept_req: accept thread returning with ret: -11
[   35.951565][ T1141] smcinvoke: process_accept_req: process_accept_req txn 430 either invalid or removed from Q
[   35.951585][ T1153] smcinvoke: process_accept_req: process_accept_req txn 3 either invalid or removed from Q
[   35.951596][ T1141] smcinvoke: process_accept_req: accept thread returning with ret: -11
[   35.951604][ T1153] smcinvoke: process_accept_req: accept thread returning with ret: -11
[   35.951746][ T1160] smcinvoke: process_accept_req: process_accept_req txn 2 either invalid or removed from Q
[   35.951753][ T1146] smcinvoke: process_accept_req: process_accept_req txn 154 either invalid or removed from Q
[   35.951768][ T1146] smcinvoke: process_accept_req: accept thread returning with ret: -11
[   35.951779][ T1160] smcinvoke: process_accept_req: accept thread returning with ret: -11
[   35.951847][ T1164] smcinvoke: process_accept_req: process_accept_req txn 2 either invalid or removed from Q
[   35.951858][ T1164] smcinvoke: process_accept_req: accept thread returning with ret: -11
[   35.951869][ T1149] smcinvoke: process_accept_req: process_accept_req txn 3 either invalid or removed from Q
[   35.951892][ T1149] smcinvoke: process_accept_req: accept thread returning with ret: -11
[   35.951920][ T1166] smcinvoke: process_accept_req: process_accept_req txn 3 either invalid or removed from Q
[   35.951932][ T1166] smcinvoke: process_accept_req: accept thread returning with ret: -11
[   35.952032][ T1151] smcinvoke: process_accept_req: process_accept_req txn 1 either invalid or removed from Q
[   35.952054][ T1151] smcinvoke: process_accept_req: accept thread returning with ret: -11
[   35.952164][ T1167] smcinvoke: process_accept_req: process_accept_req txn 1 either invalid or removed from Q
[   35.952194][ T1156] smcinvoke: process_accept_req: process_accept_req txn 1 either invalid or removed from Q
[   35.952194][ T1229] smcinvoke: process_accept_req: process_accept_req txn 2 either invalid or removed from Q
[   35.952197][ T1167] smcinvoke: process_accept_req: accept thread returning with ret: -11
[   35.952207][ T1229] smcinvoke: process_accept_req: accept thread returning with ret: -11
[   35.952215][ T1156] smcinvoke: process_accept_req: accept thread returning with ret: -11
[   35.952298][ T1161] smcinvoke: process_accept_req: process_accept_req txn 3 either invalid or removed from Q
[   35.952314][ T1161] smcinvoke: process_accept_req: accept thread returning with ret: -11
[   35.952486][ T1231] smcinvoke: process_accept_req: process_accept_req txn 1 either invalid or removed from Q
[   35.952508][ T1231] smcinvoke: process_accept_req: accept thread returning with ret: -11
[   35.953200][ T1477] smcinvoke: process_accept_req: process_accept_req txn 2 either invalid or removed from Q
[   35.953228][ T1477] smcinvoke: process_accept_req: accept thread returning with ret: -11
[   35.953701][ T1480] smcinvoke: process_accept_req: process_accept_req txn 1 either invalid or removed from Q
[   35.953728][ T1480] smcinvoke: process_accept_req: accept thread returning with ret: -11
[   35.954813][ T1131] smcinvoke: process_accept_req: process_accept_req txn 3 either invalid or removed from Q
[   35.954840][ T1131] smcinvoke: process_accept_req: accept thread returning with ret: -11
[   35.954902][ T1699] smcinvoke: process_accept_req: process_accept_req txn 3 either invalid or removed from Q
[   35.954927][ T1699] smcinvoke: process_accept_req: accept thread returning with ret: -11
[   35.955302][ T1701] smcinvoke: process_accept_req: process_accept_req txn 1 either invalid or removed from Q
[   35.955319][ T1725] smcinvoke: process_accept_req: process_accept_req txn 5 either invalid or removed from Q
[   35.955324][ T1701] smcinvoke: process_accept_req: accept thread returning with ret: -11
[   35.955336][ T1725] smcinvoke: process_accept_req: accept thread returning with ret: -11
[   35.955410][ T1702] smcinvoke: process_accept_req: process_accept_req txn 2 either invalid or removed from Q
[   35.955425][ T1702] smcinvoke: process_accept_req: accept thread returning with ret: -11
[   35.955560][ T1724] smcinvoke: process_accept_req: process_accept_req txn 2 either invalid or removed from Q
[   35.955569][ T3526] smcinvoke: process_accept_req: process_accept_req txn 4 either invalid or removed from Q
[   35.955573][ T1724] smcinvoke: process_accept_req: accept thread returning with ret: -11
[   35.955585][ T3526] smcinvoke: process_accept_req: accept thread returning with ret: -11
[   35.955632][ T1727] smcinvoke: process_accept_req: process_accept_req txn 7 either invalid or removed from Q
[   35.955634][ T3528] smcinvoke: process_accept_req: process_accept_req txn 3 either invalid or removed from Q
[   35.955640][ T3528] smcinvoke: process_accept_req: accept thread returning with ret: -11
[   35.955651][ T1727] smcinvoke: process_accept_req: accept thread returning with ret: -11
[   35.955695][ T1119] smcinvoke: process_accept_req: process_accept_req txn 43 either invalid or removed from Q
[   35.955709][ T1119] smcinvoke: process_accept_req: accept thread returning with ret: -11
[   35.955732][ T1729] smcinvoke: process_accept_req: process_accept_req txn 16 either invalid or removed from Q
[   35.955741][ T1729] smcinvoke: process_accept_req: accept thread returning with ret: -11
[   35.955769][ T1120] smcinvoke: process_accept_req: process_accept_req txn 46 either invalid or removed from Q
[   35.955780][ T1120] smcinvoke: process_accept_req: accept thread returning with ret: -11
[   35.955806][ T1730] smcinvoke: process_accept_req: process_accept_req txn 14 either invalid or removed from Q
[   35.955815][ T1730] smcinvoke: process_accept_req: accept thread returning with ret: -11
[   35.955867][ T1731] smcinvoke: process_accept_req: process_accept_req txn 15 either invalid or removed from Q
[   35.955877][ T1731] smcinvoke: process_accept_req: accept thread returning with ret: -11
[   35.955888][ T1138] smcinvoke: process_accept_req: process_accept_req txn 424 either invalid or removed from Q
[   35.955899][ T1138] smcinvoke: process_accept_req: accept thread returning with ret: -11
[   35.955928][ T1732] smcinvoke: process_accept_req: process_accept_req txn 12 either invalid or removed from Q
[   35.955938][ T1732] smcinvoke: process_accept_req: accept thread returning with ret: -11
[   35.955967][ T1139] smcinvoke: process_accept_req: process_accept_req txn 425 either invalid or removed from Q
[   35.955978][ T1139] smcinvoke: process_accept_req: accept thread returning with ret: -11
[   35.956037][ T1735] smcinvoke: process_accept_req: process_accept_req txn 3 either invalid or removed from Q
[   35.956037][ T1140] smcinvoke: process_accept_req: process_accept_req txn 429 either invalid or removed from Q
[   35.956044][ T1140] smcinvoke: process_accept_req: accept thread returning with ret: -11
[   35.956054][ T1735] smcinvoke: process_accept_req: accept thread returning with ret: -11
[   35.956106][ T1737] smcinvoke: process_accept_req: process_accept_req txn 6 either invalid or removed from Q
[   35.956107][ T1143] smcinvoke: process_accept_req: process_accept_req txn 146 either invalid or removed from Q
[   35.956112][ T1143] smcinvoke: process_accept_req: accept thread returning with ret: -11
[   35.956122][ T1737] smcinvoke: process_accept_req: accept thread returning with ret: -11
[   35.956168][ T1144] smcinvoke: process_accept_req: process_accept_req txn 162 either invalid or removed from Q
[   35.956179][ T1144] smcinvoke: process_accept_req: accept thread returning with ret: -11
[   35.956316][ T1145] smcinvoke: process_accept_req: process_accept_req txn 165 either invalid or removed from Q
[   35.956461][ T1795] smcinvoke: process_accept_req: process_accept_req txn 2 either invalid or removed from Q
[   35.956464][ T1797] smcinvoke: process_accept_req: process_accept_req txn 1 either invalid or removed from Q
[   35.956474][ T1797] smcinvoke: process_accept_req: accept thread returning with ret: -11
[   35.956480][ T1795] smcinvoke: process_accept_req: accept thread returning with ret: -11
[   35.956565][ T1852] smcinvoke: process_accept_req: process_accept_req txn 2 either invalid or removed from Q
[   35.956584][ T1852] smcinvoke: process_accept_req: accept thread returning with ret: -11
[   35.957104][ T4689] smcinvoke: process_accept_req: process_accept_req txn 2 either invalid or removed from Q
[   35.957124][ T4689] smcinvoke: process_accept_req: accept thread returning with ret: -11
[   35.957214][ T5695] smcinvoke: process_accept_req: process_accept_req txn 1 either invalid or removed from Q
[   35.957232][ T5695] smcinvoke: process_accept_req: accept thread returning with ret: -11
[   35.957248][ T5694] smcinvoke: process_accept_req: process_accept_req txn 2 either invalid or removed from Q
[   35.957269][ T5694] smcinvoke: process_accept_req: accept thread returning with ret: -11
[   35.957292][ T4692] smcinvoke: process_accept_req: process_accept_req txn 3 either invalid or removed from Q
[   35.957310][ T4692] smcinvoke: process_accept_req: accept thread returning with ret: -11
[   35.957388][ T5721] smcinvoke: process_accept_req: process_accept_req txn 2 either invalid or removed from Q
[   35.957400][ T5721] smcinvoke: process_accept_req: accept thread returning with ret: -11
[   35.957433][ T5773] smcinvoke: process_accept_req: process_accept_req txn 2 either invalid or removed from Q
[   35.957446][ T5773] smcinvoke: process_accept_req: accept thread returning with ret: -11
[   35.957625][ T1145] smcinvoke: process_accept_req: accept thread returning with ret: -11
[   35.958015][ T5932] smcinvoke: process_accept_req: process_accept_req txn 3 either invalid or removed from Q
[   35.958033][ T5932] smcinvoke: process_accept_req: accept thread returning with ret: -11
[   35.958188][ T5933] smcinvoke: process_accept_req: process_accept_req txn 2 either invalid or removed from Q
[   35.958205][ T5933] smcinvoke: process_accept_req: accept thread returning with ret: -11
[   35.958507][ T2887] smcinvoke: process_accept_req: process_accept_req txn 1 either invalid or removed from Q
[   35.958524][ T2887] smcinvoke: process_accept_req: accept thread returning with ret: -11
[   35.958538][ T2889] smcinvoke: process_accept_req: process_accept_req txn 2 either invalid or removed from Q
[   35.958557][ T2889] smcinvoke: process_accept_req: accept thread returning with ret: -11
[   35.960406][ T1170] smcinvoke: process_accept_req: process_accept_req txn 2 either invalid or removed from Q
[   35.960426][ T1170] smcinvoke: process_accept_req: accept thread returning with ret: -11
[   35.961648][ T1118] smcinvoke: process_accept_req: process_accept_req txn 33 either invalid or removed from Q
[   35.961664][ T1118] smcinvoke: process_accept_req: accept thread returning with ret: -11
[   35.962741][ T1121] smcinvoke: process_accept_req: process_accept_req txn 1 either invalid or removed from Q
[   35.962759][ T1121] smcinvoke: process_accept_req: accept thread returning with ret: -11
[   35.963066][ T1136] smcinvoke: process_accept_req: process_accept_req txn 11 either invalid or removed from Q
[   35.963078][ T1136] smcinvoke: process_accept_req: accept thread returning with ret: -11
[   36.036115][ T5966] ipa ipa_pm_notify:506 Entry
[   36.036134][ T5966] ipa ipa_pm_notify:518 Exit
[   36.246238][ T5966] ipa ipa_pm_notify:506 Entry
[   36.246268][ T5966] ipa ipa_pm_notify:518 Exit
[   36.249372][ T1270] gunyah: Wait for VM_STATUS 9 interrupted
[   36.328182][ T5966] rtc6226: rtc6226_i2c_suspend 100
[   36.372710][ T5966] rtc6226: rtc6226_i2c_resume 100
[   36.398058][  T198] [kworke][0x5943f50f][12:06:01.794773] wlan: [198:E:PMO] pmo_core_is_gtk_enabled_in_fwr: cache request mac:00:00:00:00:00:00, peer mac:e0:23:ff:e4:a6:cb are not same
[   36.398095][  T198] [kworke][0x5943f7d5][12:06:01.794810] wlan: [198:E:HDD] hdd_disable_gtk_offload: Failed to send get gtk rsp status:4
[   36.398306][  T198] [kworke][0x594407bb][12:06:01.795022] wlan: [198:E:HDD] hdd_restart_tsf_sync_post_wlan_resume: Host TSF sync is not initialized!!
[   36.481880][ T5966] ipa ipa_pm_notify:506 Entry
[   36.481905][ T5966] ipa ipa_pm_notify:518 Exit
[   36.524439][ T1054] SELinux: avc:  denied  { find } for pid=2085 uid=1000 name=vendor.qti.hardware.servicetrackeraidl.IServicetracker/default scontext=u:r:system_server:s0 tcontext=u:object_r:default_android_service:s0 tclass=service_manager permissive=0
[   36.525783][ T1054] SELinux: avc:  denied  { find } for pid=2085 uid=1000 name=vendor.qti.hardware.servicetrackeraidl.IServicetracker/default scontext=u:r:system_server:s0 tcontext=u:object_r:default_android_service:s0 tclass=service_manager permissive=0
[   36.580850][ T1054] SELinux: avc:  denied  { find } for pid=2085 uid=1000 name=vendor.qti.hardware.servicetrackeraidl.IServicetracker/default scontext=u:r:system_server:s0 tcontext=u:object_r:default_android_service:s0 tclass=service_manager permissive=0
[   36.585256][ T1054] SELinux: avc:  denied  { find } for pid=2085 uid=1000 name=vendor.qti.hardware.servicetrackeraidl.IServicetracker/default scontext=u:r:system_server:s0 tcontext=u:object_r:default_android_service:s0 tclass=service_manager permissive=0
[   36.613277][ T1054] SELinux: avc:  denied  { find } for pid=2085 uid=1000 name=vendor.qti.hardware.servicetrackeraidl.IServicetracker/default scontext=u:r:system_server:s0 tcontext=u:object_r:default_android_service:s0 tclass=service_manager permissive=0
[   36.706717][ T5966] ipa ipa_pm_notify:506 Entry
[   36.706739][ T5966] ipa ipa_pm_notify:518 Exit
[   36.708141][ T1270] gunyah: Wait for VM_STATUS 9 interrupted
[   36.800159][ T5966] rtc6226: rtc6226_i2c_suspend 100
[   36.846953][ T5966] rtc6226: rtc6226_i2c_resume 100
[   36.872539][  T102] [kworke][0x6583c3c6][12:06:12.498329] wlan: [102:E:PMO] pmo_core_is_gtk_enabled_in_fwr: cache request mac:00:00:00:00:00:00, peer mac:e0:23:ff:e4:a6:cb are not same
[   36.872551][  T102] [kworke][0x6583c4bc][12:06:12.498342] wlan: [102:E:HDD] hdd_disable_gtk_offload: Failed to send get gtk rsp status:4
[   36.872913][  T102] [kworke][0x6583dfd2][12:06:12.498703] wlan: [102:E:HDD] hdd_restart_tsf_sync_post_wlan_resume: Host TSF sync is not initialized!!
[   36.948834][ T5966] ipa ipa_pm_notify:506 Entry
[   36.948868][ T5966] ipa ipa_pm_notify:518 Exit
[   38.399447][ T1054] SELinux: avc:  denied  { find } for pid=2085 uid=1000 name=vendor.qti.hardware.servicetrackeraidl.IServicetracker/default scontext=u:r:system_server:s0 tcontext=u:object_r:default_android_service:s0 tclass=service_manager permissive=0
[   38.442618][  T780] gsi soc:qcom,msm_gsi: gsi_stop_channel:3615 chan=1 busy try again
[   38.445089][  T780] gsi soc:qcom,msm_gsi: gsi_stop_channel:3615 chan=14 busy try again
[   39.676659][ T1054] SELinux: avc:  denied  { find } for pid=2085 uid=1000 name=vendor.qti.hardware.servicetrackeraidl.IServicetracker/default scontext=u:r:system_server:s0 tcontext=u:object_r:default_android_service:s0 tclass=service_manager permissive=0
[   39.678808][ T1054] SELinux: avc:  denied  { find } for pid=2085 uid=1000 name=vendor.qti.hardware.servicetrackeraidl.IServicetracker/default scontext=u:r:system_server:s0 tcontext=u:object_r:default_android_service:s0 tclass=service_manager permissive=0
[   39.682389][ T1054] SELinux: avc:  denied  { find } for pid=2085 uid=1000 name=vendor.qti.hardware.servicetrackeraidl.IServicetracker/default scontext=u:r:system_server:s0 tcontext=u:object_r:default_android_service:s0 tclass=service_manager permissive=0
[   39.698065][ T1054] SELinux: avc:  denied  { find } for pid=2085 uid=1000 name=vendor.qti.hardware.servicetrackeraidl.IServicetracker/default scontext=u:r:system_server:s0 tcontext=u:object_r:default_android_service:s0 tclass=service_manager permissive=0
[   39.701110][ T1054] SELinux: avc:  denied  { find } for pid=2085 uid=1000 name=vendor.qti.hardware.servicetrackeraidl.IServicetracker/default scontext=u:r:system_server:s0 tcontext=u:object_r:default_android_service:s0 tclass=service_manager permissive=0
[   39.702627][ T1054] SELinux: avc:  denied  { find } for pid=2085 uid=1000 name=vendor.qti.hardware.servicetrackeraidl.IServicetracker/default scontext=u:r:system_server:s0 tcontext=u:object_r:default_android_service:s0 tclass=service_manager permissive=0
[   39.705923][ T1054] SELinux: avc:  denied  { find } for pid=2085 uid=1000 name=vendor.qti.hardware.servicetrackeraidl.IServicetracker/default scontext=u:r:system_server:s0 tcontext=u:object_r:default_android_service:s0 tclass=service_manager permissive=0
[   39.915361][ T5966] ipa ipa_pm_notify:506 Entry
[   39.915414][ T5966] ipa ipa_pm_notify:518 Exit
[   39.919021][ T1270] gunyah: Wait for VM_STATUS 9 interrupted
[   40.010836][ T5966] rtc6226: rtc6226_i2c_suspend 100
[   40.066895][ T5966] rtc6226: rtc6226_i2c_resume 100
[   40.092414][  T102] [kworke][0x6a69bb2d][12:06:16.778535] wlan: [102:E:PMO] pmo_core_is_gtk_enabled_in_fwr: cache request mac:00:00:00:00:00:00, peer mac:e0:23:ff:e4:a6:cb are not same
[   40.092432][  T102] [kworke][0x6a69bc7e][12:06:16.778552] wlan: [102:E:HDD] hdd_disable_gtk_offload: Failed to send get gtk rsp status:4
[   40.092839][  T102] [kworke][0x6a69db0a][12:06:16.778959] wlan: [102:E:HDD] hdd_restart_tsf_sync_post_wlan_resume: Host TSF sync is not initialized!!
[   40.097713][ T1141] smcinvoke: process_accept_req: process_accept_req txn 540 either invalid or removed from Q
[   40.097749][ T1141] smcinvoke: process_accept_req: accept thread returning with ret: -11
[   40.097873][ T1138] smcinvoke: process_accept_req: process_accept_req txn 545 either invalid or removed from Q
[   40.097900][ T1138] smcinvoke: process_accept_req: accept thread returning with ret: -11
[   40.098073][ T1139] smcinvoke: process_accept_req: process_accept_req txn 538 either invalid or removed from Q
[   40.098095][ T1139] smcinvoke: process_accept_req: accept thread returning with ret: -11
[   40.098191][ T1140] smcinvoke: process_accept_req: process_accept_req txn 539 either invalid or removed from Q
[   40.098211][ T1140] smcinvoke: process_accept_req: accept thread returning with ret: -11
[   40.168986][ T5966] ipa ipa_pm_notify:506 Entry
[   40.169010][ T5966] ipa ipa_pm_notify:518 Exit
[   40.280150][ T1054] SELinux: avc:  denied  { find } for pid=2085 uid=1000 name=vendor.qti.hardware.servicetrackeraidl.IServicetracker/default scontext=u:r:system_server:s0 tcontext=u:object_r:default_android_service:s0 tclass=service_manager permissive=0
[   40.294603][ T1054] SELinux: avc:  denied  { find } for pid=2085 uid=1000 name=vendor.qti.hardware.servicetrackeraidl.IServicetracker/default scontext=u:r:system_server:s0 tcontext=u:object_r:default_android_service:s0 tclass=service_manager permissive=0
[   40.316770][ T1779] i2c_geni 888000.i2c: i2c error :-107
[   40.389903][  T780] gsi soc:qcom,msm_gsi: gsi_stop_channel:3615 chan=1 busy try again
[   40.392059][  T780] gsi soc:qcom,msm_gsi: gsi_stop_channel:3615 chan=14 busy try again
[   40.923763][ T6108] audit: rate limit exceeded
[   44.218911][ T1054] SELinux: avc:  denied  { find } for pid=2085 uid=1000 name=vendor.qti.hardware.servicetrackeraidl.IServicetracker/default scontext=u:r:system_server:s0 tcontext=u:object_r:default_android_service:s0 tclass=service_manager permissive=0
[   44.269942][ T1054] SELinux: avc:  denied  { find } for pid=2085 uid=1000 name=vendor.qti.hardware.servicetrackeraidl.IServicetracker/default scontext=u:r:system_server:s0 tcontext=u:object_r:default_android_service:s0 tclass=service_manager permissive=0
[   44.271625][ T1054] SELinux: avc:  denied  { find } for pid=2085 uid=1000 name=vendor.qti.hardware.servicetrackeraidl.IServicetracker/default scontext=u:r:system_server:s0 tcontext=u:object_r:default_android_service:s0 tclass=service_manager permissive=0
[   44.271888][ T1054] SELinux: avc:  denied  { find } for pid=2085 uid=1000 name=vendor.qti.hardware.servicetrackeraidl.IServicetracker/default scontext=u:r:system_server:s0 tcontext=u:object_r:default_android_service:s0 tclass=service_manager permissive=0
[   44.272440][ T1054] SELinux: avc:  denied  { find } for pid=2085 uid=1000 name=vendor.qti.hardware.servicetrackeraidl.IServicetracker/default scontext=u:r:system_server:s0 tcontext=u:object_r:default_android_service:s0 tclass=service_manager permissive=0
[   44.273991][ T1054] SELinux: avc:  denied  { find } for pid=2085 uid=1000 name=vendor.qti.hardware.servicetrackeraidl.IServicetracker/default scontext=u:r:system_server:s0 tcontext=u:object_r:default_android_service:s0 tclass=service_manager permissive=0
[   44.274634][ T1054] SELinux: avc:  denied  { find } for pid=2085 uid=1000 name=vendor.qti.hardware.servicetrackeraidl.IServicetracker/default scontext=u:r:system_server:s0 tcontext=u:object_r:default_android_service:s0 tclass=service_manager permissive=0
[   44.275569][ T1054] SELinux: avc:  denied  { find } for pid=2085 uid=1000 name=vendor.qti.hardware.servicetrackeraidl.IServicetracker/default scontext=u:r:system_server:s0 tcontext=u:object_r:default_android_service:s0 tclass=service_manager permissive=0
[   44.275906][ T1054] SELinux: avc:  denied  { find } for pid=2085 uid=1000 name=vendor.qti.hardware.servicetrackeraidl.IServicetracker/default scontext=u:r:system_server:s0 tcontext=u:object_r:default_android_service:s0 tclass=service_manager permissive=0
[   44.280626][ T1054] SELinux: avc:  denied  { find } for pid=2085 uid=1000 name=vendor.qti.hardware.servicetrackeraidl.IServicetracker/default scontext=u:r:system_server:s0 tcontext=u:object_r:default_android_service:s0 tclass=service_manager permissive=0
[   44.610357][ T6473] audit: rate limit exceeded
[   44.983953][ T1223] i2c_geni a80000.i2c: i2c error :-107
[   45.252275][ T5033] [schedu][0x705168ba][12:06:21.938395] wlan: [5033:E:HDD] hdd_tsf_is_initialized: TSF is not initialized
[   45.252303][ T5033] [schedu][0x70516aea][12:06:21.938424] wlan: [5033:E:HDD] hdd_get_tsf_cb: tsf is not init, ignore tsf event
[   45.869696][ T5033] [schedu][0x71064b5f][12:06:22.555817] wlan: [5033:E:HDD] hdd_tsf_is_initialized: TSF is not initialized
[   45.869723][ T5033] [schedu][0x71064d68][12:06:22.555844] wlan: [5033:E:HDD] hdd_get_tsf_cb: tsf is not init, ignore tsf event
[   45.980802][ T7112] audit: rate limit exceeded
[   47.024499][ T8098] audit: rate limit exceeded
[   47.250963][    C0] [soft_i][0x729af65c][12:06:23.937084] wlan: [0:E:REGULATORY] reg_is_fcc_regdmn: Failed to get reg domain
[   48.145024][ T8613] audit: rate limit exceeded
[   48.604316][ T6809] i2c_geni a80000.i2c: i2c error :-107
[   49.226576][ T1054] SELinux: avc:  denied  { find } for pid=2085 uid=1000 name=vendor.qti.hardware.servicetrackeraidl.IServicetracker/default scontext=u:r:system_server:s0 tcontext=u:object_r:default_android_service:s0 tclass=service_manager permissive=0
[   49.227011][ T1054] SELinux: avc:  denied  { find } for pid=2085 uid=1000 name=vendor.qti.hardware.servicetrackeraidl.IServicetracker/default scontext=u:r:system_server:s0 tcontext=u:object_r:default_android_service:s0 tclass=service_manager permissive=0
[   49.235210][ T1054] SELinux: avc:  denied  { find } for pid=2085 uid=1000 name=vendor.qti.hardware.servicetrackeraidl.IServicetracker/default scontext=u:r:system_server:s0 tcontext=u:object_r:default_android_service:s0 tclass=service_manager permissive=0
[   49.251732][ T1054] SELinux: avc:  denied  { find } for pid=9113 uid=10353 name=vendor.qti.hardware.perf2.IPerf/default scontext=u:r:vendor_embmssl_app:s0:c97,c257,c512,c768 tcontext=u:object_r:default_android_service:s0 tclass=service_manager permissive=0
[   49.258404][ T1054] SELinux: avc:  denied  { find } for pid=2085 uid=1000 name=vendor.qti.hardware.servicetrackeraidl.IServicetracker/default scontext=u:r:system_server:s0 tcontext=u:object_r:default_android_service:s0 tclass=service_manager permissive=0
[   49.260314][ T1054] SELinux: avc:  denied  { find } for pid=2085 uid=1000 name=vendor.qti.hardware.servicetrackeraidl.IServicetracker/default scontext=u:r:system_server:s0 tcontext=u:object_r:default_android_service:s0 tclass=service_manager permissive=0
[   49.292606][ T1054] SELinux: avc:  denied  { find } for pid=2085 uid=1000 name=vendor.qti.hardware.servicetrackeraidl.IServicetracker/default scontext=u:r:system_server:s0 tcontext=u:object_r:default_android_service:s0 tclass=service_manager permissive=0
[   49.333392][ T1054] SELinux: avc:  denied  { find } for pid=2085 uid=1000 name=vendor.qti.hardware.servicetrackeraidl.IServicetracker/default scontext=u:r:system_server:s0 tcontext=u:object_r:default_android_service:s0 tclass=service_manager permissive=0
[   49.333967][ T1054] SELinux: avc:  denied  { find } for pid=2085 uid=1000 name=vendor.qti.hardware.servicetrackeraidl.IServicetracker/default scontext=u:r:system_server:s0 tcontext=u:object_r:default_android_service:s0 tclass=service_manager permissive=0
[   49.335237][ T1054] SELinux: avc:  denied  { find } for pid=2085 uid=1000 name=vendor.qti.hardware.servicetrackeraidl.IServicetracker/default scontext=u:r:system_server:s0 tcontext=u:object_r:default_android_service:s0 tclass=service_manager permissive=0
[   49.495977][ T7405] audit: rate limit exceeded
[   50.500001][ T7403] audit: rate limit exceeded
[   50.666041][ T1780] [wifi@1][0x76837957][12:06:27.352163] wlan: [1780:E:REGULATORY] reg_get_band_from_cur_chan_list: Failed to retrieve the channel list
[   50.666099][ T1780] [wifi@1][0x76837dbc][12:06:27.352222] wlan: [1780:E:HDD] hdd_send_usable_channel: No data requested
[   50.666104][ T1780] [wifi@1][0x76837e13][12:06:27.352226] wlan: [1780:E:HDD] __wlan_hdd_cfg80211_get_usable_channel: failed to send usable_channels
[   50.681780][ T1780] [wifi@1][0x768815c1][12:06:27.367902] wlan: [1780:E:REGULATORY] reg_get_band_from_cur_chan_list: Failed to retrieve the channel list
[   50.681868][ T1780] [wifi@1][0x76881c66][12:06:27.367991] wlan: [1780:E:HDD] hdd_send_usable_channel: No data requested
[   50.681873][ T1780] [wifi@1][0x76881cbb][12:06:27.367995] wlan: [1780:E:HDD] __wlan_hdd_cfg80211_get_usable_channel: failed to send usable_channels
[   50.684181][ T1780] [wifi@1][0x7688c9a3][12:06:27.370301] wlan: [1780:E:REGULATORY] reg_get_channel_flags_for_freq: chan freq is not valid
[   50.684195][ T1780] [wifi@1][0x7688cae0][12:06:27.370317] wlan: [1780:E:REGULATORY] reg_get_channel_flags_for_freq: chan freq is not valid
[   50.684199][ T1780] [wifi@1][0x7688cb3c][12:06:27.370322] wlan: [1780:E:REGULATORY] reg_get_channel_flags_for_freq: chan freq is not valid
[   50.684204][ T1780] [wifi@1][0x7688cb97][12:06:27.370327] wlan: [1780:E:REGULATORY] reg_get_channel_flags_for_freq: chan freq is not valid
[   50.684209][ T1780] [wifi@1][0x7688cbf5][12:06:27.370331] wlan: [1780:E:REGULATORY] reg_get_channel_flags_for_freq: chan freq is not valid
[   50.684214][ T1780] [wifi@1][0x7688cc4c][12:06:27.370336] wlan: [1780:E:REGULATORY] reg_get_channel_flags_for_freq: chan freq is not valid
[   50.684218][ T1780] [wifi@1][0x7688cc9f][12:06:27.370340] wlan: [1780:E:REGULATORY] reg_get_channel_flags_for_freq: chan freq is not valid
[   50.684223][ T1780] [wifi@1][0x7688ccf9][12:06:27.370345] wlan: [1780:E:REGULATORY] reg_get_channel_flags_for_freq: chan freq is not valid
[   50.684227][ T1780] [wifi@1][0x7688cd4f][12:06:27.370350] wlan: [1780:E:REGULATORY] reg_get_channel_flags_for_freq: chan freq is not valid
[   50.684235][ T1780] [wifi@1][0x7688cda6][12:06:27.370354] wlan: [1780:E:REGULATORY] reg_get_channel_flags_for_freq: chan freq is not valid
[   50.684239][ T1780] [wifi@1][0x7688ce3b][12:06:27.370362] wlan: [1780:E:REGULATORY] reg_get_channel_flags_for_freq: chan freq is not valid
[   50.684243][ T1780] [wifi@1][0x7688ce88][12:06:27.370366] wlan: [1780:E:REGULATORY] reg_get_channel_flags_for_freq: chan freq is not valid
[   50.694790][ T1780] [wifi@1][0x768be570][12:06:27.380911] wlan: [1780:E:REGULATORY] reg_get_band_from_cur_chan_list: Failed to retrieve the channel list
[   50.694859][ T1780] [wifi@1][0x768beab5][12:06:27.380981] wlan: [1780:E:HDD] hdd_send_usable_channel: No data requested
[   50.694864][ T1780] [wifi@1][0x768beb0f][12:06:27.380986] wlan: [1780:E:HDD] __wlan_hdd_cfg80211_get_usable_channel: failed to send usable_channels
[   50.714312][ T1780] [wifi@1][0x76919dad][12:06:27.400434] wlan: [1780:E:REGULATORY] reg_get_band_from_cur_chan_list: Failed to retrieve the channel list
[   50.714361][ T1780] [wifi@1][0x7691a15e][12:06:27.400484] wlan: [1780:E:HDD] hdd_send_usable_channel: No data requested
[   50.714365][ T1780] [wifi@1][0x7691a1a3][12:06:27.400487] wlan: [1780:E:HDD] __wlan_hdd_cfg80211_get_usable_channel: failed to send usable_channels
[   50.716390][ T1780] [wifi@1][0x7692398d][12:06:27.402513] wlan: [1780:E:REGULATORY] reg_get_channel_flags_for_freq: chan freq is not valid
[   50.716403][ T1780] [wifi@1][0x76923a76][12:06:27.402525] wlan: [1780:E:REGULATORY] reg_get_channel_flags_for_freq: chan freq is not valid
[   50.716407][ T1780] [wifi@1][0x76923ad5][12:06:27.402530] wlan: [1780:E:REGULATORY] reg_get_channel_flags_for_freq: chan freq is not valid
[   50.716412][ T1780] [wifi@1][0x76923b2e][12:06:27.402535] wlan: [1780:E:REGULATORY] reg_get_channel_flags_for_freq: chan freq is not valid
[   50.716417][ T1780] [wifi@1][0x76923b83][12:06:27.402539] wlan: [1780:E:REGULATORY] reg_get_channel_flags_for_freq: chan freq is not valid
[   50.716421][ T1780] [wifi@1][0x76923bda][12:06:27.402543] wlan: [1780:E:REGULATORY] reg_get_channel_flags_for_freq: chan freq is not valid
[   50.716425][ T1780] [wifi@1][0x76923c2b][12:06:27.402548] wlan: [1780:E:REGULATORY] reg_get_channel_flags_for_freq: chan freq is not valid
[   50.716429][ T1780] [wifi@1][0x76923c7c][12:06:27.402552] wlan: [1780:E:REGULATORY] reg_get_channel_flags_for_freq: chan freq is not valid
[   50.716434][ T1780] [wifi@1][0x76923cce][12:06:27.402556] wlan: [1780:E:REGULATORY] reg_get_channel_flags_for_freq: chan freq is not valid
[   50.716438][ T1780] [wifi@1][0x76923d1a][12:06:27.402560] wlan: [1780:E:REGULATORY] reg_get_channel_flags_for_freq: chan freq is not valid
[   50.716442][ T1780] [wifi@1][0x76923d6a][12:06:27.402564] wlan: [1780:E:REGULATORY] reg_get_channel_flags_for_freq: chan freq is not valid
[   50.716446][ T1780] [wifi@1][0x76923dbb][12:06:27.402568] wlan: [1780:E:REGULATORY] reg_get_channel_flags_for_freq: chan freq is not valid
[   50.720372][ T1780] [wifi@1][0x76936424][12:06:27.406494] wlan: [1780:E:REGULATORY] reg_get_band_from_cur_chan_list: Failed to retrieve the channel list
[   50.720428][ T1780] [wifi@1][0x76936858][12:06:27.406550] wlan: [1780:E:HDD] hdd_send_usable_channel: No data requested
[   50.720431][ T1780] [wifi@1][0x769368a3][12:06:27.406554] wlan: [1780:E:HDD] __wlan_hdd_cfg80211_get_usable_channel: failed to send usable_channels
[   50.726260][ T1780] [wifi@1][0x76951db1][12:06:27.412381] wlan: [1780:E:REGULATORY] reg_get_band_from_cur_chan_list: Failed to retrieve the channel list
[   50.726341][ T1780] [wifi@1][0x769523d2][12:06:27.412463] wlan: [1780:E:HDD] hdd_send_usable_channel: No data requested
[   50.726345][ T1780] [wifi@1][0x7695242c][12:06:27.412468] wlan: [1780:E:HDD] __wlan_hdd_cfg80211_get_usable_channel: failed to send usable_channels
[   51.592797][T10228] audit: rate limit exceeded
[   52.620532][ T7434] audit: rate limit exceeded
[   53.811877][ T1779] i2c_geni 888000.i2c: i2c error :-107
[   54.279492][ T1054] SELinux: avc:  denied  { find } for pid=2085 uid=1000 name=vendor.qti.hardware.servicetrackeraidl.IServicetracker/default scontext=u:r:system_server:s0 tcontext=u:object_r:default_android_service:s0 tclass=service_manager permissive=0
[   54.280810][ T1054] SELinux: avc:  denied  { find } for pid=2085 uid=1000 name=vendor.qti.hardware.servicetrackeraidl.IServicetracker/default scontext=u:r:system_server:s0 tcontext=u:object_r:default_android_service:s0 tclass=service_manager permissive=0
[   54.297866][ T1054] SELinux: avc:  denied  { find } for pid=2085 uid=1000 name=vendor.qti.hardware.servicetrackeraidl.IServicetracker/default scontext=u:r:system_server:s0 tcontext=u:object_r:default_android_service:s0 tclass=service_manager permissive=0
[   54.398113][ T1054] SELinux: avc:  denied  { find } for pid=2085 uid=1000 name=vendor.qti.hardware.servicetrackeraidl.IServicetracker/default scontext=u:r:system_server:s0 tcontext=u:object_r:default_android_service:s0 tclass=service_manager permissive=0
[   54.407437][ T1054] SELinux: avc:  denied  { find } for pid=2085 uid=1000 name=vendor.qti.hardware.servicetrackeraidl.IServicetracker/default scontext=u:r:system_server:s0 tcontext=u:object_r:default_android_service:s0 tclass=service_manager permissive=0
[   54.481993][ T1054] SELinux: avc:  denied  { find } for pid=2085 uid=1000 name=vendor.qti.hardware.servicetrackeraidl.IServicetracker/default scontext=u:r:system_server:s0 tcontext=u:object_r:default_android_service:s0 tclass=service_manager permissive=0
[   54.567605][ T1054] SELinux: avc:  denied  { find } for pid=2085 uid=1000 name=vendor.qti.hardware.servicetrackeraidl.IServicetracker/default scontext=u:r:system_server:s0 tcontext=u:object_r:default_android_service:s0 tclass=service_manager permissive=0
[   54.704818][ T1054] SELinux: avc:  denied  { find } for pid=2085 uid=1000 name=vendor.qti.hardware.servicetrackeraidl.IServicetracker/default scontext=u:r:system_server:s0 tcontext=u:object_r:default_android_service:s0 tclass=service_manager permissive=0
[   54.725721][ T1054] SELinux: avc:  denied  { find } for pid=2085 uid=1000 name=vendor.qti.hardware.servicetrackeraidl.IServicetracker/default scontext=u:r:system_server:s0 tcontext=u:object_r:default_android_service:s0 tclass=service_manager permissive=0
[   54.727218][ T1054] SELinux: avc:  denied  { find } for pid=2085 uid=1000 name=vendor.qti.hardware.servicetrackeraidl.IServicetracker/default scontext=u:r:system_server:s0 tcontext=u:object_r:default_android_service:s0 tclass=service_manager permissive=0
[   58.644944][T10807] audit: rate limit exceeded
[   59.289794][ T1054] SELinux: avc:  denied  { find } for pid=2085 uid=1000 name=vendor.qti.hardware.servicetrackeraidl.IServicetracker/default scontext=u:r:system_server:s0 tcontext=u:object_r:default_android_service:s0 tclass=service_manager permissive=0
[   59.299429][ T1054] SELinux: avc:  denied  { find } for pid=2085 uid=1000 name=vendor.qti.hardware.servicetrackeraidl.IServicetracker/default scontext=u:r:system_server:s0 tcontext=u:object_r:default_android_service:s0 tclass=service_manager permissive=0
[   59.304528][ T1054] SELinux: avc:  denied  { find } for pid=2085 uid=1000 name=vendor.qti.hardware.servicetrackeraidl.IServicetracker/default scontext=u:r:system_server:s0 tcontext=u:object_r:default_android_service:s0 tclass=service_manager permissive=0
[   59.304837][ T1054] SELinux: avc:  denied  { find } for pid=2085 uid=1000 name=vendor.qti.hardware.servicetrackeraidl.IServicetracker/default scontext=u:r:system_server:s0 tcontext=u:object_r:default_android_service:s0 tclass=service_manager permissive=0
[   59.308158][ T1054] SELinux: avc:  denied  { find } for pid=2085 uid=1000 name=vendor.qti.hardware.servicetrackeraidl.IServicetracker/default scontext=u:r:system_server:s0 tcontext=u:object_r:default_android_service:s0 tclass=service_manager permissive=0
[   59.309802][ T1054] SELinux: avc:  denied  { find } for pid=2085 uid=1000 name=vendor.qti.hardware.servicetrackeraidl.IServicetracker/default scontext=u:r:system_server:s0 tcontext=u:object_r:default_android_service:s0 tclass=service_manager permissive=0
[   59.348842][ T1054] SELinux: avc:  denied  { find } for pid=11723 uid=10202 name=vendor.qti.hardware.perf2.IPerf/default scontext=u:r:priv_app:s0:c512,c768 tcontext=u:object_r:default_android_service:s0 tclass=service_manager permissive=0
[   59.365750][ T1054] SELinux: avc:  denied  { find } for pid=2085 uid=1000 name=vendor.qti.hardware.servicetrackeraidl.IServicetracker/default scontext=u:r:system_server:s0 tcontext=u:object_r:default_android_service:s0 tclass=service_manager permissive=0
[   59.392565][ T1054] SELinux: avc:  denied  { find } for pid=11745 uid=10200 name=vendor.qti.hardware.perf2.IPerf/default scontext=u:r:priv_app:s0:c512,c768 tcontext=u:object_r:default_android_service:s0 tclass=service_manager permissive=0
[   64.281055][T13023] audit: rate limit exceeded
[   64.299871][ T1054] SELinux: avc:  denied  { find } for pid=2085 uid=1000 name=vendor.qti.hardware.servicetrackeraidl.IServicetracker/default scontext=u:r:system_server:s0 tcontext=u:object_r:default_android_service:s0 tclass=service_manager permissive=0
[   64.397203][ T1054] SELinux: avc:  denied  { find } for pid=2085 uid=1000 name=vendor.qti.hardware.servicetrackeraidl.IServicetracker/default scontext=u:r:system_server:s0 tcontext=u:object_r:default_android_service:s0 tclass=service_manager permissive=0
[   64.467942][ T1054] SELinux: avc:  denied  { find } for pid=2085 uid=1000 name=vendor.qti.hardware.servicetrackeraidl.IServicetracker/default scontext=u:r:system_server:s0 tcontext=u:object_r:default_android_service:s0 tclass=service_manager permissive=0
[   64.468389][ T1054] SELinux: avc:  denied  { find } for pid=2085 uid=1000 name=vendor.qti.hardware.servicetrackeraidl.IServicetracker/default scontext=u:r:system_server:s0 tcontext=u:object_r:default_android_service:s0 tclass=service_manager permissive=0
[   64.500663][ T1054] SELinux: avc:  denied  { find } for pid=2085 uid=1000 name=vendor.qti.hardware.servicetrackeraidl.IServicetracker/default scontext=u:r:system_server:s0 tcontext=u:object_r:default_android_service:s0 tclass=service_manager permissive=0
[   64.513428][ T1054] SELinux: avc:  denied  { find } for pid=2085 uid=1000 name=vendor.qti.hardware.servicetrackeraidl.IServicetracker/default scontext=u:r:system_server:s0 tcontext=u:object_r:default_android_service:s0 tclass=service_manager permissive=0
[   64.536897][ T1054] SELinux: avc:  denied  { find } for pid=13156 uid=10223 name=vendor.qti.hardware.perf2.IPerf/default scontext=u:r:priv_app:s0:c512,c768 tcontext=u:object_r:default_android_service:s0 tclass=service_manager permissive=0
[   64.581499][ T1054] SELinux: avc:  denied  { find } for pid=2085 uid=1000 name=vendor.qti.hardware.servicetrackeraidl.IServicetracker/default scontext=u:r:system_server:s0 tcontext=u:object_r:default_android_service:s0 tclass=service_manager permissive=0
[   64.600564][ T1054] SELinux: avc:  denied  { find } for pid=2085 uid=1000 name=vendor.qti.hardware.servicetrackeraidl.IServicetracker/default scontext=u:r:system_server:s0 tcontext=u:object_r:default_android_service:s0 tclass=service_manager permissive=0
[   64.630049][ T1054] SELinux: avc:  denied  { find } for pid=2085 uid=1000 name=vendor.qti.hardware.servicetrackeraidl.IServicetracker/default scontext=u:r:system_server:s0 tcontext=u:object_r:default_android_service:s0 tclass=service_manager permissive=0
[   64.717807][    T1] libprocessgroup: Failed to write 1 to /sys/fs/cgroup/uid_1000/pid_10929/cgroup.kill: No such file or directory
[   64.717825][    T1] libprocessgroup: Failed to open /sys/fs/cgroup/uid_1000/pid_10929/cgroup.procs: No such file or directory
[   64.744720][ T5033] [schedu][0x86a0163f][12:06:41.430842] wlan: [5033:E:HDD] hdd_tsf_is_initialized: TSF is not initialized
[   64.744736][ T5033] [schedu][0x86a01779][12:06:41.430858] wlan: [5033:E:HDD] hdd_get_tsf_cb: tsf is not init, ignore tsf event
[   65.198245][    C0] [soft_i][0x8724f486][12:06:41.884366] wlan: [0:E:REGULATORY] reg_is_fcc_regdmn: Failed to get reg domain
[   65.480390][ T5033] [schedu][0x87779d7c][12:06:42.166512] wlan: [5033:E:HDD] hdd_tsf_is_initialized: TSF is not initialized
[   65.480410][ T5033] [schedu][0x87779f04][12:06:42.166532] wlan: [5033:E:HDD] hdd_get_tsf_cb: tsf is not init, ignore tsf event
[   65.715374][    C0] [soft_i][0x87bc752c][12:06:42.401494] wlan: [0:E:REGULATORY] reg_is_fcc_regdmn: Failed to get reg domain
[   68.418128][    C0] [soft_i][0x8ad447ba][12:06:45.104248] wlan: [0:E:REGULATORY] reg_is_fcc_regdmn: Failed to get reg domain
[   68.906055][  T794] gsi soc:qcom,msm_gsi: gsi_stop_channel:3615 chan=1 busy try again
[   68.910353][  T794] gsi soc:qcom,msm_gsi: gsi_stop_channel:3615 chan=14 busy try again
[   69.253873][ T1779] i2c_geni 888000.i2c: i2c error :-107
[   69.314280][ T1054] SELinux: avc:  denied  { find } for pid=2085 uid=1000 name=vendor.qti.hardware.servicetrackeraidl.IServicetracker/default scontext=u:r:system_server:s0 tcontext=u:object_r:default_android_service:s0 tclass=service_manager permissive=0
[   69.328084][ T1054] SELinux: avc:  denied  { find } for pid=13429 uid=10199 name=vendor.qti.hardware.perf2.IPerf/default scontext=u:r:vendor_tzas_app:s0:c199,c256,c512,c768 tcontext=u:object_r:default_android_service:s0 tclass=service_manager permissive=0
[   69.330941][ T1054] SELinux: avc:  denied  { find } for pid=2085 uid=1000 name=vendor.qti.hardware.servicetrackeraidl.IServicetracker/default scontext=u:r:system_server:s0 tcontext=u:object_r:default_android_service:s0 tclass=service_manager permissive=0
[   69.350136][ T1054] SELinux: avc:  denied  { find } for pid=2085 uid=1000 name=vendor.qti.hardware.servicetrackeraidl.IServicetracker/default scontext=u:r:system_server:s0 tcontext=u:object_r:default_android_service:s0 tclass=service_manager permissive=0
[   69.353695][ T1054] SELinux: avc:  denied  { find } for pid=2085 uid=1000 name=vendor.qti.hardware.servicetrackeraidl.IServicetracker/default scontext=u:r:system_server:s0 tcontext=u:object_r:default_android_service:s0 tclass=service_manager permissive=0
[   69.357400][ T1054] SELinux: avc:  denied  { find } for pid=2085 uid=1000 name=vendor.qti.hardware.servicetrackeraidl.IServicetracker/default scontext=u:r:system_server:s0 tcontext=u:object_r:default_android_service:s0 tclass=service_manager permissive=0
[   69.359637][ T1054] SELinux: avc:  denied  { find } for pid=2085 uid=1000 name=vendor.qti.hardware.servicetrackeraidl.IServicetracker/default scontext=u:r:system_server:s0 tcontext=u:object_r:default_android_service:s0 tclass=service_manager permissive=0
[   69.370237][ T1054] SELinux: avc:  denied  { find } for pid=2085 uid=1000 name=vendor.qti.hardware.servicetrackeraidl.IServicetracker/default scontext=u:r:system_server:s0 tcontext=u:object_r:default_android_service:s0 tclass=service_manager permissive=0
[   69.371027][ T1054] SELinux: avc:  denied  { find } for pid=2085 uid=1000 name=vendor.qti.hardware.servicetrackeraidl.IServicetracker/default scontext=u:r:system_server:s0 tcontext=u:object_r:default_android_service:s0 tclass=service_manager permissive=0
[   69.389170][ T1054] SELinux: avc:  denied  { find } for pid=2085 uid=1000 name=vendor.qti.hardware.servicetrackeraidl.IServicetracker/default scontext=u:r:system_server:s0 tcontext=u:object_r:default_android_service:s0 tclass=service_manager permissive=0
[   70.076559][    C0] [soft_i][0x8cba260a][12:06:46.762679] wlan: [0:E:REGULATORY] reg_is_fcc_regdmn: Failed to get reg domain
[   70.853744][  T200] gsi soc:qcom,msm_gsi: gsi_stop_channel:3615 chan=1 busy try again
[   70.856128][  T200] gsi soc:qcom,msm_gsi: gsi_stop_channel:3615 chan=14 busy try again
[   72.104346][ T2225] charge_service: No write access to /sys/class/battman_dbg/regupdate_interval: No such file or directory
[   72.104387][ T2225] charge_service: --- start charge-service ---
[   72.111556][ T2225] charge_service: battery_protection_disabled: 0
[   74.490159][ T1054] SELinux: avc:  denied  { find } for pid=2085 uid=1000 name=vendor.qti.hardware.servicetrackeraidl.IServicetracker/default scontext=u:r:system_server:s0 tcontext=u:object_r:default_android_service:s0 tclass=service_manager permissive=0
[   74.646565][ T1054] SELinux: avc:  denied  { find } for pid=2085 uid=1000 name=vendor.qti.hardware.servicetrackeraidl.IServicetracker/default scontext=u:r:system_server:s0 tcontext=u:object_r:default_android_service:s0 tclass=service_manager permissive=0
[   74.802835][ T1054] SELinux: avc:  denied  { find } for pid=2085 uid=1000 name=vendor.qti.hardware.servicetrackeraidl.IServicetracker/default scontext=u:r:system_server:s0 tcontext=u:object_r:default_android_service:s0 tclass=service_manager permissive=0
[   74.844323][ T1054] SELinux: avc:  denied  { find } for pid=2085 uid=1000 name=vendor.qti.hardware.servicetrackeraidl.IServicetracker/default scontext=u:r:system_server:s0 tcontext=u:object_r:default_android_service:s0 tclass=service_manager permissive=0
[   74.918714][ T1054] SELinux: avc:  denied  { find } for pid=2085 uid=1000 name=vendor.qti.hardware.servicetrackeraidl.IServicetracker/default scontext=u:r:system_server:s0 tcontext=u:object_r:default_android_service:s0 tclass=service_manager permissive=0
[   74.919953][ T1054] SELinux: avc:  denied  { find } for pid=2085 uid=1000 name=vendor.qti.hardware.servicetrackeraidl.IServicetracker/default scontext=u:r:system_server:s0 tcontext=u:object_r:default_android_service:s0 tclass=service_manager permissive=0
[   74.940186][ T1054] SELinux: avc:  denied  { find } for pid=2085 uid=1000 name=vendor.qti.hardware.servicetrackeraidl.IServicetracker/default scontext=u:r:system_server:s0 tcontext=u:object_r:default_android_service:s0 tclass=service_manager permissive=0
[   74.979082][ T1054] SELinux: avc:  denied  { find } for pid=2085 uid=1000 name=vendor.qti.hardware.servicetrackeraidl.IServicetracker/default scontext=u:r:system_server:s0 tcontext=u:object_r:default_android_service:s0 tclass=service_manager permissive=0
[   74.982061][ T1054] SELinux: avc:  denied  { find } for pid=2085 uid=1000 name=vendor.qti.hardware.servicetrackeraidl.IServicetracker/default scontext=u:r:system_server:s0 tcontext=u:object_r:default_android_service:s0 tclass=service_manager permissive=0
[   74.983434][ T1054] SELinux: avc:  denied  { find } for pid=2085 uid=1000 name=vendor.qti.hardware.servicetrackeraidl.IServicetracker/default scontext=u:r:system_server:s0 tcontext=u:object_r:default_android_service:s0 tclass=service_manager permissive=0
[   75.897397][    C0] [soft_i][0x936378d5][12:06:52.583517] wlan: [0:E:DP] dp_rx_reo_err_entry_process: RAW ampdu in REO error not expected
[   76.438151][    C0] [soft_i][0x9401e073][12:06:53.124205] wlan: [0:E:DP] dp_rx_reo_err_entry_process: RAW ampdu in REO error not expected
[   77.943621][    C0] [soft_i][0x95baf34f][12:06:54.629736] wlan: [0:E:DP] dp_rx_reo_err_entry_process: RAW ampdu in REO error not expected
[   79.614505][ T1054] SELinux: avc:  denied  { find } for pid=2085 uid=1000 name=vendor.qti.hardware.servicetrackeraidl.IServicetracker/default scontext=u:r:system_server:s0 tcontext=u:object_r:default_android_service:s0 tclass=service_manager permissive=0
[   79.899837][ T1054] SELinux: avc:  denied  { find } for pid=2085 uid=1000 name=vendor.qti.hardware.servicetrackeraidl.IServicetracker/default scontext=u:r:system_server:s0 tcontext=u:object_r:default_android_service:s0 tclass=service_manager permissive=0
[   79.950449][ T1054] SELinux: avc:  denied  { find } for pid=2085 uid=1000 name=vendor.qti.hardware.servicetrackeraidl.IServicetracker/default scontext=u:r:system_server:s0 tcontext=u:object_r:default_android_service:s0 tclass=service_manager permissive=0
[   79.953846][ T1054] SELinux: avc:  denied  { find } for pid=2085 uid=1000 name=vendor.qti.hardware.servicetrackeraidl.IServicetracker/default scontext=u:r:system_server:s0 tcontext=u:object_r:default_android_service:s0 tclass=service_manager permissive=0
[   79.975718][ T1054] SELinux: avc:  denied  { find } for pid=2085 uid=1000 name=vendor.qti.hardware.servicetrackeraidl.IServicetracker/default scontext=u:r:system_server:s0 tcontext=u:object_r:default_android_service:s0 tclass=service_manager permissive=0
[   79.977617][ T1054] SELinux: avc:  denied  { find } for pid=2085 uid=1000 name=vendor.qti.hardware.servicetrackeraidl.IServicetracker/default scontext=u:r:system_server:s0 tcontext=u:object_r:default_android_service:s0 tclass=service_manager permissive=0
[   79.981855][ T1054] SELinux: avc:  denied  { find } for pid=2085 uid=1000 name=vendor.qti.hardware.servicetrackeraidl.IServicetracker/default scontext=u:r:system_server:s0 tcontext=u:object_r:default_android_service:s0 tclass=service_manager permissive=0
[   79.984736][ T1054] SELinux: avc:  denied  { find } for pid=2085 uid=1000 name=vendor.qti.hardware.servicetrackeraidl.IServicetracker/default scontext=u:r:system_server:s0 tcontext=u:object_r:default_android_service:s0 tclass=service_manager permissive=0
[   80.108159][ T1054] SELinux: avc:  denied  { find } for pid=2085 uid=1000 name=vendor.qti.hardware.servicetrackeraidl.IServicetracker/default scontext=u:r:system_server:s0 tcontext=u:object_r:default_android_service:s0 tclass=service_manager permissive=0
[   80.416684][ T1054] SELinux: avc:  denied  { find } for pid=2085 uid=1000 name=vendor.qti.hardware.servicetrackeraidl.IServicetracker/default scontext=u:r:system_server:s0 tcontext=u:object_r:default_android_service:s0 tclass=service_manager permissive=0
[   85.481561][ T1054] SELinux: avc:  denied  { find } for pid=2085 uid=1000 name=vendor.qti.hardware.servicetrackeraidl.IServicetracker/default scontext=u:r:system_server:s0 tcontext=u:object_r:default_android_service:s0 tclass=service_manager permissive=0
[   85.484419][ T1054] SELinux: avc:  denied  { find } for pid=2085 uid=1000 name=vendor.qti.hardware.servicetrackeraidl.IServicetracker/default scontext=u:r:system_server:s0 tcontext=u:object_r:default_android_service:s0 tclass=service_manager permissive=0
[   85.486259][ T1054] SELinux: avc:  denied  { find } for pid=2085 uid=1000 name=vendor.qti.hardware.servicetrackeraidl.IServicetracker/default scontext=u:r:system_server:s0 tcontext=u:object_r:default_android_service:s0 tclass=service_manager permissive=0
[   85.519329][ T1054] SELinux: avc:  denied  { find } for pid=2085 uid=1000 name=vendor.qti.hardware.servicetrackeraidl.IServicetracker/default scontext=u:r:system_server:s0 tcontext=u:object_r:default_android_service:s0 tclass=service_manager permissive=0
[   90.282975][ T1054] SELinux: avc:  denied  { find } for pid=2085 uid=1000 name=vendor.qti.hardware.servicetrackeraidl.IServicetracker/default scontext=u:r:system_server:s0 tcontext=u:object_r:default_android_service:s0 tclass=service_manager permissive=0
[   91.551274][ T1054] SELinux: avc:  denied  { find } for pid=2085 uid=1000 name=vendor.qti.hardware.servicetrackeraidl.IServicetracker/default scontext=u:r:system_server:s0 tcontext=u:object_r:default_android_service:s0 tclass=service_manager permissive=0
[   91.700898][ T1054] SELinux: avc:  denied  { find } for pid=2085 uid=1000 name=vendor.qti.hardware.servicetrackeraidl.IServicetracker/default scontext=u:r:system_server:s0 tcontext=u:object_r:default_android_service:s0 tclass=service_manager permissive=0
[   93.231838][ T1054] SELinux: avc:  denied  { find } for pid=2085 uid=1000 name=vendor.qti.hardware.servicetrackeraidl.IServicetracker/default scontext=u:r:system_server:s0 tcontext=u:object_r:default_android_service:s0 tclass=service_manager permissive=0
[   93.234012][ T1054] SELinux: avc:  denied  { find } for pid=2085 uid=1000 name=vendor.qti.hardware.servicetrackeraidl.IServicetracker/default scontext=u:r:system_server:s0 tcontext=u:object_r:default_android_service:s0 tclass=service_manager permissive=0
[   94.379613][ T1054] SELinux: avc:  denied  { find } for pid=2085 uid=1000 name=vendor.qti.hardware.servicetrackeraidl.IServicetracker/default scontext=u:r:system_server:s0 tcontext=u:object_r:default_android_service:s0 tclass=service_manager permissive=0
[   94.383163][ T1054] SELinux: avc:  denied  { find } for pid=2085 uid=1000 name=vendor.qti.hardware.servicetrackeraidl.IServicetracker/default scontext=u:r:system_server:s0 tcontext=u:object_r:default_android_service:s0 tclass=service_manager permissive=0
[   94.388158][ T1054] SELinux: avc:  denied  { find } for pid=2085 uid=1000 name=vendor.qti.hardware.servicetrackeraidl.IServicetracker/default scontext=u:r:system_server:s0 tcontext=u:object_r:default_android_service:s0 tclass=service_manager permissive=0
[   94.388778][ T1054] SELinux: avc:  denied  { find } for pid=2085 uid=1000 name=vendor.qti.hardware.servicetrackeraidl.IServicetracker/default scontext=u:r:system_server:s0 tcontext=u:object_r:default_android_service:s0 tclass=service_manager permissive=0
[   94.391842][ T1054] SELinux: avc:  denied  { find } for pid=2085 uid=1000 name=vendor.qti.hardware.servicetrackeraidl.IServicetracker/default scontext=u:r:system_server:s0 tcontext=u:object_r:default_android_service:s0 tclass=service_manager permissive=0
[   94.394910][ T1054] SELinux: avc:  denied  { find } for pid=2085 uid=1000 name=vendor.qti.hardware.servicetrackeraidl.IServicetracker/default scontext=u:r:system_server:s0 tcontext=u:object_r:default_android_service:s0 tclass=service_manager permissive=0
[   96.575146][ T1054] SELinux: avc:  denied  { find } for pid=2085 uid=1000 name=vendor.qti.hardware.servicetrackeraidl.IServicetracker/default scontext=u:r:system_server:s0 tcontext=u:object_r:default_android_service:s0 tclass=service_manager permissive=0
[   96.577596][ T1054] SELinux: avc:  denied  { find } for pid=2085 uid=1000 name=vendor.qti.hardware.servicetrackeraidl.IServicetracker/default scontext=u:r:system_server:s0 tcontext=u:object_r:default_android_service:s0 tclass=service_manager permissive=0
[   96.764246][ T1054] SELinux: avc:  denied  { find } for pid=2085 uid=1000 name=vendor.qti.hardware.servicetrackeraidl.IServicetracker/default scontext=u:r:system_server:s0 tcontext=u:object_r:default_android_service:s0 tclass=service_manager permissive=0
[   96.768266][ T1054] SELinux: avc:  denied  { find } for pid=2085 uid=1000 name=vendor.qti.hardware.servicetrackeraidl.IServicetracker/default scontext=u:r:system_server:s0 tcontext=u:object_r:default_android_service:s0 tclass=service_manager permissive=0
[   97.457027][ T1054] SELinux: avc:  denied  { find } for pid=2085 uid=1000 name=vendor.qti.hardware.servicetrackeraidl.IServicetracker/default scontext=u:r:system_server:s0 tcontext=u:object_r:default_android_service:s0 tclass=service_manager permissive=0
[  103.142505][ T1054] SELinux: avc:  denied  { find } for pid=2085 uid=1000 name=vendor.qti.hardware.servicetrackeraidl.IServicetracker/default scontext=u:r:system_server:s0 tcontext=u:object_r:default_android_service:s0 tclass=service_manager permissive=0
[  105.075984][ T1054] SELinux: avc:  denied  { find } for pid=2085 uid=1000 name=vendor.qti.hardware.servicetrackeraidl.IServicetracker/default scontext=u:r:system_server:s0 tcontext=u:object_r:default_android_service:s0 tclass=service_manager permissive=0
[  105.376668][ T1054] SELinux: avc:  denied  { find } for pid=2085 uid=1000 name=vendor.qti.hardware.servicetrackeraidl.IServicetracker/default scontext=u:r:system_server:s0 tcontext=u:object_r:default_android_service:s0 tclass=service_manager permissive=0
[  105.886888][ T1054] SELinux: avc:  denied  { find } for pid=2085 uid=1000 name=vendor.qti.hardware.servicetrackeraidl.IServicetracker/default scontext=u:r:system_server:s0 tcontext=u:object_r:default_android_service:s0 tclass=service_manager permissive=0
[  105.962333][ T1054] SELinux: avc:  denied  { find } for pid=2085 uid=1000 name=vendor.qti.hardware.servicetrackeraidl.IServicetracker/default scontext=u:r:system_server:s0 tcontext=u:object_r:default_android_service:s0 tclass=service_manager permissive=0
[  106.078219][ T1054] SELinux: avc:  denied  { find } for pid=2085 uid=1000 name=vendor.qti.hardware.servicetrackeraidl.IServicetracker/default scontext=u:r:system_server:s0 tcontext=u:object_r:default_android_service:s0 tclass=service_manager permissive=0
[  108.840742][ T1054] SELinux: avc:  denied  { find } for pid=2085 uid=1000 name=vendor.qti.hardware.servicetrackeraidl.IServicetracker/default scontext=u:r:system_server:s0 tcontext=u:object_r:default_android_service:s0 tclass=service_manager permissive=0
[  110.216139][ T1054] SELinux: avc:  denied  { find } for pid=2085 uid=1000 name=vendor.qti.hardware.servicetrackeraidl.IServicetracker/default scontext=u:r:system_server:s0 tcontext=u:object_r:default_android_service:s0 tclass=service_manager permissive=0
[  110.218068][ T1054] SELinux: avc:  denied  { find } for pid=2085 uid=1000 name=vendor.qti.hardware.servicetrackeraidl.IServicetracker/default scontext=u:r:system_server:s0 tcontext=u:object_r:default_android_service:s0 tclass=service_manager permissive=0
[  112.212287][ T1054] SELinux: avc:  denied  { find } for pid=2085 uid=1000 name=vendor.qti.hardware.servicetrackeraidl.IServicetracker/default scontext=u:r:system_server:s0 tcontext=u:object_r:default_android_service:s0 tclass=service_manager permissive=0
[  112.213902][ T1054] SELinux: avc:  denied  { find } for pid=2085 uid=1000 name=vendor.qti.hardware.servicetrackeraidl.IServicetracker/default scontext=u:r:system_server:s0 tcontext=u:object_r:default_android_service:s0 tclass=service_manager permissive=0
[  112.622084][ T1054] SELinux: avc:  denied  { find } for pid=2085 uid=1000 name=vendor.qti.hardware.servicetrackeraidl.IServicetracker/default scontext=u:r:system_server:s0 tcontext=u:object_r:default_android_service:s0 tclass=service_manager permissive=0
[  112.624046][ T1054] SELinux: avc:  denied  { find } for pid=2085 uid=1000 name=vendor.qti.hardware.servicetrackeraidl.IServicetracker/default scontext=u:r:system_server:s0 tcontext=u:object_r:default_android_service:s0 tclass=service_manager permissive=0
[  121.134093][ T1054] SELinux: avc:  denied  { find } for pid=2085 uid=1000 name=vendor.qti.hardware.servicetrackeraidl.IServicetracker/default scontext=u:r:system_server:s0 tcontext=u:object_r:default_android_service:s0 tclass=service_manager permissive=0
[  121.868291][ T1054] SELinux: avc:  denied  { find } for pid=2085 uid=1000 name=vendor.qti.hardware.servicetrackeraidl.IServicetracker/default scontext=u:r:system_server:s0 tcontext=u:object_r:default_android_service:s0 tclass=service_manager permissive=0
[  122.746850][ T1054] SELinux: avc:  denied  { find } for pid=2085 uid=1000 name=vendor.qti.hardware.servicetrackeraidl.IServicetracker/default scontext=u:r:system_server:s0 tcontext=u:object_r:default_android_service:s0 tclass=service_manager permissive=0
[  123.615611][ T1054] SELinux: avc:  denied  { find } for pid=2085 uid=1000 name=vendor.qti.hardware.servicetrackeraidl.IServicetracker/default scontext=u:r:system_server:s0 tcontext=u:object_r:default_android_service:s0 tclass=service_manager permissive=0
[  123.616902][ T1054] SELinux: avc:  denied  { find } for pid=2085 uid=1000 name=vendor.qti.hardware.servicetrackeraidl.IServicetracker/default scontext=u:r:system_server:s0 tcontext=u:object_r:default_android_service:s0 tclass=service_manager permissive=0
[  124.953762][ T1054] SELinux: avc:  denied  { find } for pid=2085 uid=1000 name=vendor.qti.hardware.servicetrackeraidl.IServicetracker/default scontext=u:r:system_server:s0 tcontext=u:object_r:default_android_service:s0 tclass=service_manager permissive=0
[  124.955836][ T1054] SELinux: avc:  denied  { find } for pid=2085 uid=1000 name=vendor.qti.hardware.servicetrackeraidl.IServicetracker/default scontext=u:r:system_server:s0 tcontext=u:object_r:default_android_service:s0 tclass=service_manager permissive=0
[  125.145830][ T1054] SELinux: avc:  denied  { find } for pid=2085 uid=1000 name=vendor.qti.hardware.servicetrackeraidl.IServicetracker/default scontext=u:r:system_server:s0 tcontext=u:object_r:default_android_service:s0 tclass=service_manager permissive=0
[  126.954527][ T1054] SELinux: avc:  denied  { find } for pid=2085 uid=1000 name=vendor.qti.hardware.servicetrackeraidl.IServicetracker/default scontext=u:r:system_server:s0 tcontext=u:object_r:default_android_service:s0 tclass=service_manager permissive=0
[  127.790593][ T1054] SELinux: avc:  denied  { find } for pid=2085 uid=1000 name=vendor.qti.hardware.servicetrackeraidl.IServicetracker/default scontext=u:r:system_server:s0 tcontext=u:object_r:default_android_service:s0 tclass=service_manager permissive=0
[  128.306092][  T794] gsi soc:qcom,msm_gsi: gsi_stop_channel:3615 chan=1 busy try again
[  128.308449][  T794] gsi soc:qcom,msm_gsi: gsi_stop_channel:3615 chan=14 busy try again
[  130.252141][  T775] gsi soc:qcom,msm_gsi: gsi_stop_channel:3615 chan=1 busy try again
[  130.255498][  T775] gsi soc:qcom,msm_gsi: gsi_stop_channel:3615 chan=14 busy try again
[  132.903258][ T1054] SELinux: avc:  denied  { find } for pid=2085 uid=1000 name=vendor.qti.hardware.servicetrackeraidl.IServicetracker/default scontext=u:r:system_server:s0 tcontext=u:object_r:default_android_service:s0 tclass=service_manager permissive=0
[  135.025719][ T1054] SELinux: avc:  denied  { find } for pid=2085 uid=1000 name=vendor.qti.hardware.servicetrackeraidl.IServicetracker/default scontext=u:r:system_server:s0 tcontext=u:object_r:default_android_service:s0 tclass=service_manager permissive=0
[  135.029183][ T1054] SELinux: avc:  denied  { find } for pid=2085 uid=1000 name=vendor.qti.hardware.servicetrackeraidl.IServicetracker/default scontext=u:r:system_server:s0 tcontext=u:object_r:default_android_service:s0 tclass=service_manager permissive=0
[  137.583604][ T1054] SELinux: avc:  denied  { find } for pid=2085 uid=1000 name=vendor.qti.hardware.servicetrackeraidl.IServicetracker/default scontext=u:r:system_server:s0 tcontext=u:object_r:default_android_service:s0 tclass=service_manager permissive=0
[  137.584591][ T1054] SELinux: avc:  denied  { find } for pid=2085 uid=1000 name=vendor.qti.hardware.servicetrackeraidl.IServicetracker/default scontext=u:r:system_server:s0 tcontext=u:object_r:default_android_service:s0 tclass=service_manager permissive=0
[  137.590769][ T1054] SELinux: avc:  denied  { find } for pid=2085 uid=1000 name=vendor.qti.hardware.servicetrackeraidl.IServicetracker/default scontext=u:r:system_server:s0 tcontext=u:object_r:default_android_service:s0 tclass=service_manager permissive=0
[  137.598004][ T1054] SELinux: avc:  denied  { find } for pid=2085 uid=1000 name=vendor.qti.hardware.servicetrackeraidl.IServicetracker/default scontext=u:r:system_server:s0 tcontext=u:object_r:default_android_service:s0 tclass=service_manager permissive=0
[  137.599047][ T1054] SELinux: avc:  denied  { find } for pid=2085 uid=1000 name=vendor.qti.hardware.servicetrackeraidl.IServicetracker/default scontext=u:r:system_server:s0 tcontext=u:object_r:default_android_service:s0 tclass=service_manager permissive=0
[  137.600964][ T1054] SELinux: avc:  denied  { find } for pid=2085 uid=1000 name=vendor.qti.hardware.servicetrackeraidl.IServicetracker/default scontext=u:r:system_server:s0 tcontext=u:object_r:default_android_service:s0 tclass=service_manager permissive=0
[  137.606348][ T1054] SELinux: avc:  denied  { find } for pid=2085 uid=1000 name=vendor.qti.hardware.servicetrackeraidl.IServicetracker/default scontext=u:r:system_server:s0 tcontext=u:object_r:default_android_service:s0 tclass=service_manager permissive=0
[  141.852473][ T1054] SELinux: avc:  denied  { find } for pid=2085 uid=1000 name=vendor.qti.hardware.servicetrackeraidl.IServicetracker/default scontext=u:r:system_server:s0 tcontext=u:object_r:default_android_service:s0 tclass=service_manager permissive=0
[  142.598113][ T1054] SELinux: avc:  denied  { find } for pid=2085 uid=1000 name=vendor.qti.hardware.servicetrackeraidl.IServicetracker/default scontext=u:r:system_server:s0 tcontext=u:object_r:default_android_service:s0 tclass=service_manager permissive=0
[  146.591031][ T1054] SELinux: avc:  denied  { find } for pid=2085 uid=1000 name=vendor.qti.hardware.servicetrackeraidl.IServicetracker/default scontext=u:r:system_server:s0 tcontext=u:object_r:default_android_service:s0 tclass=service_manager permissive=0
[  146.874493][ T1054] SELinux: avc:  denied  { find } for pid=2085 uid=1000 name=vendor.qti.hardware.servicetrackeraidl.IServicetracker/default scontext=u:r:system_server:s0 tcontext=u:object_r:default_android_service:s0 tclass=service_manager permissive=0
[  146.883016][ T1054] SELinux: avc:  denied  { find } for pid=2085 uid=1000 name=vendor.qti.hardware.servicetrackeraidl.IServicetracker/default scontext=u:r:system_server:s0 tcontext=u:object_r:default_android_service:s0 tclass=service_manager permissive=0
[  146.886894][ T1054] SELinux: avc:  denied  { find } for pid=2085 uid=1000 name=vendor.qti.hardware.servicetrackeraidl.IServicetracker/default scontext=u:r:system_server:s0 tcontext=u:object_r:default_android_service:s0 tclass=service_manager permissive=0
[  146.888800][ T1054] SELinux: avc:  denied  { find } for pid=2085 uid=1000 name=vendor.qti.hardware.servicetrackeraidl.IServicetracker/default scontext=u:r:system_server:s0 tcontext=u:object_r:default_android_service:s0 tclass=service_manager permissive=0
[  146.890060][ T1054] SELinux: avc:  denied  { find } for pid=2085 uid=1000 name=vendor.qti.hardware.servicetrackeraidl.IServicetracker/default scontext=u:r:system_server:s0 tcontext=u:object_r:default_android_service:s0 tclass=service_manager permissive=0
[  146.891362][ T1054] SELinux: avc:  denied  { find } for pid=2085 uid=1000 name=vendor.qti.hardware.servicetrackeraidl.IServicetracker/default scontext=u:r:system_server:s0 tcontext=u:object_r:default_android_service:s0 tclass=service_manager permissive=0
[  146.892852][ T1054] SELinux: avc:  denied  { find } for pid=2085 uid=1000 name=vendor.qti.hardware.servicetrackeraidl.IServicetracker/default scontext=u:r:system_server:s0 tcontext=u:object_r:default_android_service:s0 tclass=service_manager permissive=0
[  146.895718][ T1054] SELinux: avc:  denied  { find } for pid=2085 uid=1000 name=vendor.qti.hardware.servicetrackeraidl.IServicetracker/default scontext=u:r:system_server:s0 tcontext=u:object_r:default_android_service:s0 tclass=service_manager permissive=0
[  146.900973][ T1054] SELinux: avc:  denied  { find } for pid=2085 uid=1000 name=vendor.qti.hardware.servicetrackeraidl.IServicetracker/default scontext=u:r:system_server:s0 tcontext=u:object_r:default_android_service:s0 tclass=service_manager permissive=0
[  146.903515][ T1054] SELinux: avc:  denied  { find } for pid=2085 uid=1000 name=vendor.qti.hardware.servicetrackeraidl.IServicetracker/default scontext=u:r:system_server:s0 tcontext=u:object_r:default_android_service:s0 tclass=service_manager permissive=0
[  152.823653][ T1054] SELinux: avc:  denied  { find } for pid=2085 uid=1000 name=vendor.qti.hardware.servicetrackeraidl.IServicetracker/default scontext=u:r:system_server:s0 tcontext=u:object_r:default_android_service:s0 tclass=service_manager permissive=0
[  152.826489][ T1054] SELinux: avc:  denied  { find } for pid=2085 uid=1000 name=vendor.qti.hardware.servicetrackeraidl.IServicetracker/default scontext=u:r:system_server:s0 tcontext=u:object_r:default_android_service:s0 tclass=service_manager permissive=0
[  153.015722][ T1054] SELinux: avc:  denied  { find } for pid=2085 uid=1000 name=vendor.qti.hardware.servicetrackeraidl.IServicetracker/default scontext=u:r:system_server:s0 tcontext=u:object_r:default_android_service:s0 tclass=service_manager permissive=0
[  154.372620][ T1054] SELinux: avc:  denied  { find } for pid=2085 uid=1000 name=vendor.qti.hardware.servicetrackeraidl.IServicetracker/default scontext=u:r:system_server:s0 tcontext=u:object_r:default_android_service:s0 tclass=service_manager permissive=0
[  154.375183][ T1054] SELinux: avc:  denied  { find } for pid=2085 uid=1000 name=vendor.qti.hardware.servicetrackeraidl.IServicetracker/default scontext=u:r:system_server:s0 tcontext=u:object_r:default_android_service:s0 tclass=service_manager permissive=0
[  154.386455][ T1054] SELinux: avc:  denied  { find } for pid=2085 uid=1000 name=vendor.qti.hardware.servicetrackeraidl.IServicetracker/default scontext=u:r:system_server:s0 tcontext=u:object_r:default_android_service:s0 tclass=service_manager permissive=0
[  154.387720][ T1054] SELinux: avc:  denied  { find } for pid=2085 uid=1000 name=vendor.qti.hardware.servicetrackeraidl.IServicetracker/default scontext=u:r:system_server:s0 tcontext=u:object_r:default_android_service:s0 tclass=service_manager permissive=0
[  154.415743][ T1054] SELinux: avc:  denied  { find } for pid=2085 uid=1000 name=vendor.qti.hardware.servicetrackeraidl.IServicetracker/default scontext=u:r:system_server:s0 tcontext=u:object_r:default_android_service:s0 tclass=service_manager permissive=0
[  154.417191][ T1054] SELinux: avc:  denied  { find } for pid=2085 uid=1000 name=vendor.qti.hardware.servicetrackeraidl.IServicetracker/default scontext=u:r:system_server:s0 tcontext=u:object_r:default_android_service:s0 tclass=service_manager permissive=0
[  154.423945][ T1054] SELinux: avc:  denied  { find } for pid=2085 uid=1000 name=vendor.qti.hardware.servicetrackeraidl.IServicetracker/default scontext=u:r:system_server:s0 tcontext=u:object_r:default_android_service:s0 tclass=service_manager permissive=0
[  158.671791][ T1054] SELinux: avc:  denied  { find } for pid=2085 uid=1000 name=vendor.qti.hardware.servicetrackeraidl.IServicetracker/default scontext=u:r:system_server:s0 tcontext=u:object_r:default_android_service:s0 tclass=service_manager permissive=0
[  158.673729][ T1054] SELinux: avc:  denied  { find } for pid=2085 uid=1000 name=vendor.qti.hardware.servicetrackeraidl.IServicetracker/default scontext=u:r:system_server:s0 tcontext=u:object_r:default_android_service:s0 tclass=service_manager permissive=0
[  158.682265][ T1054] SELinux: avc:  denied  { find } for pid=2085 uid=1000 name=vendor.qti.hardware.servicetrackeraidl.IServicetracker/default scontext=u:r:system_server:s0 tcontext=u:object_r:default_android_service:s0 tclass=service_manager permissive=0
[  158.682994][ T1054] SELinux: avc:  denied  { find } for pid=2085 uid=1000 name=vendor.qti.hardware.servicetrackeraidl.IServicetracker/default scontext=u:r:system_server:s0 tcontext=u:object_r:default_android_service:s0 tclass=service_manager permissive=0
[  158.709715][ T1054] SELinux: avc:  denied  { find } for pid=2085 uid=1000 name=vendor.qti.hardware.servicetrackeraidl.IServicetracker/default scontext=u:r:system_server:s0 tcontext=u:object_r:default_android_service:s0 tclass=service_manager permissive=0
[  158.710967][ T1054] SELinux: avc:  denied  { find } for pid=2085 uid=1000 name=vendor.qti.hardware.servicetrackeraidl.IServicetracker/default scontext=u:r:system_server:s0 tcontext=u:object_r:default_android_service:s0 tclass=service_manager permissive=0
[  158.726030][ T1054] SELinux: avc:  denied  { find } for pid=2085 uid=1000 name=vendor.qti.hardware.servicetrackeraidl.IServicetracker/default scontext=u:r:system_server:s0 tcontext=u:object_r:default_android_service:s0 tclass=service_manager permissive=0
[  158.727038][ T1054] SELinux: avc:  denied  { find } for pid=2085 uid=1000 name=vendor.qti.hardware.servicetrackeraidl.IServicetracker/default scontext=u:r:system_server:s0 tcontext=u:object_r:default_android_service:s0 tclass=service_manager permissive=0
[  162.412685][ T1054] SELinux: avc:  denied  { find } for pid=2085 uid=1000 name=vendor.qti.hardware.servicetrackeraidl.IServicetracker/default scontext=u:r:system_server:s0 tcontext=u:object_r:default_android_service:s0 tclass=service_manager permissive=0
[  162.884856][ T1054] SELinux: avc:  denied  { find } for pid=2085 uid=1000 name=vendor.qti.hardware.servicetrackeraidl.IServicetracker/default scontext=u:r:system_server:s0 tcontext=u:object_r:default_android_service:s0 tclass=service_manager permissive=0
[  165.083062][ T1054] SELinux: avc:  denied  { find } for pid=2085 uid=1000 name=vendor.qti.hardware.servicetrackeraidl.IServicetracker/default scontext=u:r:system_server:s0 tcontext=u:object_r:default_android_service:s0 tclass=service_manager permissive=0
[  165.083463][ T1054] SELinux: avc:  denied  { find } for pid=2085 uid=1000 name=vendor.qti.hardware.servicetrackeraidl.IServicetracker/default scontext=u:r:system_server:s0 tcontext=u:object_r:default_android_service:s0 tclass=service_manager permissive=0
[  165.084963][ T1054] SELinux: avc:  denied  { find } for pid=2085 uid=1000 name=vendor.qti.hardware.servicetrackeraidl.IServicetracker/default scontext=u:r:system_server:s0 tcontext=u:object_r:default_android_service:s0 tclass=service_manager permissive=0
[  165.089774][ T1054] SELinux: avc:  denied  { find } for pid=2085 uid=1000 name=vendor.qti.hardware.servicetrackeraidl.IServicetracker/default scontext=u:r:system_server:s0 tcontext=u:object_r:default_android_service:s0 tclass=service_manager permissive=0
[  165.096976][ T1054] SELinux: avc:  denied  { find } for pid=2085 uid=1000 name=vendor.qti.hardware.servicetrackeraidl.IServicetracker/default scontext=u:r:system_server:s0 tcontext=u:object_r:default_android_service:s0 tclass=service_manager permissive=0
[  165.098854][ T1054] SELinux: avc:  denied  { find } for pid=2085 uid=1000 name=vendor.qti.hardware.servicetrackeraidl.IServicetracker/default scontext=u:r:system_server:s0 tcontext=u:object_r:default_android_service:s0 tclass=service_manager permissive=0
[  165.102582][ T1054] SELinux: avc:  denied  { find } for pid=2085 uid=1000 name=vendor.qti.hardware.servicetrackeraidl.IServicetracker/default scontext=u:r:system_server:s0 tcontext=u:object_r:default_android_service:s0 tclass=service_manager permissive=0
[  165.103681][ T1054] SELinux: avc:  denied  { find } for pid=2085 uid=1000 name=vendor.qti.hardware.servicetrackeraidl.IServicetracker/default scontext=u:r:system_server:s0 tcontext=u:object_r:default_android_service:s0 tclass=service_manager permissive=0
[  165.107984][ T1054] SELinux: avc:  denied  { find } for pid=2085 uid=1000 name=vendor.qti.hardware.servicetrackeraidl.IServicetracker/default scontext=u:r:system_server:s0 tcontext=u:object_r:default_android_service:s0 tclass=service_manager permissive=0
[  165.108680][ T1054] SELinux: avc:  denied  { find } for pid=2085 uid=1000 name=vendor.qti.hardware.servicetrackeraidl.IServicetracker/default scontext=u:r:system_server:s0 tcontext=u:object_r:default_android_service:s0 tclass=service_manager permissive=0
[  166.445456][   T37] [kworke][0xfb0338e1][12:08:23.131571] wlan: [37:E:PMO] pmo_core_enable_wow_in_fw: FW not ready to WOW
[  169.654290][ T6809] i2c_geni a80000.i2c: i2c error :-107
[  171.508821][ T1054] SELinux: avc:  denied  { find } for pid=2085 uid=1000 name=vendor.qti.hardware.servicetrackeraidl.IServicetracker/default scontext=u:r:system_server:s0 tcontext=u:object_r:default_android_service:s0 tclass=service_manager permissive=0
[  180.586080][ T1054] SELinux: avc:  denied  { find } for pid=2085 uid=1000 name=vendor.qti.hardware.servicetrackeraidl.IServicetracker/default scontext=u:r:system_server:s0 tcontext=u:object_r:default_android_service:s0 tclass=service_manager permissive=0
[  180.652604][ T1054] SELinux: avc:  denied  { find } for pid=2085 uid=1000 name=vendor.qti.hardware.servicetrackeraidl.IServicetracker/default scontext=u:r:system_server:s0 tcontext=u:object_r:default_android_service:s0 tclass=service_manager permissive=0
[  180.660650][ T1054] SELinux: avc:  denied  { find } for pid=2085 uid=1000 name=vendor.qti.hardware.servicetrackeraidl.IServicetracker/default scontext=u:r:system_server:s0 tcontext=u:object_r:default_android_service:s0 tclass=service_manager permissive=0
[  180.759172][ T1054] SELinux: avc:  denied  { find } for pid=2085 uid=1000 name=vendor.qti.hardware.servicetrackeraidl.IServicetracker/default scontext=u:r:system_server:s0 tcontext=u:object_r:default_android_service:s0 tclass=service_manager permissive=0
[  181.485835][ T1054] SELinux: avc:  denied  { find } for pid=2085 uid=1000 name=vendor.qti.hardware.servicetrackeraidl.IServicetracker/default scontext=u:r:system_server:s0 tcontext=u:object_r:default_android_service:s0 tclass=service_manager permissive=0
[  186.749659][ T1054] SELinux: avc:  denied  { find } for pid=2085 uid=1000 name=vendor.qti.hardware.servicetrackeraidl.IServicetracker/default scontext=u:r:system_server:s0 tcontext=u:object_r:default_android_service:s0 tclass=service_manager permissive=0
[  188.153782][ T1054] SELinux: avc:  denied  { find } for pid=2085 uid=1000 name=vendor.qti.hardware.servicetrackeraidl.IServicetracker/default scontext=u:r:system_server:s0 tcontext=u:object_r:default_android_service:s0 tclass=service_manager permissive=0
[  193.416942][ T1054] SELinux: avc:  denied  { find } for pid=2085 uid=1000 name=vendor.qti.hardware.servicetrackeraidl.IServicetracker/default scontext=u:r:system_server:s0 tcontext=u:object_r:default_android_service:s0 tclass=service_manager permissive=0
[  193.700306][ T1054] SELinux: avc:  denied  { find } for pid=2085 uid=1000 name=vendor.qti.hardware.servicetrackeraidl.IServicetracker/default scontext=u:r:system_server:s0 tcontext=u:object_r:default_android_service:s0 tclass=service_manager permissive=0
[  193.703209][ T1054] SELinux: avc:  denied  { find } for pid=2085 uid=1000 name=vendor.qti.hardware.servicetrackeraidl.IServicetracker/default scontext=u:r:system_server:s0 tcontext=u:object_r:default_android_service:s0 tclass=service_manager permissive=0
[  193.715297][ T1054] SELinux: avc:  denied  { find } for pid=2085 uid=1000 name=vendor.qti.hardware.servicetrackeraidl.IServicetracker/default scontext=u:r:system_server:s0 tcontext=u:object_r:default_android_service:s0 tclass=service_manager permissive=0
[  193.719277][ T1054] SELinux: avc:  denied  { find } for pid=2085 uid=1000 name=vendor.qti.hardware.servicetrackeraidl.IServicetracker/default scontext=u:r:system_server:s0 tcontext=u:object_r:default_android_service:s0 tclass=service_manager permissive=0
[  193.721686][ T1054] SELinux: avc:  denied  { find } for pid=2085 uid=1000 name=vendor.qti.hardware.servicetrackeraidl.IServicetracker/default scontext=u:r:system_server:s0 tcontext=u:object_r:default_android_service:s0 tclass=service_manager permissive=0
[  193.778221][ T1054] SELinux: avc:  denied  { find } for pid=2085 uid=1000 name=vendor.qti.hardware.servicetrackeraidl.IServicetracker/default scontext=u:r:system_server:s0 tcontext=u:object_r:default_android_service:s0 tclass=service_manager permissive=0
[  193.781655][ T1054] SELinux: avc:  denied  { find } for pid=2085 uid=1000 name=vendor.qti.hardware.servicetrackeraidl.IServicetracker/default scontext=u:r:system_server:s0 tcontext=u:object_r:default_android_service:s0 tclass=service_manager permissive=0
[  193.795257][ T1054] SELinux: avc:  denied  { find } for pid=2085 uid=1000 name=vendor.qti.hardware.servicetrackeraidl.IServicetracker/default scontext=u:r:system_server:s0 tcontext=u:object_r:default_android_service:s0 tclass=service_manager permissive=0
[  193.939889][ T6202] audit: rate limit exceeded
[  193.949082][ T1054] SELinux: avc:  denied  { find } for pid=2085 uid=1000 name=vendor.qti.hardware.servicetrackeraidl.IServicetracker/default scontext=u:r:system_server:s0 tcontext=u:object_r:default_android_service:s0 tclass=service_manager permissive=0
[  199.627059][ T1054] SELinux: avc:  denied  { find } for pid=2085 uid=1000 name=vendor.qti.hardware.servicetrackeraidl.IServicetracker/default scontext=u:r:system_server:s0 tcontext=u:object_r:default_android_service:s0 tclass=service_manager permissive=0
[  199.748961][ T1054] SELinux: avc:  denied  { find } for pid=2085 uid=1000 name=vendor.qti.hardware.servicetrackeraidl.IServicetracker/default scontext=u:r:system_server:s0 tcontext=u:object_r:default_android_service:s0 tclass=service_manager permissive=0
[  201.313599][ T1054] SELinux: avc:  denied  { find } for pid=2085 uid=1000 name=vendor.qti.hardware.servicetrackeraidl.IServicetracker/default scontext=u:r:system_server:s0 tcontext=u:object_r:default_android_service:s0 tclass=service_manager permissive=0
[  201.540525][ T1054] SELinux: avc:  denied  { find } for pid=2085 uid=1000 name=vendor.qti.hardware.servicetrackeraidl.IServicetracker/default scontext=u:r:system_server:s0 tcontext=u:object_r:default_android_service:s0 tclass=service_manager permissive=0
[  201.769380][ T1054] SELinux: avc:  denied  { find } for pid=2085 uid=1000 name=vendor.qti.hardware.servicetrackeraidl.IServicetracker/default scontext=u:r:system_server:s0 tcontext=u:object_r:default_android_service:s0 tclass=service_manager permissive=0
[  209.362091][ T1054] SELinux: avc:  denied  { find } for pid=2085 uid=1000 name=vendor.qti.hardware.servicetrackeraidl.IServicetracker/default scontext=u:r:system_server:s0 tcontext=u:object_r:default_android_service:s0 tclass=service_manager permissive=0
[  209.368589][ T1054] SELinux: avc:  denied  { find } for pid=2085 uid=1000 name=vendor.qti.hardware.servicetrackeraidl.IServicetracker/default scontext=u:r:system_server:s0 tcontext=u:object_r:default_android_service:s0 tclass=service_manager permissive=0
[  209.382557][ T1054] SELinux: avc:  denied  { find } for pid=2085 uid=1000 name=vendor.qti.hardware.servicetrackeraidl.IServicetracker/default scontext=u:r:system_server:s0 tcontext=u:object_r:default_android_service:s0 tclass=service_manager permissive=0
[  209.425045][ T1054] SELinux: avc:  denied  { find } for pid=2085 uid=1000 name=vendor.qti.hardware.servicetrackeraidl.IServicetracker/default scontext=u:r:system_server:s0 tcontext=u:object_r:default_android_service:s0 tclass=service_manager permissive=0
[  209.556477][ T1054] SELinux: avc:  denied  { find } for pid=2085 uid=1000 name=vendor.qti.hardware.servicetrackeraidl.IServicetracker/default scontext=u:r:system_server:s0 tcontext=u:object_r:default_android_service:s0 tclass=service_manager permissive=0
[  209.558515][ T1054] SELinux: avc:  denied  { find } for pid=2085 uid=1000 name=vendor.qti.hardware.servicetrackeraidl.IServicetracker/default scontext=u:r:system_server:s0 tcontext=u:object_r:default_android_service:s0 tclass=service_manager permissive=0
[  209.562416][ T1054] SELinux: avc:  denied  { find } for pid=2085 uid=1000 name=vendor.qti.hardware.servicetrackeraidl.IServicetracker/default scontext=u:r:system_server:s0 tcontext=u:object_r:default_android_service:s0 tclass=service_manager permissive=0
[  209.569237][ T1054] SELinux: avc:  denied  { find } for pid=2085 uid=1000 name=vendor.qti.hardware.servicetrackeraidl.IServicetracker/default scontext=u:r:system_server:s0 tcontext=u:object_r:default_android_service:s0 tclass=service_manager permissive=0
[  209.571141][ T1054] SELinux: avc:  denied  { find } for pid=2085 uid=1000 name=vendor.qti.hardware.servicetrackeraidl.IServicetracker/default scontext=u:r:system_server:s0 tcontext=u:object_r:default_android_service:s0 tclass=service_manager permissive=0
[  209.572702][ T1054] SELinux: avc:  denied  { find } for pid=2085 uid=1000 name=vendor.qti.hardware.servicetrackeraidl.IServicetracker/default scontext=u:r:system_server:s0 tcontext=u:object_r:default_android_service:s0 tclass=service_manager permissive=0
[  216.555671][ T1054] SELinux: avc:  denied  { find } for pid=2085 uid=1000 name=vendor.qti.hardware.servicetrackeraidl.IServicetracker/default scontext=u:r:system_server:s0 tcontext=u:object_r:default_android_service:s0 tclass=service_manager permissive=0
[  216.558571][ T1054] SELinux: avc:  denied  { find } for pid=2085 uid=1000 name=vendor.qti.hardware.servicetrackeraidl.IServicetracker/default scontext=u:r:system_server:s0 tcontext=u:object_r:default_android_service:s0 tclass=service_manager permissive=0
[  230.878982][ T1054] SELinux: avc:  denied  { find } for pid=2085 uid=1000 name=vendor.qti.hardware.servicetrackeraidl.IServicetracker/default scontext=u:r:system_server:s0 tcontext=u:object_r:default_android_service:s0 tclass=service_manager permissive=0
[  231.388562][ T1054] SELinux: avc:  denied  { find } for pid=2085 uid=1000 name=vendor.qti.hardware.servicetrackeraidl.IServicetracker/default scontext=u:r:system_server:s0 tcontext=u:object_r:default_android_service:s0 tclass=service_manager permissive=0
[  231.398920][ T1054] SELinux: avc:  denied  { find } for pid=2085 uid=1000 name=vendor.qti.hardware.servicetrackeraidl.IServicetracker/default scontext=u:r:system_server:s0 tcontext=u:object_r:default_android_service:s0 tclass=service_manager permissive=0
[  231.411228][ T1054] SELinux: avc:  denied  { find } for pid=2085 uid=1000 name=vendor.qti.hardware.servicetrackeraidl.IServicetracker/default scontext=u:r:system_server:s0 tcontext=u:object_r:default_android_service:s0 tclass=service_manager permissive=0
[  231.411935][ T1054] SELinux: avc:  denied  { find } for pid=2085 uid=1000 name=vendor.qti.hardware.servicetrackeraidl.IServicetracker/default scontext=u:r:system_server:s0 tcontext=u:object_r:default_android_service:s0 tclass=service_manager permissive=0
[  238.898624][  T780] gsi soc:qcom,msm_gsi: gsi_stop_channel:3615 chan=1 busy try again
[  238.901319][  T780] gsi soc:qcom,msm_gsi: gsi_stop_channel:3615 chan=14 busy try again
[  240.849964][  T780] gsi soc:qcom,msm_gsi: gsi_stop_channel:3615 chan=1 busy try again
[  240.852681][  T780] gsi soc:qcom,msm_gsi: gsi_stop_channel:3615 chan=14 busy try again
[  245.926028][ T1054] SELinux: avc:  denied  { find } for pid=2085 uid=1000 name=vendor.qti.hardware.servicetrackeraidl.IServicetracker/default scontext=u:r:system_server:s0 tcontext=u:object_r:default_android_service:s0 tclass=service_manager permissive=0
[  253.911764][ T1054] SELinux: avc:  denied  { find } for pid=2085 uid=1000 name=vendor.qti.hardware.servicetrackeraidl.IServicetracker/default scontext=u:r:system_server:s0 tcontext=u:object_r:default_android_service:s0 tclass=service_manager permissive=0
[  253.916377][ T1054] SELinux: avc:  denied  { find } for pid=2085 uid=1000 name=vendor.qti.hardware.servicetrackeraidl.IServicetracker/default scontext=u:r:system_server:s0 tcontext=u:object_r:default_android_service:s0 tclass=service_manager permissive=0
[  254.317269][ T1054] SELinux: avc:  denied  { find } for pid=2085 uid=1000 name=vendor.qti.hardware.servicetrackeraidl.IServicetracker/default scontext=u:r:system_server:s0 tcontext=u:object_r:default_android_service:s0 tclass=service_manager permissive=0
[  254.380399][ T1054] SELinux: avc:  denied  { find } for pid=2085 uid=1000 name=vendor.qti.hardware.servicetrackeraidl.IServicetracker/default scontext=u:r:system_server:s0 tcontext=u:object_r:default_android_service:s0 tclass=service_manager permissive=0
[  254.383484][ T1054] SELinux: avc:  denied  { find } for pid=2085 uid=1000 name=vendor.qti.hardware.servicetrackeraidl.IServicetracker/default scontext=u:r:system_server:s0 tcontext=u:object_r:default_android_service:s0 tclass=service_manager permissive=0
[  263.997833][ T1054] SELinux: avc:  denied  { find } for pid=2085 uid=1000 name=vendor.qti.hardware.servicetrackeraidl.IServicetracker/default scontext=u:r:system_server:s0 tcontext=u:object_r:default_android_service:s0 tclass=service_manager permissive=0
[  263.998615][ T1054] SELinux: avc:  denied  { find } for pid=2085 uid=1000 name=vendor.qti.hardware.servicetrackeraidl.IServicetracker/default scontext=u:r:system_server:s0 tcontext=u:object_r:default_android_service:s0 tclass=service_manager permissive=0
[  264.003994][ T1054] SELinux: avc:  denied  { find } for pid=2085 uid=1000 name=vendor.qti.hardware.servicetrackeraidl.IServicetracker/default scontext=u:r:system_server:s0 tcontext=u:object_r:default_android_service:s0 tclass=service_manager permissive=0
[  264.009669][ T1054] SELinux: avc:  denied  { find } for pid=2085 uid=1000 name=vendor.qti.hardware.servicetrackeraidl.IServicetracker/default scontext=u:r:system_server:s0 tcontext=u:object_r:default_android_service:s0 tclass=service_manager permissive=0
[  264.013006][ T1054] SELinux: avc:  denied  { find } for pid=2085 uid=1000 name=vendor.qti.hardware.servicetrackeraidl.IServicetracker/default scontext=u:r:system_server:s0 tcontext=u:object_r:default_android_service:s0 tclass=service_manager permissive=0
[  264.020855][ T1054] SELinux: avc:  denied  { find } for pid=2085 uid=1000 name=vendor.qti.hardware.servicetrackeraidl.IServicetracker/default scontext=u:r:system_server:s0 tcontext=u:object_r:default_android_service:s0 tclass=service_manager permissive=0
[  264.027016][ T1054] SELinux: avc:  denied  { find } for pid=2085 uid=1000 name=vendor.qti.hardware.servicetrackeraidl.IServicetracker/default scontext=u:r:system_server:s0 tcontext=u:object_r:default_android_service:s0 tclass=service_manager permissive=0
[  264.069943][ T1054] SELinux: avc:  denied  { find } for pid=2085 uid=1000 name=vendor.qti.hardware.servicetrackeraidl.IServicetracker/default scontext=u:r:system_server:s0 tcontext=u:object_r:default_android_service:s0 tclass=service_manager permissive=0
[  264.071442][ T1054] SELinux: avc:  denied  { find } for pid=2085 uid=1000 name=vendor.qti.hardware.servicetrackeraidl.IServicetracker/default scontext=u:r:system_server:s0 tcontext=u:object_r:default_android_service:s0 tclass=service_manager permissive=0
[  264.100694][ T1054] SELinux: avc:  denied  { find } for pid=2085 uid=1000 name=vendor.qti.hardware.servicetrackeraidl.IServicetracker/default scontext=u:r:system_server:s0 tcontext=u:object_r:default_android_service:s0 tclass=service_manager permissive=0
[  268.593082][    C0] [soft_i][0x16fe94930][12:10:05.279201] wlan: [0:E:REGULATORY] reg_is_fcc_regdmn: Failed to get reg domain
[  269.180333][ T1054] SELinux: avc:  denied  { find } for pid=2085 uid=1000 name=vendor.qti.hardware.servicetrackeraidl.IServicetracker/default scontext=u:r:system_server:s0 tcontext=u:object_r:default_android_service:s0 tclass=service_manager permissive=0
[  269.237518][    C0] [soft_i][0x170a615e8][12:10:05.923637] wlan: [0:E:REGULATORY] reg_is_fcc_regdmn: Failed to get reg domain
[  269.380618][ T1054] SELinux: avc:  denied  { find } for pid=2085 uid=1000 name=vendor.qti.hardware.servicetrackeraidl.IServicetracker/default scontext=u:r:system_server:s0 tcontext=u:object_r:default_android_service:s0 tclass=service_manager permissive=0
[  269.385434][ T1054] SELinux: avc:  denied  { find } for pid=2085 uid=1000 name=vendor.qti.hardware.servicetrackeraidl.IServicetracker/default scontext=u:r:system_server:s0 tcontext=u:object_r:default_android_service:s0 tclass=service_manager permissive=0
[  269.951152][ T1054] SELinux: avc:  denied  { find } for pid=2085 uid=1000 name=vendor.qti.hardware.servicetrackeraidl.IServicetracker/default scontext=u:r:system_server:s0 tcontext=u:object_r:default_android_service:s0 tclass=service_manager permissive=0
[  269.962406][ T1054] SELinux: avc:  denied  { find } for pid=2085 uid=1000 name=vendor.qti.hardware.servicetrackeraidl.IServicetracker/default scontext=u:r:system_server:s0 tcontext=u:object_r:default_android_service:s0 tclass=service_manager permissive=0
[  269.965467][ T1054] SELinux: avc:  denied  { find } for pid=2085 uid=1000 name=vendor.qti.hardware.servicetrackeraidl.IServicetracker/default scontext=u:r:system_server:s0 tcontext=u:object_r:default_android_service:s0 tclass=service_manager permissive=0
[  269.971256][ T1054] SELinux: avc:  denied  { find } for pid=2085 uid=1000 name=vendor.qti.hardware.servicetrackeraidl.IServicetracker/default scontext=u:r:system_server:s0 tcontext=u:object_r:default_android_service:s0 tclass=service_manager permissive=0
[  269.977785][ T1054] SELinux: avc:  denied  { find } for pid=2085 uid=1000 name=vendor.qti.hardware.servicetrackeraidl.IServicetracker/default scontext=u:r:system_server:s0 tcontext=u:object_r:default_android_service:s0 tclass=service_manager permissive=0
[  269.980707][ T1054] SELinux: avc:  denied  { find } for pid=2085 uid=1000 name=vendor.qti.hardware.servicetrackeraidl.IServicetracker/default scontext=u:r:system_server:s0 tcontext=u:object_r:default_android_service:s0 tclass=service_manager permissive=0
[  269.981979][ T1054] SELinux: avc:  denied  { find } for pid=2085 uid=1000 name=vendor.qti.hardware.servicetrackeraidl.IServicetracker/default scontext=u:r:system_server:s0 tcontext=u:object_r:default_android_service:s0 tclass=service_manager permissive=0
[  273.327588][    C0] [soft_i][0x1755453a8][12:10:10.013634] wlan: [0:E:REGULATORY] reg_is_fcc_regdmn: Failed to get reg domain
[  274.318834][ T1054] SELinux: avc:  denied  { find } for pid=2085 uid=1000 name=vendor.qti.hardware.servicetrackeraidl.IServicetracker/default scontext=u:r:system_server:s0 tcontext=u:object_r:default_android_service:s0 tclass=service_manager permissive=0
[  275.137177][ T1054] SELinux: avc:  denied  { find } for pid=2085 uid=1000 name=vendor.qti.hardware.servicetrackeraidl.IServicetracker/default scontext=u:r:system_server:s0 tcontext=u:object_r:default_android_service:s0 tclass=service_manager permissive=0
[  275.606362][ T1054] SELinux: avc:  denied  { find } for pid=2085 uid=1000 name=vendor.qti.hardware.servicetrackeraidl.IServicetracker/default scontext=u:r:system_server:s0 tcontext=u:object_r:default_android_service:s0 tclass=service_manager permissive=0
[  276.535281][ T1054] SELinux: avc:  denied  { find } for pid=2085 uid=1000 name=vendor.qti.hardware.servicetrackeraidl.IServicetracker/default scontext=u:r:system_server:s0 tcontext=u:object_r:default_android_service:s0 tclass=service_manager permissive=0
[  276.740470][ T1054] SELinux: avc:  denied  { find } for pid=2085 uid=1000 name=vendor.qti.hardware.servicetrackeraidl.IServicetracker/default scontext=u:r:system_server:s0 tcontext=u:object_r:default_android_service:s0 tclass=service_manager permissive=0
[  277.415142][ T1054] SELinux: avc:  denied  { find } for pid=2085 uid=1000 name=vendor.qti.hardware.servicetrackeraidl.IServicetracker/default scontext=u:r:system_server:s0 tcontext=u:object_r:default_android_service:s0 tclass=service_manager permissive=0
[  277.480070][ T1054] SELinux: avc:  denied  { find } for pid=2085 uid=1000 name=vendor.qti.hardware.servicetrackeraidl.IServicetracker/default scontext=u:r:system_server:s0 tcontext=u:object_r:default_android_service:s0 tclass=service_manager permissive=0
[  277.482455][ T1054] SELinux: avc:  denied  { find } for pid=2085 uid=1000 name=vendor.qti.hardware.servicetrackeraidl.IServicetracker/default scontext=u:r:system_server:s0 tcontext=u:object_r:default_android_service:s0 tclass=service_manager permissive=0
[  279.199093][ T1054] SELinux: avc:  denied  { find } for pid=2085 uid=1000 name=vendor.qti.hardware.servicetrackeraidl.IServicetracker/default scontext=u:r:system_server:s0 tcontext=u:object_r:default_android_service:s0 tclass=service_manager permissive=0
[  279.340853][ T1054] SELinux: avc:  denied  { find } for pid=2085 uid=1000 name=vendor.qti.hardware.servicetrackeraidl.IServicetracker/default scontext=u:r:system_server:s0 tcontext=u:object_r:default_android_service:s0 tclass=service_manager permissive=0
[  279.347105][ T1054] SELinux: avc:  denied  { find } for pid=2085 uid=1000 name=vendor.qti.hardware.servicetrackeraidl.IServicetracker/default scontext=u:r:system_server:s0 tcontext=u:object_r:default_android_service:s0 tclass=service_manager permissive=0
[  279.349827][ T1054] SELinux: avc:  denied  { find } for pid=2085 uid=1000 name=vendor.qti.hardware.servicetrackeraidl.IServicetracker/default scontext=u:r:system_server:s0 tcontext=u:object_r:default_android_service:s0 tclass=service_manager permissive=0
[  279.355553][ T1054] SELinux: avc:  denied  { find } for pid=2085 uid=1000 name=vendor.qti.hardware.servicetrackeraidl.IServicetracker/default scontext=u:r:system_server:s0 tcontext=u:object_r:default_android_service:s0 tclass=service_manager permissive=0
[  279.359014][ T1054] SELinux: avc:  denied  { find } for pid=2085 uid=1000 name=vendor.qti.hardware.servicetrackeraidl.IServicetracker/default scontext=u:r:system_server:s0 tcontext=u:object_r:default_android_service:s0 tclass=service_manager permissive=0
[  279.419957][ T1054] SELinux: avc:  denied  { find } for pid=2085 uid=1000 name=vendor.qti.hardware.servicetrackeraidl.IServicetracker/default scontext=u:r:system_server:s0 tcontext=u:object_r:default_android_service:s0 tclass=service_manager permissive=0
[  281.940744][ T1054] SELinux: avc:  denied  { find } for pid=2085 uid=1000 name=vendor.qti.hardware.servicetrackeraidl.IServicetracker/default scontext=u:r:system_server:s0 tcontext=u:object_r:default_android_service:s0 tclass=service_manager permissive=0
[  289.531305][ T2082] [kworke][0x187df874c][12:10:26.217417] wlan: [2082:E:PMO] pmo_core_enable_wow_in_fw: FW not ready to WOW
[  290.362086][ T1054] SELinux: avc:  denied  { find } for pid=2085 uid=1000 name=vendor.qti.hardware.servicetrackeraidl.IServicetracker/default scontext=u:r:system_server:s0 tcontext=u:object_r:default_android_service:s0 tclass=service_manager permissive=0
[  290.655621][ T1054] SELinux: avc:  denied  { find } for pid=2085 uid=1000 name=vendor.qti.hardware.servicetrackeraidl.IServicetracker/default scontext=u:r:system_server:s0 tcontext=u:object_r:default_android_service:s0 tclass=service_manager permissive=0
[  290.656700][ T1054] SELinux: avc:  denied  { find } for pid=2085 uid=1000 name=vendor.qti.hardware.servicetrackeraidl.IServicetracker/default scontext=u:r:system_server:s0 tcontext=u:object_r:default_android_service:s0 tclass=service_manager permissive=0
[  290.673915][ T1054] SELinux: avc:  denied  { find } for pid=2085 uid=1000 name=vendor.qti.hardware.servicetrackeraidl.IServicetracker/default scontext=u:r:system_server:s0 tcontext=u:object_r:default_android_service:s0 tclass=service_manager permissive=0
[  290.674512][ T1054] SELinux: avc:  denied  { find } for pid=2085 uid=1000 name=vendor.qti.hardware.servicetrackeraidl.IServicetracker/default scontext=u:r:system_server:s0 tcontext=u:object_r:default_android_service:s0 tclass=service_manager permissive=0
[  290.694418][ T1779] i2c_geni 888000.i2c: i2c error :-107
[  290.695745][ T1054] SELinux: avc:  denied  { find } for pid=2085 uid=1000 name=vendor.qti.hardware.servicetrackeraidl.IServicetracker/default scontext=u:r:system_server:s0 tcontext=u:object_r:default_android_service:s0 tclass=service_manager permissive=0
[  290.703943][ T1054] SELinux: avc:  denied  { find } for pid=2085 uid=1000 name=vendor.qti.hardware.servicetrackeraidl.IServicetracker/default scontext=u:r:system_server:s0 tcontext=u:object_r:default_android_service:s0 tclass=service_manager permissive=0
[  290.706632][ T1054] SELinux: avc:  denied  { find } for pid=2085 uid=1000 name=vendor.qti.hardware.servicetrackeraidl.IServicetracker/default scontext=u:r:system_server:s0 tcontext=u:object_r:default_android_service:s0 tclass=service_manager permissive=0
[  290.707899][ T1054] SELinux: avc:  denied  { find } for pid=2085 uid=1000 name=vendor.qti.hardware.servicetrackeraidl.IServicetracker/default scontext=u:r:system_server:s0 tcontext=u:object_r:default_android_service:s0 tclass=service_manager permissive=0
[  290.709187][ T1054] SELinux: avc:  denied  { find } for pid=2085 uid=1000 name=vendor.qti.hardware.servicetrackeraidl.IServicetracker/default scontext=u:r:system_server:s0 tcontext=u:object_r:default_android_service:s0 tclass=service_manager permissive=0
[  295.401455][ T1054] SELinux: avc:  denied  { find } for pid=2085 uid=1000 name=vendor.qti.hardware.servicetrackeraidl.IServicetracker/default scontext=u:r:system_server:s0 tcontext=u:object_r:default_android_service:s0 tclass=service_manager permissive=0
[  298.331070][ T1054] SELinux: avc:  denied  { find } for pid=2085 uid=1000 name=vendor.qti.hardware.servicetrackeraidl.IServicetracker/default scontext=u:r:system_server:s0 tcontext=u:object_r:default_android_service:s0 tclass=service_manager permissive=0
[  298.339500][ T1054] SELinux: avc:  denied  { find } for pid=2085 uid=1000 name=vendor.qti.hardware.servicetrackeraidl.IServicetracker/default scontext=u:r:system_server:s0 tcontext=u:object_r:default_android_service:s0 tclass=service_manager permissive=0
[  302.484140][T22354] Unable to handle kernel NULL pointer dereference at virtual address 0000000000000000
[  302.484187][T22354] Mem abort info:
[  302.484195][T22354]   ESR = 0x96000005
[  302.484202][T22354]   EC = 0x25: DABT (current EL), IL = 32 bits
[  302.484211][T22354]   SET = 0, FnV = 0
[  302.484217][T22354]   EA = 0, S1PTW = 0
[  302.484225][T22354]   FSC = 0x05: level 1 translation fault
[  302.484234][T22354] Data abort info:
[  302.484240][T22354]   ISV = 0, ISS = 0x00000005
[  302.484250][T22354]   CM = 0, WnR = 0
[  302.484258][T22354] user pgtable: 4k pages, 39-bit VAs, pgdp=000000095c72e000
[  302.484268][T22354] [0000000000000000] pgd=0000000000000000, p4d=0000000000000000, pud=0000000000000000
[  302.484296][T22354] Internal error: Oops: 0000000096000005 [#1] PREEMPT SMP
[  302.484715][T22354] Skip md ftrace buffer dump for: 0x1609e0
[  302.485915][T22354] Code: f9401f9b b8bfc108 11000508 b9001348 (b8bfc368) 
[  302.513976][T22354] Kernel panic - not syncing: Oops: Fatal exception
[  302.513995][T22354] SMP: stopping secondary CPUs
[  302.514029][    C3] VendorHooks: CPU3: stopping
[  302.514193][    C2] VendorHooks: CPU2: stopping
[  302.514356][    C0] VendorHooks: CPU0: stopping
[  302.514547][    C4] VendorHooks: CPU4: stopping
[  302.514703][    C5] VendorHooks: CPU5: stopping
[  302.514890][    C6] VendorHooks: CPU6: stopping
[  302.515064][    C7] VendorHooks: CPU7: stopping
[  302.515506][T22354] ipa ipa3_panic_notifier:7608 IPA clk off not saving the IPA registers
[  302.515527][T22354] ipa ipa3_panic_notifier:7626 
[  302.515527][T22354] ---- Active Clients Table ----
[  302.515527][T22354] 
[  302.515527][T22354] Total active clients count: 0
[  302.515527][T22354] 
[  302.563921][T22354] cpufreq_hw_debug: cpufreq_panic_callback: FREQUENCY DOMAIN 0
[  302.563948][T22354] cpufreq_hw_debug: cpufreq_panic_callback:        PERF_STATE_DESIRED: 0x0000000f
[  302.563960][T22354] cpufreq_hw_debug: cpufreq_panic_callback:            CYCLE_CNTR_VAL: 0x6f40dd12
[  302.563970][T22354] cpufreq_hw_debug: cpufreq_panic_callback:             PSTATE_STATUS: 0x31800f69
[  302.563978][T22354] cpufreq_hw_debug: cpufreq_panic_callback:         EPSS_DEBUG_STATUS: 0x31810f69
[  302.563986][T22354] cpufreq_hw_debug: cpufreq_panic_callback:            EPSS_DEBUG_SRB: 0x00000000
[  302.563994][T22354] cpufreq_hw_debug: cpufreq_panic_callback:            EPSS_DEBUG_LUT: 0x40030010
[  302.564002][T22354] cpufreq_hw_debug: cpufreq_panic_callback: FREQUENCY DOMAIN 1
[  302.564010][T22354] cpufreq_hw_debug: cpufreq_panic_callback:        PERF_STATE_DESIRED: 0x00000003
[  302.564017][T22354] cpufreq_hw_debug: cpufreq_panic_callback:            CYCLE_CNTR_VAL: 0xa1a3c8e2
[  302.564024][T22354] cpufreq_hw_debug: cpufreq_panic_callback:             PSTATE_STATUS: 0x2680032c
[  302.564032][T22354] cpufreq_hw_debug: cpufreq_panic_callback:         EPSS_DEBUG_STATUS: 0x2681032c
[  302.564038][T22354] cpufreq_hw_debug: cpufreq_panic_callback:            EPSS_DEBUG_SRB: 0x00000001
[  302.564046][T22354] cpufreq_hw_debug: cpufreq_panic_callback:            EPSS_DEBUG_LUT: 0x4005001a
[  302.564053][T22354] cpufreq_hw_debug: cpufreq_panic_callback: FREQUENCY DOMAIN 2
[  302.564060][T22354] cpufreq_hw_debug: cpufreq_panic_callback:        PERF_STATE_DESIRED: 0x00000002
[  302.564068][T22354] cpufreq_hw_debug: cpufreq_panic_callback:            CYCLE_CNTR_VAL: 0x87686ef1
[  302.564075][T22354] cpufreq_hw_debug: cpufreq_panic_callback:             PSTATE_STATUS: 0x2600043b
[  302.564082][T22354] cpufreq_hw_debug: cpufreq_panic_callback:         EPSS_DEBUG_STATUS: 0x2601043b
[  302.564090][T22354] cpufreq_hw_debug: cpufreq_panic_callback:            EPSS_DEBUG_SRB: 0x00000001
[  302.564098][T22354] cpufreq_hw_debug: cpufreq_panic_callback:            EPSS_DEBUG_LUT: 0x4005001f
[  302.564116][T22354] kgsl kgsl-3d0: snapshot: device is powered off
[  302.764230][T22354] Kernel Offset: 0x13fc200000 from 0xffffffc008000000
[  302.764239][T22354] PHYS_OFFSET: 0x80000000
[  302.764246][T22354] CPU features: 0x1,00280381,79b34edb
[  302.764258][T22354] Memory Limit: none
[  302.798142][T22354] gh-watchdog hypervisor:qcom,gh-watchdog: Causing a QCOM Apps Watchdog bite!
[  302.798176][T22354] gh-watchdog hypervisor:qcom,gh-watchdog: vWdog-CTL: 1, vWdog-time since last pet: 282, vWdog-expired status: 1

------ 0.005s was the duration of 'LAST KMSG' ------
------ SHUTDOWN CHECKPOINTS (/data/system/shutdown-checkpoints/checkpoints-1789704058173: 2026-09-18 00:00:58) ------
